item_id,strat_category,agreement_bin,swap_direction,name_swapped,gendered_swapped,invariance_class,needs_review,justification,text,swapped
400173,ideological_inequality,low,F2M,False,True,SHIFTING,True,sexist + woman-focused gendered token swapped; construct likely shifts (author adjudication),"Amazing that the GOP is trying to take away our ability to dispose of a bundle of cells that are unplanned, a result of a traumatic experience or dangerous for a woman to carry but as soon as those cells are an actual child, gun rights are more important than the child's life.","Amazing that the GOP is trying to take away our ability to dispose of a bundle of cells that are unplanned, a result of a traumatic experience or dangerous for a man to carry but as soon as those cells are an actual child, gun rights are more important than the child's life."
200458,ideological_inequality,low,F2M,False,True,SHIFTING,True,sexist + woman-focused gendered token swapped; construct likely shifts (author adjudication),"@JasperLufkin @HaydenGr3y Traditional feminists don't tolerate this shit, only third wave nu-feminists do. Don't blame all women for this mockery. It's only the pick-mes who want to virtue signal, and not legitimate first wave feminists","@JasperLufkin @HaydenGr3y Traditional feminists don't tolerate this shit, only third wave nu-feminists do. Don't blame all men for this mockery. It's only the pick-mes who want to virtue signal, and not legitimate first wave feminists"
202603,ideological_inequality,low,F2M,False,True,SHIFTING,True,sexist + woman-focused gendered token swapped; construct likely shifts (author adjudication),@shirleneobuobi Many women in Cardiology are discussing this superwoman syndrome…. have you see this by @DrRachelMBond ⬇️ https://t.co/fBoXQoy8II,@shirleneobuobi Many men in Cardiology are discussing this superwoman syndrome…. have you see this by @DrRachelMBond ⬇️ https://t.co/fBoXQoy8II
200593,ideological_inequality,high,M2F,False,True,INVARIANT,False,majority not-sexist; label stays not-sexist under swap,51% offUse code DDD06JAN.Reusable Cloth Face Mask With 3-ply Adjustable Ear Loops &amp; Nose Wire Breathable for Adult Men and Wo.https://t.co/jm3HmB4PZj#amazon #deals #discount #offer https://t.co/ld2clOi4Vd,51% offUse code DDD06JAN.Reusable Cloth Face Mask With 3-ply Adjustable Ear Loops &amp; Nose Wire Breathable for Adult Women and Wo.https://t.co/jm3HmB4PZj#amazon #deals #discount #offer https://t.co/ld2clOi4Vd
203153,ideological_inequality,mixed,M2F,False,True,SHIFTING,True,sexist + woman-focused gendered token swapped; construct likely shifts (author adjudication),"As we celebrate #MLK don’t forget that we wouldn’t know who he is if it wasn’t for the phenomenal organizer #EllaBaker! In addition to all the other civil rights men, who’ve been historically centered, while Queer, Transgender &amp; Cis Black Womyn arent!https://t.co/P9FEaAlLe6 https://t.co/EBraegYcry https://t.co/ePZPlEiNYa","As we celebrate #MLK don’t forget that we wouldn’t know who she is if it wasn’t for the phenomenal organizer #EllaBaker! In addition to all the other civil rights women, who’ve been historically centered, while Queer, Transgender &amp; Cis Black Womyn arent!https://t.co/P9FEaAlLe6 https://t.co/EBraegYcry https://t.co/ePZPlEiNYa"
200503,ideological_inequality,high,MIXED,False,True,SHIFTING,True,sexist + woman-focused gendered token swapped; construct likely shifts (author adjudication),"@ZStekkel I hate to say this and a SJW call me sexist but, women think every single thing within their sex is a competition. Almost as if they get more jealous of success than men. I'm mostly intrigued why this is something I've noticed over my 33 years alive. (I also have a sister haha)","@ZStekkel I hate to say this and a SJW call me sexist but, men think every single thing within their sex is a competition. Almost as if they get more jealous of success than women. I'm mostly intrigued why this is something I've noticed over my 33 years alive. (I also have a brother haha)"
203113,ideological_inequality,high,F2M,False,True,SHIFTING,True,sexist + woman-focused gendered token swapped; construct likely shifts (author adjudication),“The hypocrisy is not lost on any of us that a bunch of people running around shouting about bodily freedom when it comes to vaccination—are the same ones who think women shouldn’t be able to decide whether or not they wish to be pregnant.” @abbygardner https://t.co/CwhFYNyC14,“The hypocrisy is not lost on any of us that a bunch of people running around shouting about bodily freedom when it comes to vaccination—are the same ones who think men shouldn’t be able to decide whether or not they wish to be pregnant.” @abbygardner https://t.co/CwhFYNyC14
400457,ideological_inequality,high,F2M,False,True,SHIFTING,True,sexist + woman-focused gendered token swapped; construct likely shifts (author adjudication),@lykachu_ God the comments on this post are all so idiotic I hate Twitter i hate you all“I women don’t know how condoms work neither do you” you act like you’ve never bought the wrong sized pad or tampon“THEYRE TELLING US WHAT TO DO WITG OUR BODIES” no she doesn’t want a baby or STDs,@lykachu_ God the comments on this post are all so idiotic I hate Twitter i hate you all“I men don’t know how condoms work neither do you” you act like you’ve never bought the wrong sized pad or tampon“THEYRE TELLING US WHAT TO DO WITG OUR BODIES” no he doesn’t want a baby or STDs
200644,ideological_inequality,high,M2F,False,True,INVARIANT,False,majority not-sexist; label stays not-sexist under swap,"@NutDivide A year of cock tease over how full it is. Well played, sir, well played. I do wonder though, at this rate, if Biden does 4 years, are you gonna need a bigger jar..?","@NutDivide A year of cock tease over how full it is. Well played, madam, well played. I do wonder though, at this rate, if Biden does 4 years, are you gonna need a bigger jar..?"
201277,ideological_inequality,mixed,F2M,False,True,INVARIANT,False,majority not-sexist; label stays not-sexist under swap,@TortieCats I understand the issues you are raising. I just hold much more acceptance for trans folks than you do. I love the trans women in my feminist community. As a 41 yr old i recognise that language around gender identity is being worked out by ppl much younger than me &amp; I'm happy to..,@TortieCats I understand the issues you are raising. I just hold much more acceptance for trans folks than you do. I love the trans men in my feminist community. As a 41 yr old i recognise that language around gender identity is being worked out by ppl much younger than me &amp; I'm happy to..
200050,ideological_inequality,low,F2M,False,True,SHIFTING,True,sexist + woman-focused gendered token swapped; construct likely shifts (author adjudication),@yo_its_simba Here's the link to the full commenthttps://t.co/jyK30AdYqaShe was a trans girl and was harassed a ton for that edited screenshot to the point of deleting the post entirelyI'd suggest deleting this,@yo_its_simba Here's the link to the full commenthttps://t.co/jyK30AdYqaShe was a trans boy and was harassed a ton for that edited screenshot to the point of deleting the post entirelyI'd suggest deleting this
201620,ideological_inequality,mixed,F2M,False,True,SHIFTING,True,sexist + woman-focused gendered token swapped; construct likely shifts (author adjudication),@_tiffiny_m Him and my mom is the same age is she’s living her best life 🤣🤣🤣🤣🤣🤣. Clearly the ladies don’t want him to go,@_tiffiny_m Him and my dad is the same age is he’s living his best life 🤣🤣🤣🤣🤣🤣. Clearly the gentlemen don’t want him to go
202997,ideological_inequality,high,F2M,False,True,SHIFTING,True,sexist + woman-focused gendered token swapped; construct likely shifts (author adjudication),@DcCrasherLGBTQ but why do you think trans women are targeted though. with transphobia enacted on transfems its bc the oppressors see a desire for femininity as wrong and predatory so its on the basis of womanhood and transness. while transmascs are targeted bc of their transness only,@DcCrasherLGBTQ but why do you think trans men are targeted though. with transphobia enacted on transfems its bc the oppressors see a desire for femininity as wrong and predatory so its on the basis of womanhood and transness. while transmascs are targeted bc of their transness only
200485,ideological_inequality,high,MIXED,False,True,SHIFTING,True,sexist + woman-focused gendered token swapped; construct likely shifts (author adjudication),@TheTodayShow Did Jenny feel sick when her husband bullied Christine Holgate out of her job?When Australians were issued fraudulent debt notices #robodebt and many committed suicide? When a young family from #HomeToBilo we’re dragged from their beds in the early hours of the morning?,@TheTodayShow Did Jenny feel sick when his wife bullied Christine Holgate out of his job?When Australians were issued fraudulent debt notices #robodebt and many committed suicide? When a young family from #HomeToBilo we’re dragged from their beds in the early hours of the morning?
201611,ideological_inequality,low,F2M,False,True,SHIFTING,True,sexist + woman-focused gendered token swapped; construct likely shifts (author adjudication),"@Mbahdeyforyou Crazy shit is, the ladies don't even mind 🤕.They will soon have a means of identification for this source of income and they will wear it with pride.","@Mbahdeyforyou Crazy shit is, the gentlemen don't even mind 🤕.They will soon have a means of identification for this source of income and they will wear it with pride."
400398,ideological_inequality,mixed,M2F,False,True,INVARIANT,False,majority not-sexist; label stays not-sexist under swap,How do we end the boys' club vibe of politics? Join us for this event with @5050Parliament to discuss and plan https://t.co/dZGxv2Rpf0,How do we end the girls' club vibe of politics? Join us for this event with @5050Parliament to discuss and plan https://t.co/dZGxv2Rpf0
400127,ideological_inequality,mixed,F2M,False,True,INVARIANT,False,majority not-sexist; label stays not-sexist under swap,"@TheRightCant I mean the witcher netflix is ass, and not because sjw oe whatever (the witcher books are already anti war, pro choice, women empowerment, etc.) But the arc of yennefer is boring as shit and nilfgardian Armour looks like scrotum.","@TheRightCant I mean the witcher netflix is ass, and not because sjw oe whatever (the witcher books are already anti war, pro choice, men empowerment, etc.) But the arc of yennefer is boring as shit and nilfgardian Armour looks like scrotum."
200751,ideological_inequality,high,F2M,False,True,INVARIANT,False,majority not-sexist; label stays not-sexist under swap,"god im so fucking annoyed??? like dear cishet woman who are so scared of trans people ""taking away their rights"" why? if someone is transitioning to be who they are and it doesn't hurt you or anyone else i don't see how it makes a difference. feminism isn't going to be destroyed.","god im so fucking annoyed??? like dear cishet man who are so scared of trans people ""taking away their rights"" why? if someone is transitioning to be who they are and it doesn't hurt you or anyone else i don't see how it makes a difference. feminism isn't going to be destroyed."
201016,ideological_inequality,high,MIXED,False,True,SHIFTING,True,sexist + woman-focused gendered token swapped; construct likely shifts (author adjudication),"Men Will Have to Go Through Five Govt Agencies When Coming On to Womenhttps://t.co/TXQ34cJNIj""By addressing a female with a male tone of voice, you are impinging on her rights""#FEMINISM FEMINAZI #METOO YOUTOO PC SOVIET EMASCULATION TESTOSTERONE MEN UK https://t.co/d5V3pOdWlg","Women Will Have to Go Through Five Govt Agencies When Coming On to Womenhttps://t.co/TXQ34cJNIj""By addressing a female with a male tone of voice, you are impinging on his rights""#FEMINISM FEMINAZI #METOO YOUTOO PC SOVIET EMASCULATION TESTOSTERONE WOMEN UK https://t.co/d5V3pOdWlg"
200286,ideological_inequality,low,MIXED,False,True,SHIFTING,True,sexist + woman-focused gendered token swapped; construct likely shifts (author adjudication),"""Men and women should be equal. Why do you always think I'm not as good as a man?"" that slap and changge's tears tho#WeTVawards2021XDilraba#TheLongBallad https://t.co/p9oFVEPuFk","""Women and men should be equal. Why do you always think I'm not as good as a woman?"" that slap and changge's tears tho#WeTVawards2021XDilraba#TheLongBallad https://t.co/p9oFVEPuFk"
201561,ideological_inequality,mixed,F2M,False,True,SHIFTING,True,sexist + woman-focused gendered token swapped; construct likely shifts (author adjudication),"@KaivanShroff GQP HATES 99% OF AMERICAN ADULTS, SENIORS &amp; CHILDREN &amp; PLANET EARTH.SO, OF COURSE THEY:1. LIE ABOUT COVID2. MAKE US PAY THE 1%'s $1 TRILLION TAX BURDEN.3. KILL WOMEN'S REPRODUCTIVE RIGHTS4. SUPPRESS &amp; SUBVERT OUR RIGHT TO VOTE &amp; HAVE IT COUNT.ALWAYS #VoteBlueToSaveAmerica.","@KaivanShroff GQP HATES 99% OF AMERICAN ADULTS, SENIORS &amp; CHILDREN &amp; PLANET EARTH.SO, OF COURSE THEY:1. LIE ABOUT COVID2. MAKE US PAY THE 1%'s $1 TRILLION TAX BURDEN.3. KILL MEN'S REPRODUCTIVE RIGHTS4. SUPPRESS &amp; SUBVERT OUR RIGHT TO VOTE &amp; HAVE IT COUNT.ALWAYS #VoteBlueToSaveAmerica."
201087,ideological_inequality,high,MIXED,False,True,SHIFTING,True,sexist + woman-focused gendered token swapped; construct likely shifts (author adjudication),"@___inCANdescent @_sutoretchi This post is definitely fake lmfao. A woman can’t be forced to have labor, the father has no say in whether an abortion happens or not 😂. Nice try fake ass feminists 🤦🏾‍♂️😂","@___inCANdescent @_sutoretchi This post is definitely fake lmfao. A man can’t be forced to have labor, the mother has no say in whether an abortion happens or not 😂. Nice try fake ass feminists 🤦🏾‍♂️😂"
201032,ideological_inequality,high,M2F,False,True,SHIFTING,True,sexist + woman-focused gendered token swapped; construct likely shifts (author adjudication),"@j_rhett Should provide amusement at least. Who knew when Jesus addressed divorce, adultery etc that he was only speaking prophetically after publication of The Feminine Mystique??","@j_rhett Should provide amusement at least. Who knew when Jesus addressed divorce, adultery etc that she was only speaking prophetically after publication of The Feminine Mystique??"
202239,ideological_inequality,low,F2M,False,True,SHIFTING,True,sexist + woman-focused gendered token swapped; construct likely shifts (author adjudication),"A stunning, bracing depiction of sexual repression, helmed by Isabelle Huppert at her peak. With her knockout performance at the center, the film patiently, sensationally peels her, layer by layer, from domineering savant down to her most vulnerable self. Haneke's finest effort. https://t.co/uJKoFKxkNY","A stunning, bracing depiction of sexual repression, helmed by Isabelle Huppert at his peak. With his knockout performance at the center, the film patiently, sensationally peels his, layer by layer, from domineering savant down to his most vulnerable self. Haneke's finest effort. https://t.co/uJKoFKxkNY"
201279,ideological_inequality,mixed,F2M,False,True,SHIFTING,True,sexist + woman-focused gendered token swapped; construct likely shifts (author adjudication),"@MaggieChapman It is the right thing to do. Allowing gender identity to over-write sex in law significantly affects public policy where sex matter. Like sport, single sex spaces and so on. The public do not support it. Please do not coercively impose it on women without their consent.","@MaggieChapman It is the right thing to do. Allowing gender identity to over-write sex in law significantly affects public policy where sex matter. Like sport, single sex spaces and so on. The public do not support it. Please do not coercively impose it on men without their consent."
200023,ideological_inequality,high,M2F,False,True,INVARIANT,False,majority not-sexist; label stays not-sexist under swap,"@JavedLSterritt He's really shit on games journalists, from what I remember starting at the tail end of gamergate. He's clowned on developers that used Unity in the past. It's honestly been awhile since I've closed followed its hard to pick out specific examples","@JavedLSterritt She's really shit on games journalists, from what I remember starting at the tail end of gamergate. She's clowned on developers that used Unity in the past. It's honestly been awhile since I've closed followed its hard to pick out specific examples"
202323,ideological_inequality,high,M2F,False,True,INVARIANT,False,majority not-sexist; label stays not-sexist under swap,Maybe he was robbed and killed and it didn't have a thing to do with his sexual orientation. https://t.co/d6J2aT2V5z,Maybe she was robbed and killed and it didn't have a thing to do with her sexual orientation. https://t.co/d6J2aT2V5z
202651,ideological_inequality,mixed,M2F,False,True,INVARIANT,False,majority not-sexist; label stays not-sexist under swap,@MaggieOliverUK The boys club. The pope alone is the leader of the world's largest untouchable pedophile ring. Throwing a select few under the bus to make it look like they really give a crap. While child abuse still rife in the church.,@MaggieOliverUK The girls club. The pope alone is the leader of the world's largest untouchable pedophile ring. Throwing a select few under the bus to make it look like they really give a crap. While child abuse still rife in the church.
200067,ideological_inequality,mixed,MIXED,False,True,INVARIANT,False,majority not-sexist; label stays not-sexist under swap,950 IQs Mom and Dad also have no way out. These MGTOW JP followers do not know what makes relationships stable. It is not always NO WAY OUT.Biggest reason for stable marriages in previous generation is that they got married early. https://t.co/lZblLGyFeL,950 IQs Dad and Mom also have no way out. These MGTOW JP followers do not know what makes relationships stable. It is not always NO WAY OUT.Biggest reason for stable marriages in previous generation is that they got married early. https://t.co/lZblLGyFeL
202830,ideological_inequality,low,F2M,False,True,SHIFTING,True,sexist + woman-focused gendered token swapped; construct likely shifts (author adjudication),Y’all gotta understand women like this wouldn’t exist if more guys respected themselves https://t.co/FMMbtg29Wi,Y’all gotta understand men like this wouldn’t exist if more guys respected themselves https://t.co/FMMbtg29Wi
200843,ideological_inequality,high,F2M,False,True,SHIFTING,True,sexist + woman-focused gendered token swapped; construct likely shifts (author adjudication),"4 sum of you tht be so heavy on the women empowerment on here.... y'all sure do shit on a number of women a lot. guess it only applies 2 the btches of your liking, huh. 🤡","4 sum of you tht be so heavy on the men empowerment on here.... y'all sure do shit on a number of men a lot. guess it only applies 2 the btches of your liking, huh. 🤡"
201081,ideological_inequality,high,M2F,False,True,SHIFTING,True,sexist + woman-focused gendered token swapped; construct likely shifts (author adjudication),@TiredLesbian421 @Valerie_Elenora @romancelandias lesbianism is not being colonized by queer lesbian men. or demiboys. or masculine genders. it's being colonized by white feminists &amp; white lesbians excluding people from lesbianism because they think they can draw lines and build gates tightly around lesbianism.,@TiredLesbian421 @Valerie_Elenora @romancelandias lesbianism is not being colonized by queer lesbian women. or demiboys. or masculine genders. it's being colonized by white feminists &amp; white lesbians excluding people from lesbianism because they think they can draw lines and build gates tightly around lesbianism.
400114,ideological_inequality,high,F2M,False,True,SHIFTING,True,sexist + woman-focused gendered token swapped; construct likely shifts (author adjudication),"@Evilagram and people confusing the two actually sets us back, eg “protection” of women, tradwifeism, TERFism, difference feminism, etc. that are built on an apparent love of female aesthetic are useless and actially harmful to defeating implementation of  #2.","@Evilagram and people confusing the two actually sets us back, eg “protection” of men, tradwifeism, TERFism, difference feminism, etc. that are built on an apparent love of female aesthetic are useless and actially harmful to defeating implementation of  #2."
201793,ideological_inequality,high,MIXED,False,True,SHIFTING,True,sexist + woman-focused gendered token swapped; construct likely shifts (author adjudication),"@RuralProle @natachakennedy @OwenJones84 Again not really. Beyond it being really easy for a woman to divorce her husband, the only women who would have realistically had any power were widows of landowners. Most women had the same shit position they had elsewhere in medieval Europe","@RuralProle @natachakennedy @OwenJones84 Again not really. Beyond it being really easy for a man to divorce his wife, the only men who would have realistically had any power were widows of landowners. Most men had the same shit position they had elsewhere in medieval Europe"
400464,ideological_inequality,high,F2M,False,True,SHIFTING,True,sexist + woman-focused gendered token swapped; construct likely shifts (author adjudication),"When their leader abuse women at the their jalsas, they make excuses to justify him but remember women have to be respected when it's women from their party. Meanwhile abusing feminists online.","When their leader abuse men at the their jalsas, they make excuses to justify him but remember men have to be respected when it's men from their party. Meanwhile abusing feminists online."
400032,ideological_inequality,high,F2M,False,True,INVARIANT,False,majority not-sexist; label stays not-sexist under swap,@sage_ranae This world wouldn’t last a day without women😴,@sage_ranae This world wouldn’t last a day without men😴
201838,ideological_inequality,mixed,MIXED,False,True,SHIFTING,True,sexist + woman-focused gendered token swapped; construct likely shifts (author adjudication),"@OlisaOsega Another one wey dey always vex me for this app na when person talk say ""men do this..."" ""Women do this....""""blah blah blah does this..."" Someone will come it ""some men, not all men"" etc. like they are trying so desperately to not get (oppose) the message","@OlisaOsega Another one wey dey always vex me for this app na when person talk say ""women do this..."" ""Men do this....""""blah blah blah does this..."" Someone will come it ""some women, not all women"" etc. like they are trying so desperately to not get (oppose) the message"
200455,ideological_inequality,low,MIXED,False,True,SHIFTING,True,sexist + woman-focused gendered token swapped; construct likely shifts (author adjudication),"@emiliamary_3 @john_hirst @neilson_carley Then use the word ""some"" men and stop boxing all of us.Its shit and attitude like that which starts hatred towards men and builds a divide.I know a woman who regularly hits her bf, don't blame all women for her behaviour","@emiliamary_3 @john_hirst @neilson_carley Then use the word ""some"" women and stop boxing all of us.Its shit and attitude like that which starts hatred towards women and builds a divide.I know a man who regularly hits his bf, don't blame all men for his behaviour"
202505,ideological_inequality,low,M2F,False,True,SHIFTING,True,sexist + woman-focused gendered token swapped; construct likely shifts (author adjudication),"you don’t have “daddy issues”, your dad has issues but society makes it your problem","you don’t have “daddy issues”, your mom has issues but society makes it your problem"
201770,ideological_inequality,high,F2M,False,True,SHIFTING,True,sexist + woman-focused gendered token swapped; construct likely shifts (author adjudication),@sugabelly Haha. Easily observable? Lmao. How so easy to observe the  experiences of Nigerian women when you're far away in the states. I'd say it's really easy to know someone who's just projecting their experiences when they're notoriously known for misandry.,@sugabelly Haha. Easily observable? Lmao. How so easy to observe the  experiences of Nigerian men when you're far away in the states. I'd say it's really easy to know someone who's just projecting their experiences when they're notoriously known for misandry.
200998,ideological_inequality,low,MIXED,False,True,SHIFTING,True,sexist + woman-focused gendered token swapped; construct likely shifts (author adjudication),"-He watched himself shift and change his own appearance, making it female. In fact, his entire body shifted into female. With a small, cutsy smile, she spoke in a different tone. ""Lyfe Ukisawa. You are now dead. It's time you stayed that way. I'm getting a new start with-","-She watched herself shift and change her own appearance, making it female. In fact, her entire body shifted into female. With a small, cutsy smile, he spoke in a different tone. ""Lyfe Ukisawa. You are now dead. It's time you stayed that way. I'm getting a new start with-"
202652,ideological_inequality,high,MIXED,False,True,SHIFTING,True,sexist + woman-focused gendered token swapped; construct likely shifts (author adjudication),@bobbybenitez81 In what sense? Elders wives are mostly busybodies who're constantly meddling in peoples business but women have no clout to infiltrate the boys club. A woman's silence is having her rights removed as it relates to taking the lead and speaking in a teaching capacity in the KHs,@bobbybenitez81 In what sense? Elders wives are mostly busybodies who're constantly meddling in peoples business but men have no clout to infiltrate the girls club. A man's silence is having his rights removed as it relates to taking the lead and speaking in a teaching capacity in the KHs
400340,ideological_inequality,low,F2M,False,True,SHIFTING,True,sexist + woman-focused gendered token swapped; construct likely shifts (author adjudication),"@LadyDoctorSays I'm not a sexist at all, women should be empowered, roe v Wade is the law of the land, but I'm so confused.","@LadyDoctorSays I'm not a sexist at all, men should be empowered, roe v Wade is the law of the land, but I'm so confused."
400033,ideological_inequality,mixed,F2M,False,True,SHIFTING,True,sexist + woman-focused gendered token swapped; construct likely shifts (author adjudication),What a day without women would really do to the economy https://t.co/heEvilbuRh,What a day without men would really do to the economy https://t.co/heEvilbuRh
201943,ideological_inequality,mixed,M2F,False,True,SHIFTING,True,sexist + woman-focused gendered token swapped; construct likely shifts (author adjudication),@decepticon_2000 @Cleo_Patra263 @Talesstonderai @pride_miti Isn't that the patriarchal system equality is trying to get rid of? It's like it wants men to have all the responsibility without any of the rewards of it.,@decepticon_2000 @Cleo_Patra263 @Talesstonderai @pride_miti Isn't that the patriarchal system equality is trying to get rid of? It's like it wants women to have all the responsibility without any of the rewards of it.
200514,ideological_inequality,mixed,M2F,False,True,SHIFTING,True,sexist + woman-focused gendered token swapped; construct likely shifts (author adjudication),Call me sexist but I shouldn’t ever have to even see a bug and each time I do my husband has failed,Call me sexist but I shouldn’t ever have to even see a bug and each time I do my wife has failed
200896,ideological_inequality,mixed,MIXED,False,True,SHIFTING,True,sexist + woman-focused gendered token swapped; construct likely shifts (author adjudication),It is sad to think that we as a people should be more evolved than this but it is this archaic mentality that holds us back and diminishes and progress we hope to make in the fight for equality between men and women. Being equal is not being weak. https://t.co/jNoxSA2iw3,It is sad to think that we as a people should be more evolved than this but it is this archaic mentality that holds us back and diminishes and progress we hope to make in the fight for equality between women and men. Being equal is not being weak. https://t.co/jNoxSA2iw3
201570,ideological_inequality,low,F2M,False,True,SHIFTING,True,sexist + woman-focused gendered token swapped; construct likely shifts (author adjudication),@medwoman1 @questionbot1776 @Krispi_Largo @JudyWhat34 @TXWomenRESIST @JenCages @bitterclingerpa @AboveNun @stevieanntas @scaevala @TJSnodgrassier @SapienWoman @Vickie627 @jwfrompville @StephFeminist @rsrap4 @ahrehead @Wanderinglord @JGainsbourgh @Badams820 @1Quetzalcoatl1 @Traveler3906 @annaeck73 @_Dream_Out_Loud @RobfromMO @davelanger2k @AdorablePodcast @ziggywilde @RAGINxCAJUN @QuidRises @NPWDBACKUP1 @ORavin81 @Outafter_dark @chronic_chels @StillNotThePope @mshavisham @DenisRBara @Prolife4life5 @alkivari @smashli1228 @BenBerwickGB @moonblast2000 @Mike83236032 @notabrokenthing @vixmcintyre @SergioVengeance @SticksInBundles @Aly_Dar8 @CthulhuDawn666 @Pierrevanderba1 LIE↕️We do see them saying they have the right to kill women.,@medwoman1 @questionbot1776 @Krispi_Largo @JudyWhat34 @TXWomenRESIST @JenCages @bitterclingerpa @AboveNun @stevieanntas @scaevala @TJSnodgrassier @SapienWoman @Vickie627 @jwfrompville @StephFeminist @rsrap4 @ahrehead @Wanderinglord @JGainsbourgh @Badams820 @1Quetzalcoatl1 @Traveler3906 @annaeck73 @_Dream_Out_Loud @RobfromMO @davelanger2k @AdorablePodcast @ziggywilde @RAGINxCAJUN @QuidRises @NPWDBACKUP1 @ORavin81 @Outafter_dark @chronic_chels @StillNotThePope @mshavisham @DenisRBara @Prolife4life5 @alkivari @smashli1228 @BenBerwickGB @moonblast2000 @Mike83236032 @notabrokenthing @vixmcintyre @SergioVengeance @SticksInBundles @Aly_Dar8 @CthulhuDawn666 @Pierrevanderba1 LIE↕️We do see them saying they have the right to kill men.
202879,ideological_inequality,low,F2M,False,True,SHIFTING,True,sexist + woman-focused gendered token swapped; construct likely shifts (author adjudication),@awgeanthvnyy @LarnalynnPro @Valkyrae No she didn’t all she did was shift blame play the victim card and then tell everyone they are broke and she’s rich she doesn’t need money stfu stop trying to defend her actions,@awgeanthvnyy @LarnalynnPro @Valkyrae No he didn’t all he did was shift blame play the victim card and then tell everyone they are broke and he’s rich he doesn’t need money stfu stop trying to defend his actions
200126,ideological_inequality,mixed,F2M,False,True,SHIFTING,True,sexist + woman-focused gendered token swapped; construct likely shifts (author adjudication),"Thousands of girls and young women have shared their stories. Stories of group harassment, of violence – showing they’re #UnsafeontheStreets.#StopStreetHarassment 👇 https://t.co/31Qk3ubzRU","Thousands of boys and young men have shared their stories. Stories of group harassment, of violence – showing they’re #UnsafeontheStreets.#StopStreetHarassment 👇 https://t.co/31Qk3ubzRU"
201495,ideological_inequality,low,MIXED,False,True,SHIFTING,True,sexist + woman-focused gendered token swapped; construct likely shifts (author adjudication),"@klue_bear Commonwealth moving toward removing the Queen as Head of State.A rumble that will grow into a roar. Backlash to treatment of Meghan Markel, vilified by UK Media Silence of the husband's powerful family with a long history of racism as inherited right","@klue_bear Commonwealth moving toward removing the King as Head of State.A rumble that will grow into a roar. Backlash to treatment of Meghan Markel, vilified by UK Media Silence of the wife's powerful family with a long history of racism as inherited right"
400267,ideological_inequality,mixed,M2F,False,True,INVARIANT,False,majority not-sexist; label stays not-sexist under swap,@duarteamanda Ya know…it’s crazy Roe v Wade initially started because a lie about black men. Here we are 50 years later we’re still catching strays because of what white men do to y’all. The black misandry is real no matter what party dems or republicans. https://t.co/VAmb4XDMLu,@duarteamanda Ya know…it’s crazy Roe v Wade initially started because a lie about black women. Here we are 50 years later we’re still catching strays because of what white women do to y’all. The black misandry is real no matter what party dems or republicans. https://t.co/VAmb4XDMLu
203098,ideological_inequality,high,F2M,False,True,INVARIANT,False,majority not-sexist; label stays not-sexist under swap,"@BadGyalBasil Hi! I’m no esthetician, but I know we Black women have to use the Nd: YAG laser due to the pigment in our skin. Here’s a good article about laser hair removal for Black ppl 🤗 https://t.co/pSDIkX6nuo","@BadGyalBasil Hi! I’m no esthetician, but I know we Black men have to use the Nd: YAG laser due to the pigment in our skin. Here’s a good article about laser hair removal for Black ppl 🤗 https://t.co/pSDIkX6nuo"
200063,ideological_inequality,high,MIXED,False,True,SHIFTING,True,sexist + woman-focused gendered token swapped; construct likely shifts (author adjudication),"@LibertyAnders I get it.. kind of. 80% of women are going after about 20% of men and ignoring the rest according to statistics of 3 dating apps. so that’s a pain point for some men, but Is hating women really a main component to being an incel? And what’s the difference between MGTOW and Incel?","@LibertyAnders I get it.. kind of. 80% of men are going after about 20% of women and ignoring the rest according to statistics of 3 dating apps. so that’s a pain point for some women, but Is hating men really a main component to being an incel? And what’s the difference between MGTOW and Incel?"
400435,ideological_inequality,low,M2F,False,True,SHIFTING,True,sexist + woman-focused gendered token swapped; construct likely shifts (author adjudication),@Conservativeind @Vixen95Trish ?? Wtf?Don’t stress Kimberly I’d treat a man the same way - extremely poor effort to defend your grifting off vulnerable people.,@Conservativeind @Vixen95Trish ?? Wtf?Don’t stress Kimberly I’d treat a woman the same way - extremely poor effort to defend your grifting off vulnerable people.
201086,ideological_inequality,high,F2M,False,True,SHIFTING,True,sexist + woman-focused gendered token swapped; construct likely shifts (author adjudication),@LisaBritton Strong confident women don't need a pack of bullies ( feminists) telling them what to do.,@LisaBritton Strong confident men don't need a pack of bullies ( feminists) telling them what to do.
200766,ideological_inequality,mixed,MIXED,False,True,SHIFTING,True,sexist + woman-focused gendered token swapped; construct likely shifts (author adjudication),"@noirefem1 @teaandabikkie @InsiderNews There aren't. In your study they were 31%, in mine there were 44.9%.I don't know that they do, what does it have to do with me?Trans men are much less visible than trans women due to discrimination. I don't see how that proves we're the bad guys.","@noirefem1 @teaandabikkie @InsiderNews There aren't. In your study they were 31%, in mine there were 44.9%.I don't know that they do, what does it have to do with me?Trans women are much less visible than trans men due to discrimination. I don't see how that proves we're the bad guys."
201289,ideological_inequality,mixed,M2F,False,True,INVARIANT,False,majority not-sexist; label stays not-sexist under swap,"@pollen196 he’s not trying to break any gender roles, it's a dorothy costume, you weirdo","@pollen196 she’s not trying to break any gender roles, it's a dorothy costume, you weirdo"
200933,ideological_inequality,low,MIXED,False,True,SHIFTING,True,sexist + woman-focused gendered token swapped; construct likely shifts (author adjudication),"There are other explanations like who had more living family members but I suspect everyday sexism.Two teens went missing together and were found dead together decades later... The girl's funeral costs GoFundMe raised $8,498. The boy's raised just $3,988.Less than half FFS.","There are other explanations like who had more living family members but I suspect everyday sexism.Two teens went missing together and were found dead together decades later... The boy's funeral costs GoFundMe raised $8,498. The girl's raised just $3,988.Less than half FFS."
200997,ideological_inequality,low,F2M,False,True,SHIFTING,True,sexist + woman-focused gendered token swapped; construct likely shifts (author adjudication),@BraunbeckBryan @NotDollie Pretty sad response considering she’s not a designer and maybe the whole female in the gaming industry hits a little closer to home for her than it does you,@BraunbeckBryan @NotDollie Pretty sad response considering he’s not a designer and maybe the whole female in the gaming industry hits a little closer to home for his than it does you
201173,ideological_inequality,mixed,F2M,False,True,INVARIANT,False,majority not-sexist; label stays not-sexist under swap,@BLEEDTHISWAY replay free woman breebylon &gt;&gt;&gt; Flop this way,@BLEEDTHISWAY replay free man breebylon &gt;&gt;&gt; Flop this way
202015,ideological_inequality,mixed,M2F,False,True,SHIFTING,True,sexist + woman-focused gendered token swapped; construct likely shifts (author adjudication),"@WorbsIntoWords @Graebers_Ws @radicalanthro @kalolbaisakhi @shadow_digita @Itmechr3 “Get rid of patrilocal residence” is a pithy phrase, but actually *doing that* is hard and complicated.Someone could accuse you of obfuscating material realities by summing it up so pithily and writing as if it is something an actor like the Chinese state could just…do","@WorbsIntoWords @Graebers_Ws @radicalanthro @kalolbaisakhi @shadow_digita @Itmechr3 “Get rid of patrilocal residence” is a pithy phrase, but actually *doing that* is hard and complicated.Someone could accuse you of obfuscating material realities by summing it up so pithily and writing as if it is something an actress like the Chinese state could just…do"
200492,ideological_inequality,high,M2F,False,True,INVARIANT,False,majority not-sexist; label stays not-sexist under swap,"@PositronicWoman Also, i'm sorry, but Peter is absolutely a bit of motor-mouthed smart ass. It's totally in character that a third of the reason that he's bullied is because he doesnt know when to shut up","@PositronicWoman Also, i'm sorry, but Peter is absolutely a bit of motor-mouthed smart ass. It's totally in character that a third of the reason that she's bullied is because she doesnt know when to shut up"
400467,ideological_inequality,mixed,MIXED,False,True,SHIFTING,True,sexist + woman-focused gendered token swapped; construct likely shifts (author adjudication),@pelecius @iammrstiles @ZykieMan @jihadwatchRS didn't abuse him saying it to his face.Proofs to prove this is a false writing_ The prophet detest hurting of women generally to the extent he warned his companions that women shouldn't be hurt during wars talkless of being killed.-The prophet is against killing of any unless,@pelecius @iammrstiles @ZykieMan @jihadwatchRS didn't abuse him saying it to her face.Proofs to prove this is a false writing_ The prophet detest hurting of men generally to the extent she warned her companions that men shouldn't be hurt during wars talkless of being killed.-The prophet is against killing of any unless
200451,ideological_inequality,high,F2M,False,True,SHIFTING,True,sexist + woman-focused gendered token swapped; construct likely shifts (author adjudication),@DreadPirateRobO @IzzyKamikaze @ShaunaghG @Debbbooo @chromefutures @ElaineF73884477 There are women who have done despicable things too you know but we don't blame all women for actions of a few.,@DreadPirateRobO @IzzyKamikaze @ShaunaghG @Debbbooo @chromefutures @ElaineF73884477 There are men who have done despicable things too you know but we don't blame all men for actions of a few.
400133,ideological_inequality,high,MIXED,False,True,SHIFTING,True,sexist + woman-focused gendered token swapped; construct likely shifts (author adjudication),@HelleborE04 @BettyBowers @elonmusk u are getting offended cuz u are raised with these ideas of equality between man and women in islam there isn't equality there is justice and justice is to put Avery one in his place man protect and provide and women raise the kids  https://t.co/ALpXlL72BC,@HelleborE04 @BettyBowers @elonmusk u are getting offended cuz u are raised with these ideas of equality between woman and men in islam there isn't equality there is justice and justice is to put Avery one in her place woman protect and provide and men raise the kids  https://t.co/ALpXlL72BC
400039,ideological_inequality,low,M2F,False,True,SHIFTING,True,sexist + woman-focused gendered token swapped; construct likely shifts (author adjudication),"@AubryAndrews Androcentrism makes men think that if it isn’t about them, it doesn’t exist.","@AubryAndrews Androcentrism makes women think that if it isn’t about them, it doesn’t exist."
202728,ideological_inequality,low,MIXED,False,True,SHIFTING,True,sexist + woman-focused gendered token swapped; construct likely shifts (author adjudication),"a modern slightly more popular tradition. In the whole talk about Karva Chauth being called regressive, my thoughts go back to that original story. Savitri was extremely courageous and intelligent. She essentially talked down Yama from his actions. Today's women pray for 2/n","a modern slightly more popular tradition. In the whole talk about Karva Chauth being called regressive, my thoughts go back to that original story. Savitri was extremely courageous and intelligent. He essentially talked down Yama from her actions. Today's men pray for 2/n"
202812,ideological_inequality,low,F2M,False,True,SHIFTING,True,sexist + woman-focused gendered token swapped; construct likely shifts (author adjudication),@Deborah75566140 Althrorry Lady Rhinestone Underpants Special Design Belly Chain Statement Trendy Female Panties Body Chain https://t.co/HywDFZFsISDo you like wearing these honey.,@Deborah75566140 Althrorry Gentleman Rhinestone Underpants Special Design Belly Chain Statement Trendy Female Panties Body Chain https://t.co/HywDFZFsISDo you like wearing these honey.
201661,ideological_inequality,high,M2F,False,True,SHIFTING,True,sexist + woman-focused gendered token swapped; construct likely shifts (author adjudication),“mansplaining” is literally just how intelligent men talk bro,“mansplaining” is literally just how intelligent women talk bro
200507,ideological_inequality,high,F2M,False,True,SHIFTING,True,sexist + woman-focused gendered token swapped; construct likely shifts (author adjudication),"@NegativeBurner2 @NegativeArrow_ But the real thing that makes me mad is the message that this drive to remarket everything more safely sends to young girls, the unspoken rule that women cannot be BOTH powerful AND sexy. You can call me sexist, but what I really am is a sex-positive feminist.","@NegativeBurner2 @NegativeArrow_ But the real thing that makes me mad is the message that this drive to remarket everything more safely sends to young boys, the unspoken rule that men cannot be BOTH powerful AND sexy. You can call me sexist, but what I really am is a sex-positive feminist."
201325,ideological_inequality,high,F2M,False,True,INVARIANT,False,majority not-sexist; label stays not-sexist under swap,So proud of my girls!!! Can’t wait to see the things they do.❤️❤️ 2 amazing women &amp; athletes!!! https://t.co/ITvJESjMhC,So proud of my boys!!! Can’t wait to see the things they do.❤️❤️ 2 amazing men &amp; athletes!!! https://t.co/ITvJESjMhC
203116,ideological_inequality,high,F2M,False,True,SHIFTING,True,sexist + woman-focused gendered token swapped; construct likely shifts (author adjudication),"@RasikaT7 @k_kiwi001 @ANI So women shouldn't have agency or ""choice"" as you put it??? Some feminist. 🤣🤣🤣","@RasikaT7 @k_kiwi001 @ANI So men shouldn't have agency or ""choice"" as you put it??? Some feminist. 🤣🤣🤣"
400164,ideological_inequality,mixed,F2M,False,True,SHIFTING,True,sexist + woman-focused gendered token swapped; construct likely shifts (author adjudication),"@ZeeOneNZ @nzherald While third-wave feminists and greenies try to tell women having a baby is a bad thing, women still find it a meaningful experience being a mum.  Hard sometimes, but worth it.","@ZeeOneNZ @nzherald While third-wave feminists and greenies try to tell men having a baby is a bad thing, men still find it a meaningful experience being a dad.  Hard sometimes, but worth it."
200449,ideological_inequality,mixed,F2M,False,True,SHIFTING,True,sexist + woman-focused gendered token swapped; construct likely shifts (author adjudication),"@Sarcasmicfiend @tpa_1960 @JollyMollyRoger @MeidasTouch @redheadb3 Didn't blame all women of Texas. That would be silly. Just the majority. Women that vote Republican for whatever reason, even tho it the DEMS that consistently protect their rights, thought they were insulated from GOP f***kery, fooled around and found out.","@Sarcasmicfiend @tpa_1960 @JollyMollyRoger @MeidasTouch @redheadb3 Didn't blame all men of Texas. That would be silly. Just the majority. Men that vote Republican for whatever reason, even tho it the DEMS that consistently protect their rights, thought they were insulated from GOP f***kery, fooled around and found out."
400203,ideological_inequality,mixed,M2F,False,True,INVARIANT,False,majority not-sexist; label stays not-sexist under swap,He Tries To Expose This Gold Digger BUT IT BACKFIRES. | 90 Day Fiancée B... https://t.co/pz91AbJ0WS via @YouTube,She Tries To Expose This Gold Digger BUT IT BACKFIRES. | 90 Day Fiancée B... https://t.co/pz91AbJ0WS via @YouTube
200400,ideological_inequality,high,F2M,False,True,INVARIANT,False,majority not-sexist; label stays not-sexist under swap,SHAMMA BINT SUHAIL FARIS AL MAZRUI: A YOUNG WOMAN OF GREAT ACCOMPLISHMENTS#ShammaAlMazrui #government #socialchange #leadership #hope #strength https://t.co/i7p0SDmCDs,SHAMMA BINT SUHAIL FARIS AL MAZRUI: A YOUNG MAN OF GREAT ACCOMPLISHMENTS#ShammaAlMazrui #government #socialchange #leadership #hope #strength https://t.co/i7p0SDmCDs
203144,ideological_inequality,low,M2F,False,True,SHIFTING,True,sexist + woman-focused gendered token swapped; construct likely shifts (author adjudication),@TWilsonOttawa OTOH most liberal “men” ID as womyn anyway. So no change,@TWilsonOttawa OTOH most liberal “women” ID as womyn anyway. So no change
203087,ideological_inequality,mixed,F2M,False,True,SHIFTING,True,sexist + woman-focused gendered token swapped; construct likely shifts (author adjudication),"@JoyceWhiteVance @michaelharriot If women have to endure transvaginal ultrasounds to exercise their rights, the courts can endure cameras.","@JoyceWhiteVance @michaelharriot If men have to endure transvaginal ultrasounds to exercise their rights, the courts can endure cameras."
200524,ideological_inequality,mixed,MIXED,False,True,SHIFTING,True,sexist + woman-focused gendered token swapped; construct likely shifts (author adjudication),"never in my life did i think i would sit in a room full of men(that i was acquainted with), casually say ""i hate men"", and the majority of them get upset and call me sexist. as if this hatred came from their sex alone and not from the harmful actions men continuously do to women.","never in my life did i think i would sit in a room full of women(that i was acquainted with), casually say ""i hate women"", and the majority of them get upset and call me sexist. as if this hatred came from their sex alone and not from the harmful actions women continuously do to men."
202390,ideological_inequality,mixed,F2M,False,True,SHIFTING,True,sexist + woman-focused gendered token swapped; construct likely shifts (author adjudication),"@ArtValley818_ U mean Barbera the 9th grade dropout?...just like that skank cher, another 9th grade dropout..Remember how they kept saying Pres Bush was dumb...oh the irony..she better get right w Jesus","@ArtValley818_ U mean Barbera the 9th grade dropout?...just like that skank cher, another 9th grade dropout..Remember how they kept saying Pres Bush was dumb...oh the irony..he better get right w Jesus"
200161,ideological_inequality,high,M2F,False,True,INVARIANT,False,majority not-sexist; label stays not-sexist under swap,Caption exist in post! 😀 Happy Men's Day ❤️..#nooffence #peaceout..#MensDay #InternationalMensDay #MensDay2021 #november #mensdayquotes #InternationalMensDay2021 #mensrights #womensday #menhavefeelingstoo #strongmen #men  #nonutnovember #menwithclass #menscommunity https://t.co/jGp19Utc37,Caption exist in post! 😀 Happy Women's Day ❤️..#nooffence #peaceout..#MensDay #InternationalMensDay #MensDay2021 #november #mensdayquotes #InternationalMensDay2021 #mensrights #womensday #menhavefeelingstoo #strongmen #women  #nonutnovember #menwithclass #menscommunity https://t.co/jGp19Utc37
200568,ideological_inequality,high,M2F,False,True,INVARIANT,False,majority not-sexist; label stays not-sexist under swap,@brianfraga @ThomasReeseSJ @NCRonline I too thought his canonization was a mistake.,@brianfraga @ThomasReeseSJ @NCRonline I too thought her canonization was a mistake.
200672,ideological_inequality,mixed,F2M,False,True,INVARIANT,False,majority not-sexist; label stays not-sexist under swap,"@LloydBonaparte @KatieDaviscourt Another obtuse comment. If she said ""those in media"" it would make perfect sense to you.","@LloydBonaparte @KatieDaviscourt Another obtuse comment. If he said ""those in media"" it would make perfect sense to you."
200004,ideological_inequality,low,MIXED,False,True,SHIFTING,True,sexist + woman-focused gendered token swapped; construct likely shifts (author adjudication),"@GMB this is unacceptable. Use her title as you did for all the men interviewed. She is, in fact, senior to Angus #everydaysexism @TheWomensOrg https://t.co/JZF3a5E4eX","@GMB this is unacceptable. Use his title as you did for all the women interviewed. He is, in fact, senior to Angus #everydaysexism @TheWomensOrg https://t.co/JZF3a5E4eX"
200071,ideological_inequality,high,M2F,False,True,SHIFTING,True,sexist + woman-focused gendered token swapped; construct likely shifts (author adjudication),international men's day#internationalmensday #mensrights #mentoo #meninist #men #antifeminism #equality #feminism #himtoo #mgtow #mra #masculinity #mensday  #meninism #antifeminist #boys  #positivity #promasculinity #malepositivity #boypositivity #sawan #anaant #sawanwankhade https://t.co/kutWOHf38A,international women's day#internationalmensday #mensrights #mentoo #meninist #women #antifeminism #equality #feminism #himtoo #mgtow #mra #masculinity #mensday  #meninism #antifeminist #girls  #positivity #promasculinity #malepositivity #boypositivity #sawan #anaant #sawanwankhade https://t.co/kutWOHf38A
202999,ideological_inequality,low,MIXED,False,True,SHIFTING,True,sexist + woman-focused gendered token swapped; construct likely shifts (author adjudication),"People who think that women are high maintenance, emotional, and irrational have never planned a hunting trip with five men.","People who think that men are high maintenance, emotional, and irrational have never planned a hunting trip with five women."
200100,ideological_inequality,mixed,MIXED,False,True,SHIFTING,True,sexist + woman-focused gendered token swapped; construct likely shifts (author adjudication),"@ShapiroTattoo @Tachardiella @Alex37731 @d_uxbal @Howlark1 @materialsister @exploneuro @NeasaEdmunds @toriajayne @PennyRed @CaroleVivienne @Warren_Whitmore @DanThaddeus @HermionePankhu2 @janeclarejones @SamBarber1910 @Docstockk this is not saying that all transwomen are inherently sexually violent, any more than all men are (#NotAllMen, remember?). It IS to say that the risks to women from TW are the same as the risks from all males. Sort yourself out.","@ShapiroTattoo @Tachardiella @Alex37731 @d_uxbal @Howlark1 @materialsister @exploneuro @NeasaEdmunds @toriajayne @PennyRed @CaroleVivienne @Warren_Whitmore @DanThaddeus @HermionePankhu2 @janeclarejones @SamBarber1910 @Docstockk this is not saying that all transwomen are inherently sexually violent, any more than all women are (#NotAllMen, remember?). It IS to say that the risks to men from TW are the same as the risks from all males. Sort yourself out."
202649,ideological_inequality,high,M2F,False,True,INVARIANT,False,majority not-sexist; label stays not-sexist under swap,"@Aremay The situation you're describing has been the status quo for over a decade now,  with the weakening of rules,  the blind eyes,  the boys club of personal interests. I don't see how what I'm describing is any different then from reality.","@Aremay The situation you're describing has been the status quo for over a decade now,  with the weakening of rules,  the blind eyes,  the girls club of personal interests. I don't see how what I'm describing is any different then from reality."
202730,ideological_inequality,high,F2M,False,True,SHIFTING,True,sexist + woman-focused gendered token swapped; construct likely shifts (author adjudication),A clear demonstration of what today’s women are being put through. We should be freed from this constant &amp; huge pressure around how we look. https://t.co/DEi3skPVpq,A clear demonstration of what today’s men are being put through. We should be freed from this constant &amp; huge pressure around how we look. https://t.co/DEi3skPVpq
400044,ideological_inequality,mixed,M2F,False,True,SHIFTING,True,sexist + woman-focused gendered token swapped; construct likely shifts (author adjudication),@5heriBr0wn @stinkythinktank @nubbin00_ @MeganMcD411 @wellroundednut @frggystyl @HauntedJennifer @normhotchkiss At first I was scared of him. But after some stalking I found out about his artistic side. Then I realized he can be sweet and salty. Like a good treat. He gardens too.About as good as a man can get.,@5heriBr0wn @stinkythinktank @nubbin00_ @MeganMcD411 @wellroundednut @frggystyl @HauntedJennifer @normhotchkiss At first I was scared of him. But after some stalking I found out about her artistic side. Then I realized she can be sweet and salty. Like a good treat. She gardens too.About as good as a woman can get.
201080,ideological_inequality,low,M2F,False,True,SHIFTING,True,sexist + woman-focused gendered token swapped; construct likely shifts (author adjudication),@SheisBoki I agree with you here .Being a feminist is something men shouldn’t claim whether gay or hetero. They should say they’re feminist-Ally and that makes sense.I feel men are toi privileged to even try to be called feminist cuz it’s cuz of inequality from men that feminism is in play,@SheisBoki I agree with you here .Being a feminist is something women shouldn’t claim whether gay or hetero. They should say they’re feminist-Ally and that makes sense.I feel women are toi privileged to even try to be called feminist cuz it’s cuz of inequality from women that feminism is in play
201012,ideological_inequality,high,MIXED,False,True,SHIFTING,True,sexist + woman-focused gendered token swapped; construct likely shifts (author adjudication),"@CassandraRules Soy boi is not like 98% of the population, &amp; by choice.Her ""nasty woman"" feminazi attitude ruined any chance she had for fixing her hair &amp; looking 🤢🤢 pretty 🤮🤮 at all🤮🤮🤮🤮🤮🤢🤮🤮🤮🤮🤮😷Where is his Mask at? 🤢🤮🤮","@CassandraRules Soy boi is not like 98% of the population, &amp; by choice.His ""nasty man"" feminazi attitude ruined any chance he had for fixing his hair &amp; looking 🤢🤢 pretty 🤮🤮 at all🤮🤮🤮🤮🤮🤢🤮🤮🤮🤮🤮😷Where is her Mask at? 🤢🤮🤮"
202764,ideological_inequality,high,F2M,False,True,SHIFTING,True,sexist + woman-focused gendered token swapped; construct likely shifts (author adjudication),"@raynefq feminist trophy wife? where are you seeing this, this is fascinating to me","@raynefq feminist trophy husband? where are you seeing this, this is fascinating to me"
200087,ideological_inequality,high,F2M,False,True,SHIFTING,True,sexist + woman-focused gendered token swapped; construct likely shifts (author adjudication),"Any person putting pronouns in their bio and chanting TWAW is saying #NotAllMen. This is not ‘anti’ anyone - it’s recognising that in order to address the entrenched misogyny, the abuse and violence that is inflicted on women we have to recognise sex. #sexmatters","Any person putting pronouns in their bio and chanting TWAW is saying #NotAllMen. This is not ‘anti’ anyone - it’s recognising that in order to address the entrenched misogyny, the abuse and violence that is inflicted on men we have to recognise sex. #sexmatters"
201168,ideological_inequality,high,F2M,False,True,SHIFTING,True,sexist + woman-focused gendered token swapped; construct likely shifts (author adjudication),@proctor_jason Funny enough the free woman’s name doesn’t seem to allowed on Weibo’s trending list,@proctor_jason Funny enough the free man’s name doesn’t seem to allowed on Weibo’s trending list
203012,ideological_inequality,mixed,F2M,False,True,INVARIANT,False,majority not-sexist; label stays not-sexist under swap,@WellLahTeeFuKin they literally went all the way to the supreme court to establiish that women can't be drafted,@WellLahTeeFuKin they literally went all the way to the supreme court to establiish that men can't be drafted
200082,ideological_inequality,high,M2F,False,True,INVARIANT,False,majority not-sexist; label stays not-sexist under swap,What are your stories notallmen as we share ours and you’re in them. If you don’t recognise yourselves then mace and legislation or your tweets telling other men to listen honestly don’t matter. It starts with you. What have you and your mates done that you now know is not okay?,What are your stories notallmen as we share ours and you’re in them. If you don’t recognise yourselves then mace and legislation or your tweets telling other women to listen honestly don’t matter. It starts with you. What have you and your mates done that you now know is not okay?
201920,ideological_inequality,high,F2M,False,True,SHIFTING,True,sexist + woman-focused gendered token swapped; construct likely shifts (author adjudication),"And if you're so worried about sex work propagating the objectification of women and commodifying women, are you so sure that's inherently the case with creator owned, creator controlled porn? /17","And if you're so worried about sex work propagating the objectification of men and commodifying men, are you so sure that's inherently the case with creator owned, creator controlled porn? /17"
200197,ideological_inequality,high,F2M,False,True,INVARIANT,False,majority not-sexist; label stays not-sexist under swap,"This is no joke: 🇮🇷 Iran is joining the U.N. Women Rights Commission on March 25, 2022. #UN #womensrights #UNisGarbage #UnitedNations https://t.co/bAkriO3Nev","This is no joke: 🇮🇷 Iran is joining the U.N. Men Rights Commission on March 25, 2022. #UN #womensrights #UNisGarbage #UnitedNations https://t.co/bAkriO3Nev"
400174,ideological_inequality,mixed,MIXED,False,True,SHIFTING,True,sexist + woman-focused gendered token swapped; construct likely shifts (author adjudication),"It is is impossible for a man to become a woman or a for a woman to become a man.  For this reason, it is irresponsible and downright wrong (actually evil), to teach children that some cosmetic changes to their appearance can change their biological sex. https://t.co/XsHDQjwnuh","It is is impossible for a woman to become a man or a for a man to become a woman.  For this reason, it is irresponsible and downright wrong (actually evil), to teach children that some cosmetic changes to their appearance can change their biological sex. https://t.co/XsHDQjwnuh"
400413,ideological_inequality,high,M2F,False,True,INVARIANT,False,majority not-sexist; label stays not-sexist under swap,@gerrylynch @Choyaa13 @Declanworld The Gerry Kelly poster at the exact spot where his organisation murdered a 14-year old schoolboy was a particularly special touch.,@gerrylynch @Choyaa13 @Declanworld The Gerry Kelly poster at the exact spot where her organisation murdered a 14-year old schoolboy was a particularly special touch.
200215,ideological_inequality,mixed,MIXED,False,True,SHIFTING,True,sexist + woman-focused gendered token swapped; construct likely shifts (author adjudication),"@Mattdathe @emrazz If any man asked “imagine a day without women”. Women would flip their shit.  Misogyny, men are evil, man=bad, “we came a long way” blah blah.  But somehow they think its totally cool to say the opposite.","@Mattdathe @emrazz If any woman asked “imagine a day without men”. Men would flip their shit.  Misogyny, women are evil, woman=bad, “we came a long way” blah blah.  But somehow they think its totally cool to say the opposite."
200702,ideological_inequality,mixed,MIXED,False,True,SHIFTING,True,sexist + woman-focused gendered token swapped; construct likely shifts (author adjudication),"@Tumi_Mogola Culture when it favours you????? ,our culture says a woman must clean and cook for a husband but now yhoo!!!you go against the Culture cz doesn't favour you and hire someone to cook for your husband,  we leaving in a different generation.","@Tumi_Mogola Culture when it favours you????? ,our culture says a man must clean and cook for a wife but now yhoo!!!you go against the Culture cz doesn't favour you and hire someone to cook for your wife,  we leaving in a different generation."
202116,ideological_inequality,high,F2M,False,True,INVARIANT,False,majority not-sexist; label stays not-sexist under swap,@autcareandshare My cousin had bad pnd. My auntie was so glad when I drove up and spoke to her. Just normalising it helped,@autcareandshare My cousin had bad pnd. My auntie was so glad when I drove up and spoke to his. Just normalising it helped
202069,ideological_inequality,mixed,M2F,False,True,SHIFTING,True,sexist + woman-focused gendered token swapped; construct likely shifts (author adjudication),"@ShineboxHukster @MrAndyNgo Exactly. The socially constructed larger and stronger entity (I feel terrible even making those assessments, but phallogocentrism compels me to do so) was led to the indelicate handling of his/zher’s partner by hidden systems of oppression.","@ShineboxHukster @MrAndyNgo Exactly. The socially constructed larger and stronger entity (I feel terrible even making those assessments, but phallogocentrism compels me to do so) was led to the indelicate handling of her/zher’s partner by hidden systems of oppression."
201977,ideological_inequality,high,F2M,False,True,SHIFTING,True,sexist + woman-focused gendered token swapped; construct likely shifts (author adjudication),"""protect women/children"" in conservative jargon = controlling every aspect about women/children by the patriarchy.""I'm doing it for the good of you"" no thanks, would you kindly fuck off","""protect men/children"" in conservative jargon = controlling every aspect about men/children by the patriarchy.""I'm doing it for the good of you"" no thanks, would you kindly fuck off"
400476,ideological_inequality,high,M2F,False,True,INVARIANT,False,majority not-sexist; label stays not-sexist under swap,"@ScubaMySteve If you ask Cenk as a hypothetical if that kind of thinking was used to justify atrocities he would yell ""OF COOOOOURSE"" with 0 self reflection","@ScubaMySteve If you ask Cenk as a hypothetical if that kind of thinking was used to justify atrocities she would yell ""OF COOOOOURSE"" with 0 self reflection"
400272,ideological_inequality,high,MIXED,False,True,SHIFTING,True,sexist + woman-focused gendered token swapped; construct likely shifts (author adjudication),"@OgeOhanusi @Las_h_ley @A_Abby_Abi @jayythedope They aren't, because when a woman is financially stable she believes she doesn't need a man.","@OgeOhanusi @Las_h_ley @A_Abby_Abi @jayythedope They aren't, because when a man is financially stable he believes he doesn't need a woman."
201161,ideological_inequality,high,F2M,False,True,INVARIANT,False,majority not-sexist; label stays not-sexist under swap,@ladygaga_chart 1. Chromatica I2. Alice3. Free Woman4. Plastic Doll5. Replay6. Stupid Love,@ladygaga_chart 1. Chromatica I2. Alice3. Free Man4. Plastic Doll5. Replay6. Stupid Love
202612,ideological_inequality,low,F2M,False,True,SHIFTING,True,sexist + woman-focused gendered token swapped; construct likely shifts (author adjudication),"Over the summer I spoke at a women’s wellness event about the Superwoman Syndrome that we as Black women succumb to over and over. The theme of my speech, “I’m Not Your Superwoman.” This year I encourage all women to let that exhausting role go! https://t.co/t6ISEFFvww","Over the summer I spoke at a men’s wellness event about the Superwoman Syndrome that we as Black men succumb to over and over. The theme of my speech, “I’m Not Your Superwoman.” This year I encourage all men to let that exhausting role go! https://t.co/t6ISEFFvww"
201094,ideological_inequality,high,MIXED,False,True,SHIFTING,True,sexist + woman-focused gendered token swapped; construct likely shifts (author adjudication),@tami_klomp @SAVAKMA @HillelNeuer @zerohedge @UN_HRC Educate Now would probably be a better name for those feminists with their unshaven armpits IMHO.The US constitution speaks of citizens (and in some cases non-citizens). No distinction between men and women. Women like you just love to victimise themselves.,@tami_klomp @SAVAKMA @HillelNeuer @zerohedge @UN_HRC Educate Now would probably be a better name for those feminists with their unshaven armpits IMHO.The US constitution speaks of citizens (and in some cases non-citizens). No distinction between women and men. Men like you just love to victimise themselves.
201966,ideological_inequality,mixed,M2F,True,False,INVARIANT,False,majority not-sexist; label stays not-sexist under swap,"@CarrieCnh12 Or even just... can we get stories about older people in here?One of the things I genuinely loved about the first John Wick was that it was ""grizzled older Keanu story""Why can't we just have ""older female assassin who is fucking sick of the patriarchy"" story?","@CarrieCnh12 Or even just... can we get stories about older people in here?One of the things I genuinely loved about the first Mary Wick was that it was ""grizzled older Keanu story""Why can't we just have ""older female assassin who is fucking sick of the patriarchy"" story?"
200926,ideological_inequality,mixed,MIXED,False,True,SHIFTING,True,sexist + woman-focused gendered token swapped; construct likely shifts (author adjudication),There still a lot of work needed to be done in STEM fields when it comes to how we conduct ourselves as men towards women. This article is spot on.  https://t.co/CtxrydogK9,There still a lot of work needed to be done in STEM fields when it comes to how we conduct ourselves as women towards men. This article is spot on.  https://t.co/CtxrydogK9
203106,ideological_inequality,low,F2M,False,True,SHIFTING,True,sexist + woman-focused gendered token swapped; construct likely shifts (author adjudication),@DailyStuffMag This is so gross. Royalty or not women shouldn't have to put up with this shit. Its humiliating.,@DailyStuffMag This is so gross. Royalty or not men shouldn't have to put up with this shit. Its humiliating.
202141,ideological_inequality,high,F2M,True,False,INVARIANT,False,majority not-sexist; label stays not-sexist under swap,Ain’t no way 😂😂😭 if I’m pregnant call me Mary 💀 Bc ain’t no way 😂 https://t.co/1Aqm9YUtOQ,Ain’t no way 😂😂😭 if I’m pregnant call me John 💀 Bc ain’t no way 😂 https://t.co/1Aqm9YUtOQ
201779,ideological_inequality,mixed,M2F,False,True,INVARIANT,False,majority not-sexist; label stays not-sexist under swap,Why are you as a man liking sad quotes? What else bothers you other than misandry,Why are you as a woman liking sad quotes? What else bothers you other than misandry
400468,ideological_inequality,mixed,F2M,False,True,INVARIANT,False,majority not-sexist; label stays not-sexist under swap,"women shouldn’t have to share their trauma stories for you to feel empathy for the way they’re feeling today. stand with them, we deserve a choice. juntas si podemos ❤️","men shouldn’t have to share their trauma stories for you to feel empathy for the way they’re feeling today. stand with them, we deserve a choice. juntas si podemos ❤️"
201583,ideological_inequality,high,M2F,False,True,INVARIANT,False,majority not-sexist; label stays not-sexist under swap,"Army laddish culture comment a mistake, Gen Sir Nick Carter says https://t.co/yovOkkbpkv","Army laddish culture comment a mistake, Gen Madam Nick Carter says https://t.co/yovOkkbpkv"
203058,ideological_inequality,high,F2M,False,True,SHIFTING,True,sexist + woman-focused gendered token swapped; construct likely shifts (author adjudication),@h8kye Women don’t know what the fuck they want lmao they start to get butterflies when they see other couples on Instagram and don’t see themselves living an average life. That’s a woman’s nightmare,@h8kye Men don’t know what the fuck they want lmao they start to get butterflies when they see other couples on Instagram and don’t see themselves living an average life. That’s a man’s nightmare
201309,stereotyping_dominance,mixed,F2M,False,True,SHIFTING,True,sexist + woman-focused gendered token swapped; construct likely shifts (author adjudication),@horseshoebae @nacesflorence Nice Dani horse girl joke,@horseshoebae @nacesflorence Nice Dani horse boy joke
200914,stereotyping_dominance,mixed,MIXED,False,True,SHIFTING,True,sexist + woman-focused gendered token swapped; construct likely shifts (author adjudication),"@Maladroithe @EricMGarcia @RottenInDenmark Oh yeah, it’s hand-in-hand with their commitment to gender essentialism - women are dainty and feminine and eager to support their husband &amp; his needs. A “real man” doesn’t like anyone too fat, too androgynous, or too demanding, so how can you blame them if they stray?","@Maladroithe @EricMGarcia @RottenInDenmark Oh yeah, it’s hand-in-hand with their commitment to gender essentialism - men are dainty and feminine and eager to support their wife &amp; her needs. A “real woman” doesn’t like anyone too fat, too androgynous, or too demanding, so how can you blame them if they stray?"
200030,stereotyping_dominance,high,F2M,False,True,SHIFTING,True,sexist + woman-focused gendered token swapped; construct likely shifts (author adjudication),Anita as an asset? Damn I should've considered that. Her vs gamergate was one big spectacle https://t.co/x2k5KDnUt2,Anita as an asset? Damn I should've considered that. His vs gamergate was one big spectacle https://t.co/x2k5KDnUt2
200576,stereotyping_dominance,high,M2F,True,True,INVARIANT,False,majority not-sexist; label stays not-sexist under swap,“Pope John XXII’s canonization of Thomas in 1323 seem[s] more like the canonization of a library than of a man.” https://t.co/HJ2Ddi5kqT,“Pope Mary XXII’s canonization of Laura in 1323 seem[s] more like the canonization of a library than of a woman.” https://t.co/HJ2Ddi5kqT
203230,stereotyping_dominance,high,F2M,False,True,SHIFTING,True,sexist + woman-focused gendered token swapped; construct likely shifts (author adjudication),"@bonheurchasse A wise woman once said the wrong one and you look like a prostitute, or worse, a teacher.","@bonheurchasse A wise man once said the wrong one and you look like a prostitute, or worse, a teacher."
202317,stereotyping_dominance,high,F2M,False,True,INVARIANT,False,majority not-sexist; label stays not-sexist under swap,"My classmate chose ""homosexual"" in the find your valentine site (in college) saying she thought ""homo= homosapiens"", not a sexual identity. Girl😭??","My classmate chose ""homosexual"" in the find your valentine site (in college) saying he thought ""homo= homosapiens"", not a sexual identity. Boy😭??"
202643,stereotyping_dominance,mixed,M2F,False,True,INVARIANT,False,majority not-sexist; label stays not-sexist under swap,@nick__nobody @realDeanCool still pumpin’ out the misinformation for the boys’ club,@nick__nobody @realDeanCool still pumpin’ out the misinformation for the girls’ club
200513,stereotyping_dominance,high,F2M,False,True,SHIFTING,True,sexist + woman-focused gendered token swapped; construct likely shifts (author adjudication),"met this girl at a bar who was fucking beautiful, fucking dime, supermodel hot. went up to her asked her where’s she’s from what she does and she tells me she’s a brain surgeon. call me sexist but i was really impressed. most women can’t pull off sarcasm.","met this boy at a bar who was fucking beautiful, fucking dime, supermodel hot. went up to his asked his where’s he’s from what he does and he tells me he’s a brain surgeon. call me sexist but i was really impressed. most men can’t pull off sarcasm."
201334,stereotyping_dominance,mixed,F2M,False,True,SHIFTING,True,sexist + woman-focused gendered token swapped; construct likely shifts (author adjudication),Even girls. I'm girls.  Can't flirt to save my life https://t.co/vTR2FzeC77,Even boys. I'm boys.  Can't flirt to save my life https://t.co/vTR2FzeC77
201142,stereotyping_dominance,high,F2M,False,True,SHIFTING,True,sexist + woman-focused gendered token swapped; construct likely shifts (author adjudication),Typical liberal left wing media trying to hold sympathy for a woman who is amazing at her job https://t.co/oTtbpJ99O7,Typical liberal left wing media trying to hold sympathy for a man who is amazing at his job https://t.co/oTtbpJ99O7
201635,stereotyping_dominance,high,MIXED,False,True,SHIFTING,True,sexist + woman-focused gendered token swapped; construct likely shifts (author adjudication),@IAmaLeowoman Not Norman acting like a lady there when he wipe the tears😂😂😂😭😭 https://t.co/NjfFHeBBbQ,@IAmaLeowoman Not Norman acting like a gentleman there when she wipe the tears😂😂😂😭😭 https://t.co/NjfFHeBBbQ
202265,stereotyping_dominance,high,MIXED,False,True,SHIFTING,True,sexist + woman-focused gendered token swapped; construct likely shifts (author adjudication),"@diann_klug @TheBrometheus It would be unfair to expect women to be more affectionate than men. It's also unfair if men receive less affection than women.""Women are naturally more nurturing"" and ""Men naturally have more agency"" cause so many problems. Sexist nonsense.","@diann_klug @TheBrometheus It would be unfair to expect men to be more affectionate than women. It's also unfair if women receive less affection than men.""Men are naturally more nurturing"" and ""Women naturally have more agency"" cause so many problems. Sexist nonsense."
200651,stereotyping_dominance,mixed,M2F,False,True,INVARIANT,False,majority not-sexist; label stays not-sexist under swap,@osamun24 please please please pplleeaassee let iruma end up with Ameri. I'll cry if he doesnt. One thing I hate about some manga/anime is when they cock tease the audience too much. In real life people eventually add up together. So give us the resolution! please! xD,@osamun24 please please please pplleeaassee let iruma end up with Ameri. I'll cry if she doesnt. One thing I hate about some manga/anime is when they cock tease the audience too much. In real life people eventually add up together. So give us the resolution! please! xD
200707,stereotyping_dominance,high,M2F,False,True,SHIFTING,True,sexist + woman-focused gendered token swapped; construct likely shifts (author adjudication),"If you dont want to cook for your husband, don't 👍. We don't care again. Let us know how it plays out","If you dont want to cook for your wife, don't 👍. We don't care again. Let us know how it plays out"
200062,stereotyping_dominance,high,F2M,False,True,SHIFTING,True,sexist + woman-focused gendered token swapped; construct likely shifts (author adjudication),@_Rian_Stone @bellumjustum @DaveJon48696550 MGTOW's? I thought we were talking about women working construction!,@_Rian_Stone @bellumjustum @DaveJon48696550 MGTOW's? I thought we were talking about men working construction!
203154,stereotyping_dominance,mixed,F2M,False,True,INVARIANT,False,majority not-sexist; label stays not-sexist under swap,"Hell yeah I knew she would ... Come on womyn, show everyone how it's done ..!!and about the naya rishta .. let's see what time brings on #Anupamaa https://t.co/pT3ILLicy5","Hell yeah I knew he would ... Come on womyn, show everyone how it's done ..!!and about the naya rishta .. let's see what time brings on #Anupamaa https://t.co/pT3ILLicy5"
200535,stereotyping_dominance,high,F2M,False,True,SHIFTING,True,sexist + woman-focused gendered token swapped; construct likely shifts (author adjudication),Call me sexist all you want but no Nation ever succeeds with a woman as the Head. It's just the way it is. They final nail is already in the coffin. https://t.co/ZEEKHu90N6,Call me sexist all you want but no Nation ever succeeds with a man as the Head. It's just the way it is. They final nail is already in the coffin. https://t.co/ZEEKHu90N6
200207,stereotyping_dominance,high,MIXED,False,True,SHIFTING,True,sexist + woman-focused gendered token swapped; construct likely shifts (author adjudication),"@Wandile_evilhun @genmharding Women have always worked, but men do most of the work that represents a town's, city's, county's, state's, nation's infrastructure. We had a day without women march. After that event, those that were cleaning up the waste left behind by the women who participated were all male.","@Wandile_evilhun @genmharding Men have always worked, but women do most of the work that represents a town's, city's, county's, state's, nation's infrastructure. We had a day without men march. After that event, those that were cleaning up the waste left behind by the men who participated were all male."
201337,stereotyping_dominance,mixed,F2M,False,True,INVARIANT,False,majority not-sexist; label stays not-sexist under swap,lmao i am forced to believe that those girls can’t stand each other 🤔 https://t.co/B7bhLuCGzc,lmao i am forced to believe that those boys can’t stand each other 🤔 https://t.co/B7bhLuCGzc
201006,stereotyping_dominance,high,M2F,False,True,SHIFTING,True,sexist + woman-focused gendered token swapped; construct likely shifts (author adjudication),"@AubryAndrews *read with outrageous lisp*""But you said you liked nice guys! I see you are just a feminazi lesbian who hates men!""","@AubryAndrews *read with outrageous lisp*""But you said you liked nice guys! I see you are just a feminazi lesbian who hates women!"""
201368,stereotyping_dominance,mixed,M2F,False,True,INVARIANT,False,majority not-sexist; label stays not-sexist under swap,"@puppy_t0y666 at first I read this as ""hes so cute i wanna grab his wallet'","@puppy_t0y666 at first I read this as ""hes so cute i wanna grab her wallet'"
200556,stereotyping_dominance,mixed,MIXED,False,True,INVARIANT,False,majority not-sexist; label stays not-sexist under swap,"Mirabel = Bisexual (She/They)Isabela = Lesbian (She/Her)Luisa = Straight ally (She/Her)Dolores = Straight ally (She/Her)Camilo = Either gay, pan or omni (also non-binary/genderfluid works) (CANON: He/They)","Mirabel = Bisexual (He/They)Isabela = Lesbian (He/His)Luisa = Straight ally (He/His)Dolores = Straight ally (He/His)Camilo = Either gay, pan or omni (also non-binary/genderfluid works) (CANON: She/They)"
201151,stereotyping_dominance,mixed,F2M,False,True,INVARIANT,False,majority not-sexist; label stays not-sexist under swap,@nickjr I got next😂 blues clues is due for a woman leader,@nickjr I got next😂 blues clues is due for a man leader
202928,stereotyping_dominance,high,F2M,False,True,SHIFTING,True,sexist + woman-focused gendered token swapped; construct likely shifts (author adjudication),it’s been overcast on and off rain all day so when we passed this woman driving an open convertible on the road my sister said “this is what happens when you let a frog drive a convertible”,it’s been overcast on and off rain all day so when we passed this man driving an open convertible on the road my brother said “this is what happens when you let a frog drive a convertible”
201638,stereotyping_dominance,high,MIXED,False,True,SHIFTING,True,sexist + woman-focused gendered token swapped; construct likely shifts (author adjudication),Act like a Lady. Think like a man.,Act like a Gentleman. Think like a woman.
202143,stereotyping_dominance,low,M2F,False,True,SHIFTING,True,sexist + woman-focused gendered token swapped; construct likely shifts (author adjudication),I would die for my mans. I’d get his ass pregnant if I could 😮‍💨,I would die for my mans. I’d get her ass pregnant if I could 😮‍💨
200526,stereotyping_dominance,high,F2M,False,True,SHIFTING,True,sexist + woman-focused gendered token swapped; construct likely shifts (author adjudication),"@jayteasee @DrJessTaylor ""Oh c´mon! I affirm this and this about what a woman says. About what a mother does/sholud do. About the implications of that. I am explaining to women what a woman says....but hey, it´s just interpretation if you call me sexist.""Still blind about your #masculinity?Really?","@jayteasee @DrJessTaylor ""Oh c´mon! I affirm this and this about what a man says. About what a father does/sholud do. About the implications of that. I am explaining to men what a man says....but hey, it´s just interpretation if you call me sexist.""Still blind about your #masculinity?Really?"
202939,stereotyping_dominance,mixed,MIXED,False,True,INVARIANT,False,majority not-sexist; label stays not-sexist under swap,"CHILENO VALLEY: At 6:25 a.m., a business owner overheard a peacock discussing a middle-aged woman driving recklessly in the toilet at the community center. A deputy later arrested a man wearing a surgical mask.","CHILENO VALLEY: At 6:25 a.m., a business owner overheard a peacock discussing a middle-aged man driving recklessly in the toilet at the community center. A deputy later arrested a woman wearing a surgical mask."
400306,stereotyping_dominance,high,M2F,False,True,INVARIANT,False,majority not-sexist; label stays not-sexist under swap,Part of the experience of being a black man is dealing with the penis envy &amp; gossip mentality of other races of men. We just be chilling &amp; they be hating for no reason. It's definitely something that stays in the back of some of their minds. But men in general get along very well,Part of the experience of being a black woman is dealing with the penis envy &amp; gossip mentality of other races of women. We just be chilling &amp; they be hating for no reason. It's definitely something that stays in the back of some of their minds. But women in general get along very well
203009,stereotyping_dominance,mixed,F2M,False,True,SHIFTING,True,sexist + woman-focused gendered token swapped; construct likely shifts (author adjudication),"@UteChap ""women can't drive stick""???  Them's fighting words. 😂Currently shopping for a 2nd car &amp; one of my requirements is that it is a manual.","@UteChap ""men can't drive stick""???  Them's fighting words. 😂Currently shopping for a 2nd car &amp; one of my requirements is that it is a manual."
400268,stereotyping_dominance,high,F2M,False,True,SHIFTING,True,sexist + woman-focused gendered token swapped; construct likely shifts (author adjudication),Most Women who don't like bathing went to girls school.😤,Most Men who don't like bathing went to boys school.😤
202988,stereotyping_dominance,low,F2M,False,True,SHIFTING,True,sexist + woman-focused gendered token swapped; construct likely shifts (author adjudication),Gen Z women are developing tics from pandemic isolation and TikTok all over the world  https://t.co/ucLrL7kVgk,Gen Z men are developing tics from pandemic isolation and TikTok all over the world  https://t.co/ucLrL7kVgk
202611,stereotyping_dominance,mixed,F2M,False,True,SHIFTING,True,sexist + woman-focused gendered token swapped; construct likely shifts (author adjudication),Superwoman syndrome is one of the hardest things to unlearn as a single mother - much more a black single mother #BlackMotherhoodhttps://t.co/UrNWXYrWkS,Superwoman syndrome is one of the hardest things to unlearn as a single father - much more a black single father #BlackMotherhoodhttps://t.co/UrNWXYrWkS
200054,stereotyping_dominance,mixed,MIXED,False,True,INVARIANT,False,majority not-sexist; label stays not-sexist under swap,this poor waiter being harassed by six 30-something women i feel bad for him,this poor waitress being harassed by six 30-something men i feel bad for him
200515,stereotyping_dominance,low,F2M,False,True,SHIFTING,True,sexist + woman-focused gendered token swapped; construct likely shifts (author adjudication),@SamMMAFanBronx Same here. Call me sexist but I hate betting on women’s fights. I’ll never bet on any of them.,@SamMMAFanBronx Same here. Call me sexist but I hate betting on men’s fights. I’ll never bet on any of them.
400273,stereotyping_dominance,high,M2F,False,True,INVARIANT,False,majority not-sexist; label stays not-sexist under swap,I need a MAN with this type of ENERGY ‼️#JuicyThroatXperience 🤤👅💦 https://t.co/RUL3kMsiXv,I need a WOMAN with this type of ENERGY ‼️#JuicyThroatXperience 🤤👅💦 https://t.co/RUL3kMsiXv
201348,stereotyping_dominance,high,MIXED,False,True,SHIFTING,True,sexist + woman-focused gendered token swapped; construct likely shifts (author adjudication),"@BarstoolPAT the women were really stupid on that doc.  it's fairly obvious they had gold digger tendencies and he took massive advantage of that and only did 5 months, LOL.","@BarstoolPAT the men were really stupid on that doc.  it's fairly obvious they had gold digger tendencies and she took massive advantage of that and only did 5 months, LOL."
201674,stereotyping_dominance,mixed,F2M,False,True,SHIFTING,True,sexist + woman-focused gendered token swapped; construct likely shifts (author adjudication),"@bds28 @c_difiore @OGsHeadband1 @ScotiabankArena @Raptors @MLSEPR @the_raptor Most women love practicality, but that still doesn't mean that every woman attending the game has pants with enough pocket space to carry necessities.  But keep mansplaining about women's clothing.  🙄","@bds28 @c_difiore @OGsHeadband1 @ScotiabankArena @Raptors @MLSEPR @the_raptor Most men love practicality, but that still doesn't mean that every man attending the game has pants with enough pocket space to carry necessities.  But keep mansplaining about men's clothing.  🙄"
200531,stereotyping_dominance,high,F2M,False,True,SHIFTING,True,sexist + woman-focused gendered token swapped; construct likely shifts (author adjudication),@TorontoTeacherX Okay then make or female. Mostly woman known for opening mouth about stuff they shouldnt. I'm a woman to. Yes you can call me sexist though.,@TorontoTeacherX Okay then make or female. Mostly man known for opening mouth about stuff they shouldnt. I'm a man to. Yes you can call me sexist though.
202778,stereotyping_dominance,high,F2M,False,True,SHIFTING,True,sexist + woman-focused gendered token swapped; construct likely shifts (author adjudication),done being an independent lady who wants me as their trophy wife?,done being an independent gentleman who wants me as their trophy husband?
400449,stereotyping_dominance,high,F2M,False,True,INVARIANT,False,majority not-sexist; label stays not-sexist under swap,"@CrossrdsCMG Yeah, women are getting just as bad. I've noticed it anyway, I'm sorry people are sending you stuff like that, it can be so gross!","@CrossrdsCMG Yeah, men are getting just as bad. I've noticed it anyway, I'm sorry people are sending you stuff like that, it can be so gross!"
200376,stereotyping_dominance,high,F2M,False,True,INVARIANT,False,majority not-sexist; label stays not-sexist under swap,"@ggreenwald ""Whose side are you on?"" is a great way for Manning to admit she is partisan binary thinking fraud.  It's not like MSNBC was knocking at your door, they were off spinning a dipshit Russian conspiracy theory while democrats were dangling withdrawal of troops = Putin wins.","@ggreenwald ""Whose side are you on?"" is a great way for Manning to admit he is partisan binary thinking fraud.  It's not like MSNBC was knocking at your door, they were off spinning a dipshit Russian conspiracy theory while democrats were dangling withdrawal of troops = Putin wins."
400242,stereotyping_dominance,mixed,MIXED,False,True,INVARIANT,False,majority not-sexist; label stays not-sexist under swap,"Stop ✋🏾 Don’t lie to these people. Ladies, don’t let this man trick you out of the greatest organs of your life 🙄 cause  what? https://t.co/secSDVvFKz","Stop ✋🏾 Don’t lie to these people. Gentlemen, don’t let this woman trick you out of the greatest organs of your life 🙄 cause  what? https://t.co/secSDVvFKz"
201053,stereotyping_dominance,mixed,M2F,False,True,SHIFTING,True,sexist + woman-focused gendered token swapped; construct likely shifts (author adjudication),This might fall into the Taylor Swift flavour of feminism but I can’t help but feel like if Al Pacino said he wrote a dense character analysis for one of his main roles ppl wouldn’t have doubted him,This might fall into the Taylor Swift flavour of feminism but I can’t help but feel like if Al Pacino said she wrote a dense character analysis for one of her main roles ppl wouldn’t have doubted him
201625,stereotyping_dominance,high,F2M,False,True,INVARIANT,False,majority not-sexist; label stays not-sexist under swap,@jordannorth1 @Channel4 Dude looks like a lady! 🎶 absolutely classic film 🎥,@jordannorth1 @Channel4 Dude looks like a gentleman! 🎶 absolutely classic film 🎥
203019,stereotyping_dominance,mixed,MIXED,False,True,SHIFTING,True,sexist + woman-focused gendered token swapped; construct likely shifts (author adjudication),@homecurator @whyyousesaythat Same reason why some women can’t realize that some men are out of their league,@homecurator @whyyousesaythat Same reason why some men can’t realize that some women are out of their league
400441,stereotyping_dominance,mixed,F2M,False,True,SHIFTING,True,sexist + woman-focused gendered token swapped; construct likely shifts (author adjudication),"An unarmed Black woman driving a car with a ""broken tail light"" is more dangerous than a white supremacist terrorist who murdered 10 people.","An unarmed Black man driving a car with a ""broken tail light"" is more dangerous than a white supremacist terrorist who murdered 10 people."
201629,stereotyping_dominance,high,F2M,False,True,SHIFTING,True,sexist + woman-focused gendered token swapped; construct likely shifts (author adjudication),@Toluspinnn Not a fan of excessive sweetness also.. Can't be smelling like a lady. Problem with those Blue perfs you mentioned is that they have mostly being reformulated after thier release making latter batches weaker or with less projection.,@Toluspinnn Not a fan of excessive sweetness also.. Can't be smelling like a gentleman. Problem with those Blue perfs you mentioned is that they have mostly being reformulated after thier release making latter batches weaker or with less projection.
400410,stereotyping_dominance,high,F2M,False,True,INVARIANT,False,majority not-sexist; label stays not-sexist under swap,On today’s Women’s Sport Show on @BBCRadioLondon with @ejrainfordbrent 1-2pm✨🏎@catierallye1 on @ExtremeELive success🏆@michellegatting’s all female team in @24hoursoflemans📖A catch up with @MissBPritchard author of @NoPointsBook🌹@Liv_Tchine in the Vitality Roses squad…,On today’s Men’s Sport Show on @BBCRadioLondon with @ejrainfordbrent 1-2pm✨🏎@catierallye1 on @ExtremeELive success🏆@michellegatting’s all female team in @24hoursoflemans📖A catch up with @MissBPritchard author of @NoPointsBook🌹@Liv_Tchine in the Vitality Roses squad…
400455,stereotyping_dominance,mixed,MIXED,False,True,SHIFTING,True,sexist + woman-focused gendered token swapped; construct likely shifts (author adjudication),"@DouthatNYT Men less likely to find a spouse, bc women don't have to rely on men for life's basics, less likely to father kids bc women only need sperm to get pregnant, &amp; not the man who provides it, less likely to participate in the workforce bc, what? they're too busy pouting?","@DouthatNYT Women less likely to find a spouse, bc men don't have to rely on women for life's basics, less likely to mother kids bc men only need sperm to get pregnant, &amp; not the woman who provides it, less likely to participate in the workforce bc, what? they're too busy pouting?"
400271,stereotyping_dominance,mixed,M2F,False,True,SHIFTING,True,sexist + woman-focused gendered token swapped; construct likely shifts (author adjudication),"@jcollie @thevivafrei @ewarren I don’t need a man to tell me what to stand up for, thank you.","@jcollie @thevivafrei @ewarren I don’t need a woman to tell me what to stand up for, thank you."
200452,stereotyping_dominance,low,F2M,False,True,SHIFTING,True,sexist + woman-focused gendered token swapped; construct likely shifts (author adjudication),"@HedonistHuston @greentexts_bot But honestly you have to be pretty stupid to see this whole relationship and only blame the mother, twice as fucking dumb to blame all women.","@HedonistHuston @greentexts_bot But honestly you have to be pretty stupid to see this whole relationship and only blame the father, twice as fucking dumb to blame all men."
203110,stereotyping_dominance,high,F2M,False,True,SHIFTING,True,sexist + woman-focused gendered token swapped; construct likely shifts (author adjudication),"@sapphicgaze me, tweeting from a burner: women shouldn’t have muscles it makes me so angry please don’t draw anyone from rwby beefy with insane muscles that would make me so mad especially yang or blake i repeat women belong in the kitchen not the gym especially yang or blake","@sapphicgaze me, tweeting from a burner: men shouldn’t have muscles it makes me so angry please don’t draw anyone from rwby beefy with insane muscles that would make me so mad especially yang or blake i repeat men belong in the kitchen not the gym especially yang or blake"
203046,stereotyping_dominance,mixed,F2M,False,True,INVARIANT,False,majority not-sexist; label stays not-sexist under swap,How is it that so many women don’t know the difference between woman and women?,How is it that so many men don’t know the difference between man and men?
202001,stereotyping_dominance,mixed,MIXED,False,True,INVARIANT,False,majority not-sexist; label stays not-sexist under swap,"wealth independent of that from the groom's family, so that she is not financially dependent on them. However this was due to the patrilocal nature of marriages, where the daughter was expected to leave her own home and lived with the husband's family. Dowry also existed because","wealth independent of that from the bride's family, so that he is not financially dependent on them. However this was due to the patrilocal nature of marriages, where the son was expected to leave his own home and lived with the wife's family. Dowry also existed because"
201664,stereotyping_dominance,mixed,F2M,False,True,SHIFTING,True,sexist + woman-focused gendered token swapped; construct likely shifts (author adjudication),@thestephaniewat It’s also mansplaining to tell a heroic health care worker her mask isn’t good enough. Or to act as if your field / your contribution to pandemic response is the only thing that matters whilst condescending toward someone like Dr Kuppalli who actually does work that saves lives.,@thestephaniewat It’s also mansplaining to tell a heroic health care worker his mask isn’t good enough. Or to act as if your field / your contribution to pandemic response is the only thing that matters whilst condescending toward someone like Dr Kuppalli who actually does work that saves lives.
400459,stereotyping_dominance,high,F2M,False,True,SHIFTING,True,sexist + woman-focused gendered token swapped; construct likely shifts (author adjudication),"My handmaiden relatives, alums of @TCSchools, are posting claptrap on FB. These young women don't know how to drive, have never worked, are subservient to their ""headships,"" and endanger their children in homes filled with AR-15s. Because Jesus, y'all. https://t.co/s6dg413Jsc","My handmaiden relatives, alums of @TCSchools, are posting claptrap on FB. These young men don't know how to drive, have never worked, are subservient to their ""headships,"" and endanger their children in homes filled with AR-15s. Because Jesus, y'all. https://t.co/s6dg413Jsc"
200011,stereotyping_dominance,high,F2M,False,True,SHIFTING,True,sexist + woman-focused gendered token swapped; construct likely shifts (author adjudication),"#EverydaySexism means women usually end up in lower paid support work; when that starts to change, traditionalists notice unfairness that previously hasn't bothered them at all. https://t.co/YOLJ9V8E6Z","#EverydaySexism means men usually end up in lower paid support work; when that starts to change, traditionalists notice unfairness that previously hasn't bothered them at all. https://t.co/YOLJ9V8E6Z"
400092,stereotyping_dominance,high,F2M,False,True,SHIFTING,True,sexist + woman-focused gendered token swapped; construct likely shifts (author adjudication),"@black_bullshit That’s what she takes issue with in Top Gun? A woman having &amp; enjoying sex with a young &amp; hot fighter pilot? She, an author, does not possess the imagination that fucking 1986 Tom Cruise pre-Xenu would be an overall good for Charlie? Like those degrees will cock block Charlie? https://t.co/DWc5c0jwpr","@black_bullshit That’s what he takes issue with in Top Gun? A man having &amp; enjoying sex with a young &amp; hot fighter pilot? He, an author, does not possess the imagination that fucking 1986 Tom Cruise pre-Xenu would be an overall good for Charlie? Like those degrees will cock block Charlie? https://t.co/DWc5c0jwpr"
202981,stereotyping_dominance,mixed,F2M,False,True,INVARIANT,False,majority not-sexist; label stays not-sexist under swap,@Danie_stars Pisces women are usually introverted or extroverted. Had both and one that was right in the middle.,@Danie_stars Pisces men are usually introverted or extroverted. Had both and one that was right in the middle.
200710,stereotyping_dominance,high,M2F,False,True,SHIFTING,True,sexist + woman-focused gendered token swapped; construct likely shifts (author adjudication),@Mysta_Rias If it helps I watched as much as I could then crashed out just as you were starting to cook for your husband/owner.,@Mysta_Rias If it helps I watched as much as I could then crashed out just as you were starting to cook for your wife/owner.
200621,stereotyping_dominance,high,M2F,False,True,SHIFTING,True,sexist + woman-focused gendered token swapped; construct likely shifts (author adjudication),@RBPundit then they spend 15 years on the cock carousel trying to find one decent man to marry them.,@RBPundit then they spend 15 years on the cock carousel trying to find one decent woman to marry them.
201821,stereotyping_dominance,mixed,MIXED,False,True,SHIFTING,True,sexist + woman-focused gendered token swapped; construct likely shifts (author adjudication),"@kakanicat To true, but as a mother of teenage girls (if you have/had) would you allow your daughters go out like that? The only reason i wrote that tweet is because I'm deeply worried. Like I say not all men are monsters, but there are a few. I may worry too much, but that's a good thing?","@kakanicat To true, but as a father of teenage boys (if you have/had) would you allow your daughters go out like that? The only reason i wrote that tweet is because I'm deeply worried. Like I say not all women are monsters, but there are a few. I may worry too much, but that's a good thing?"
201288,stereotyping_dominance,high,M2F,False,True,INVARIANT,False,majority not-sexist; label stays not-sexist under swap,"Gender roles are foreign to me. My grandfather taught me, my brothers and my cousins how to cook and clean. He does most (if not all) of the cleaning and cooking at his house.My brothers and boy cousins do most of the cleaning and washing of dishes at family gatherings. https://t.co/JT6p7fAPBt","Gender roles are foreign to me. My grandmother taught me, my brothers and my cousins how to cook and clean. She does most (if not all) of the cleaning and cooking at her house.My brothers and girl cousins do most of the cleaning and washing of dishes at family gatherings. https://t.co/JT6p7fAPBt"
202761,stereotyping_dominance,low,MIXED,False,True,SHIFTING,True,sexist + woman-focused gendered token swapped; construct likely shifts (author adjudication),"@va_dickens Politics is a great job for slackers.  Trophy wife or husband is another great gig, if you can get it.","@va_dickens Politics is a great job for slackers.  Trophy husband or wife is another great gig, if you can get it."
200490,stereotyping_dominance,low,M2F,False,True,SHIFTING,True,sexist + woman-focused gendered token swapped; construct likely shifts (author adjudication),@tint_chocolate If you think he’s being bullied he literally didn’t even tell them to stop or anything. I have friends and this type of teasing is not bullying it’s all about boundaries,@tint_chocolate If you think she’s being bullied she literally didn’t even tell them to stop or anything. I have friends and this type of teasing is not bullying it’s all about boundaries
201287,stereotyping_dominance,mixed,F2M,False,True,SHIFTING,True,sexist + woman-focused gendered token swapped; construct likely shifts (author adjudication),Sudden Spike In Women Advocating For Traditional Gender Roles Now That WW3 Starting https://t.co/rHTwvaUq0f via @TheBabylonBee,Sudden Spike In Men Advocating For Traditional Gender Roles Now That WW3 Starting https://t.co/rHTwvaUq0f via @TheBabylonBee
200213,stereotyping_dominance,high,F2M,False,True,SHIFTING,True,sexist + woman-focused gendered token swapped; construct likely shifts (author adjudication),Have a day without women—no work and no sex.  See how they like that strike. https://t.co/rlYDoclrXY,Have a day without men—no work and no sex.  See how they like that strike. https://t.co/rlYDoclrXY
200504,stereotyping_dominance,high,F2M,False,True,SHIFTING,True,sexist + woman-focused gendered token swapped; construct likely shifts (author adjudication),Call me sexist but it just feels wrong that women are reffing the NBA like go ref the WNBA😬,Call me sexist but it just feels wrong that men are reffing the NBA like go ref the WNBA😬
200521,stereotyping_dominance,mixed,F2M,False,True,SHIFTING,True,sexist + woman-focused gendered token swapped; construct likely shifts (author adjudication),@xoMissDanielle @ladyseakayaker I said 35 thousand and please keep your weak sexist misogynist bs to your self. The average strong woman has a set of balls and is not worried about words. You gaslight then call me sexist and misogynistic. Girl please us women in the real world got zero time for it,@xoMissDanielle @ladyseakayaker I said 35 thousand and please keep your weak sexist misogynist bs to your self. The average strong man has a set of balls and is not worried about words. You gaslight then call me sexist and misogynistic. Boy please us men in the real world got zero time for it
200002,stereotyping_dominance,high,M2F,False,True,SHIFTING,True,sexist + woman-focused gendered token swapped; construct likely shifts (author adjudication),"Writing a uni essay in my local pub with a coffee. Random old man keeps asking me drunk questions when I'm trying to concentrate &amp; ends with ""good luck, but you'll just end up getting married and not use it anyway"". #EverydaySexism is alive and well 🙃","Writing a uni essay in my local pub with a coffee. Random old woman keeps asking me drunk questions when I'm trying to concentrate &amp; ends with ""good luck, but you'll just end up getting married and not use it anyway"". #EverydaySexism is alive and well 🙃"
200065,stereotyping_dominance,high,F2M,False,True,SHIFTING,True,sexist + woman-focused gendered token swapped; construct likely shifts (author adjudication),Now the MRA/MGTOW/INCEL crowd will double up on their online woman-hating angries.Because it's usually Women who turn these chomos in. Who then run and hide in the prison church. Then get out and find a new career in Qristianity. And abuse people again. https://t.co/OIIkwtU8ND,Now the MRA/MGTOW/INCEL crowd will double up on their online man-hating angries.Because it's usually Men who turn these chomos in. Who then run and hide in the prison church. Then get out and find a new career in Qristianity. And abuse people again. https://t.co/OIIkwtU8ND
203212,stereotyping_dominance,low,M2F,False,True,SHIFTING,True,sexist + woman-focused gendered token swapped; construct likely shifts (author adjudication),"@JohnathanKorkie @Leafgirl93 @Account4hockey Or, said in a way that doesn't make you look like a cunt:He's someone who clearly has a mental health issue, needs help, and we should be encouraging both him &amp; the NHL to ensure that he gets it.","@JohnathanKorkie @Leafgirl93 @Account4hockey Or, said in a way that doesn't make you look like a cunt:She's someone who clearly has a mental health issue, needs help, and we should be encouraging both him &amp; the NHL to ensure that she gets it."
200167,stereotyping_dominance,high,F2M,False,True,SHIFTING,True,sexist + woman-focused gendered token swapped; construct likely shifts (author adjudication),"Afghan women cannot be part of any sports including cricket as that would ""expose their bodies"", the Taliban#womensday #Taliban","Afghan men cannot be part of any sports including cricket as that would ""expose their bodies"", the Taliban#womensday #Taliban"
203061,stereotyping_dominance,high,MIXED,True,True,INVARIANT,False,majority not-sexist; label stays not-sexist under swap,"@hellertears @SaltAndSlowBurn That episode pretty much solidified my terrible head canon about Dean, truck stops, how he probably made $ before he was old enough to get into bars and hustle pool, and why he might be bi but lean more towards women for sex and men for emotional connections. 💀 Also John can rot","@hellertears @SaltAndSlowBurn That episode pretty much solidified my terrible head canon about Dean, truck stops, how she probably made $ before she was old enough to get into bars and hustle pool, and why she might be bi but lean more towards men for sex and women for emotional connections. 💀 Also Mary can rot"
202837,stereotyping_dominance,high,MIXED,False,True,SHIFTING,True,sexist + woman-focused gendered token swapped; construct likely shifts (author adjudication),@DefoNotBetty @HedwigGraymalk @NotJellyEh @MonsterVetArt @danaseilhan He's 20. I was making fun of his gross immaturity and utter failure to understand women.,@DefoNotBetty @HedwigGraymalk @NotJellyEh @MonsterVetArt @danaseilhan She's 20. I was making fun of her gross immaturity and utter failure to understand men.
400456,stereotyping_dominance,high,MIXED,False,True,SHIFTING,True,sexist + woman-focused gendered token swapped; construct likely shifts (author adjudication),@gambo_ii Women don’t have to work for their own money anymore?? Men have to momo them ?? Lmao .. monya nkwasia sika bia na moka ns3m fuu,@gambo_ii Men don’t have to work for their own money anymore?? Women have to momo them ?? Lmao .. monya nkwasia sika bia na moka ns3m fuu
202105,stereotyping_dominance,mixed,M2F,False,True,INVARIANT,False,majority not-sexist; label stays not-sexist under swap,"SiR, Brent and PND are the three most out of pocket R&amp;B artists in the game.  They be talking crazy and we just let them get away with it","Madam, Brent and PND are the three most out of pocket R&amp;B artists in the game.  They be talking crazy and we just let them get away with it"
400463,stereotyping_dominance,high,MIXED,False,True,SHIFTING,True,sexist + woman-focused gendered token swapped; construct likely shifts (author adjudication),"@RealKidPoker 2. Poker rooms. The other fallacy I think you have is in terms of your comparison to romance novels; while you may be correct that there may be a difference in interest, in your comparison there are no barriers for men to buy romance novels. Women have to brace themselves for","@RealKidPoker 2. Poker rooms. The other fallacy I think you have is in terms of your comparison to romance novels; while you may be correct that there may be a difference in interest, in your comparison there are no barriers for women to buy romance novels. Men have to brace themselves for"
201670,stereotyping_dominance,high,MIXED,False,True,SHIFTING,True,sexist + woman-focused gendered token swapped; construct likely shifts (author adjudication),Hard to believe this is a real account on Twitter. A man mansplaining women's issues. https://t.co/ifE3Wgrl6S,Hard to believe this is a real account on Twitter. A woman mansplaining men's issues. https://t.co/ifE3Wgrl6S
200115,stereotyping_dominance,mixed,F2M,False,True,SHIFTING,True,sexist + woman-focused gendered token swapped; construct likely shifts (author adjudication),"Idk it’s just different. Maybe due to ingrained patriarchy or something. I use to tell my bm I’d love to watch her fuck a girl, but another nigga? Hell nah https://t.co/NM5T8FvCTC","Idk it’s just different. Maybe due to ingrained patriarchy or something. I use to tell my bm I’d love to watch his fuck a boy, but another nigga? Hell nah https://t.co/NM5T8FvCTC"
201314,stereotyping_dominance,mixed,F2M,False,True,INVARIANT,False,majority not-sexist; label stays not-sexist under swap,Rain – I still don’t have any memories Because I’m just a twenty year old girl,Rain – I still don’t have any memories Because I’m just a twenty year old boy
200886,stereotyping_dominance,low,MIXED,False,True,SHIFTING,True,sexist + woman-focused gendered token swapped; construct likely shifts (author adjudication),"Boris Johnson never brushing his hair shows gender inequality is very much alive, says Hillary Clinton Clinton will not live to see “true #equality” between men and women -&gt; https://t.co/ytdtbG3tKS#Gender #Genderinequality  #BorisJohnson #HillaryClinton #Women https://t.co/e4NZDoEtgH","Boris Johnson never brushing her hair shows gender inequality is very much alive, says Hillary Clinton Clinton will not live to see “true #equality” between women and men -&gt; https://t.co/ytdtbG3tKS#Gender #Genderinequality  #BorisJohnson #HillaryClinton #Men https://t.co/e4NZDoEtgH"
201833,stereotyping_dominance,high,MIXED,False,True,SHIFTING,True,sexist + woman-focused gendered token swapped; construct likely shifts (author adjudication),"@_gemini_feed But K, we totally ended that type of stuff. Women are safe because that one dude said, ""not all men,"" remember?/s for those who couldn't read the sarcasm dripping in the above comment.","@_gemini_feed But K, we totally ended that type of stuff. Men are safe because that one dude said, ""not all women,"" remember?/s for those who couldn't read the sarcasm dripping in the above comment."
400439,stereotyping_dominance,low,F2M,False,True,SHIFTING,True,sexist + woman-focused gendered token swapped; construct likely shifts (author adjudication),"Woman driving beside me a few minutes ago holding her phone to her ear with her shoulder, while holding a mug of coffee.""Baby on Board"" sticker on both rear windows.","Man driving beside me a few minutes ago holding his phone to his ear with his shoulder, while holding a mug of coffee.""Baby on Board"" sticker on both rear windows."
200241,stereotyping_dominance,high,MIXED,False,True,INVARIANT,False,majority not-sexist; label stays not-sexist under swap,"Healthy androcentrism at its finest, ladies and gentlemen. https://t.co/0vI4KS4lAr","Healthy androcentrism at its finest, gentlemen and ladies. https://t.co/0vI4KS4lAr"
400108,stereotyping_dominance,mixed,MIXED,False,True,SHIFTING,True,sexist + woman-focused gendered token swapped; construct likely shifts (author adjudication),"@mattgaetz The saddest part of this tweet is Matt Gaetz thinks women can be over-educated. I guess, any education above learning how to cook for your husband is too much education for Republicans.","@mattgaetz The saddest part of this tweet is Matt Gaetz thinks men can be over-educated. I guess, any education above learning how to cook for your wife is too much education for Republicans."
200289,stereotyping_dominance,high,MIXED,False,True,INVARIANT,False,majority not-sexist; label stays not-sexist under swap,@teslatize @WholeMarsBlog @elonmusk Why insult her that way?  She can handle it every bit as good as a man.,@teslatize @WholeMarsBlog @elonmusk Why insult his that way?  He can handle it every bit as good as a woman.
202945,stereotyping_dominance,mixed,F2M,False,True,INVARIANT,False,majority not-sexist; label stays not-sexist under swap,Put That Woman First https://t.co/rZ6CvHDFOw via @YouTube https://t.co/vv6dWbDGzR,Put That Man First https://t.co/rZ6CvHDFOw via @YouTube https://t.co/vv6dWbDGzR
201484,stereotyping_dominance,high,M2F,False,True,SHIFTING,True,sexist + woman-focused gendered token swapped; construct likely shifts (author adjudication),"@Carnegro He didn’t even have the half-decency to say “and husband’s belong to their wives.” The disgusting sexist, pro-abuse rhetoric got not even a gasp from the congregation that I could hear.","@Carnegro She didn’t even have the half-decency to say “and wife’s belong to their wives.” The disgusting sexist, pro-abuse rhetoric got not even a gasp from the congregation that I could hear."
202822,stereotyping_dominance,high,F2M,False,True,SHIFTING,True,sexist + woman-focused gendered token swapped; construct likely shifts (author adjudication),@GistReel I understand women are human from different planet but beating them to this extent is UNACCEPTABLE!!!,@GistReel I understand men are human from different planet but beating them to this extent is UNACCEPTABLE!!!
202996,stereotyping_dominance,high,F2M,False,True,SHIFTING,True,sexist + woman-focused gendered token swapped; construct likely shifts (author adjudication),@EthicalNz @stevestales @cassieroma @Alisonmau Any number above 0 is shocking.Refuse to accept that there is any area in NZ where women are not interested and could not meet the standard.My last brigade runs around 40-60%...,@EthicalNz @stevestales @cassieroma @Alisonmau Any number above 0 is shocking.Refuse to accept that there is any area in NZ where men are not interested and could not meet the standard.My last brigade runs around 40-60%...
202549,stereotyping_dominance,low,F2M,False,True,SHIFTING,True,sexist + woman-focused gendered token swapped; construct likely shifts (author adjudication),Only spank women who ask to be.Consent... is sweeter. https://t.co/iuPrEeIF0c,Only spank men who ask to be.Consent... is sweeter. https://t.co/iuPrEeIF0c
200833,stereotyping_dominance,mixed,F2M,False,True,SHIFTING,True,sexist + woman-focused gendered token swapped; construct likely shifts (author adjudication),People are using VP Leni's statement of the war between Russia and Ukraine to degrade VP Leni but that does not cringe her because that is her stand as a leader and an empowered woman compared to BBM who can't even face interviews and debates...,People are using VP Leni's statement of the war between Russia and Ukraine to degrade VP Leni but that does not cringe his because that is his stand as a leader and an empowered man compared to BBM who can't even face interviews and debates...
400249,stereotyping_dominance,mixed,MIXED,False,True,SHIFTING,True,sexist + woman-focused gendered token swapped; construct likely shifts (author adjudication),@Tindola @Fewbrix @PacheduZW @drjaytee87 @begottensun @PatsonDzamara Kuda is dangerous not sure why he is a darling of CCC he is like a woman that one. Ane guhwa,@Tindola @Fewbrix @PacheduZW @drjaytee87 @begottensun @PatsonDzamara Kuda is dangerous not sure why she is a darling of CCC she is like a man that one. Ane guhwa
400423,stereotyping_dominance,high,M2F,False,True,INVARIANT,False,majority not-sexist; label stays not-sexist under swap,Fellow Patroits I am so Patroitic to @realDonaldTrump I'd even use the French fry grease accumulating in His taint to cook my food and scent my American Flag thong underpantsI'm THAT Patriotic. Bet you can't be more Patroitic than that! 🇺🇸🇺🇸🇺🇸🇺🇸🇺🇸,Fellow Patroits I am so Patroitic to @realDonaldTrump I'd even use the French fry grease accumulating in Her taint to cook my food and scent my American Flag thong underpantsI'm THAT Patriotic. Bet you can't be more Patroitic than that! 🇺🇸🇺🇸🇺🇸🇺🇸🇺🇸
200792,stereotyping_dominance,high,MIXED,False,True,SHIFTING,True,sexist + woman-focused gendered token swapped; construct likely shifts (author adjudication),"@JoJoFromJerz @KellyannePolls Your what they call a ""dumb blonde"" you have no clue what your talking about. At least she answers questions unlike your man Bidan, who doesn't, because he can't answer questions","@JoJoFromJerz @KellyannePolls Your what they call a ""dumb blonde"" you have no clue what your talking about. At least he answers questions unlike your woman Bidan, who doesn't, because she can't answer questions"
200501,stereotyping_dominance,high,M2F,False,True,SHIFTING,True,sexist + woman-focused gendered token swapped; construct likely shifts (author adjudication),call me sexist but i just think buttling is a man’s job,call me sexist but i just think buttling is a woman’s job
202779,stereotyping_dominance,high,F2M,False,True,SHIFTING,True,sexist + woman-focused gendered token swapped; construct likely shifts (author adjudication),@brightstrangely @Rebel77Angel @Seamusismycat @MarianaLorca @coaxialcreature @PurrveyorOfCats @CassandraCmplex @ChaiTeaNoTaiChi @1CaptainAuTiSm1 @goody_kate @witchyisbak @fear_the_kitten @AugustaAndarta @forevershallon @KatieK1977 @altipepper @DwindlingGravy @PReconciliatio1 @MeowmeowPhd @SammySammyStagg @ilovepreserves @BornWithOvaries @weskerjtk @manimalian @alandriscoll @IamCassieCurtis @Vampyr_Hunter @babychops1 @JaneQuaife @MyladyGrace @NPutzo @DatCatDer @Tarsiuslariang @vindaloo_vixen @seamus No you're a woman who married for money so you can stay home all day doing nothing  aka  trophy wife,@brightstrangely @Rebel77Angel @Seamusismycat @MarianaLorca @coaxialcreature @PurrveyorOfCats @CassandraCmplex @ChaiTeaNoTaiChi @1CaptainAuTiSm1 @goody_kate @witchyisbak @fear_the_kitten @AugustaAndarta @forevershallon @KatieK1977 @altipepper @DwindlingGravy @PReconciliatio1 @MeowmeowPhd @SammySammyStagg @ilovepreserves @BornWithOvaries @weskerjtk @manimalian @alandriscoll @IamCassieCurtis @Vampyr_Hunter @babychops1 @JaneQuaife @MyladyGrace @NPutzo @DatCatDer @Tarsiuslariang @vindaloo_vixen @seamus No you're a man who married for money so you can stay home all day doing nothing  aka  trophy husband
202217,stereotyping_dominance,mixed,M2F,False,True,INVARIANT,False,majority not-sexist; label stays not-sexist under swap,Probably just me 🤔 but why do I get the feeling he's a homophobe/repressed homosexual? https://t.co/F8vGVG9civ,Probably just me 🤔 but why do I get the feeling she's a homophobe/repressed homosexual? https://t.co/F8vGVG9civ
202871,stereotyping_dominance,high,MIXED,False,True,SHIFTING,True,sexist + woman-focused gendered token swapped; construct likely shifts (author adjudication),@Ellinadear The same one that fought like a mad woman with everyone in the house is who they said he commanded to come to his live. And she carried her sef went on the live and typed. Lol they are seeking victim card. Gezz is wm the only guy from their set? What is this,@Ellinadear The same one that fought like a mad man with everyone in the house is who they said she commanded to come to her live. And he carried his sef went on the live and typed. Lol they are seeking victim card. Gezz is wm the only guy from their set? What is this
400152,stereotyping_dominance,high,F2M,False,True,SHIFTING,True,sexist + woman-focused gendered token swapped; construct likely shifts (author adjudication),"“i’m not a feminazi so i don’t know what screws, hammers, or tools are” SHUT. THE FUCK. UP. i hate this lady so fucking much","“i’m not a feminazi so i don’t know what screws, hammers, or tools are” SHUT. THE FUCK. UP. i hate this gentleman so fucking much"
202952,stereotyping_dominance,low,F2M,False,True,SHIFTING,True,sexist + woman-focused gendered token swapped; construct likely shifts (author adjudication),"@drnovocalcords @ScotsAHF @Wifty8 @TouchMyTeapot @reallorraine No you're misunderstanding me, sorry it was poorly wordedWe can go on using the word woman, and i hope people do. Of course. I'm just saying for medical uses you could in theory come up with a new word. Although I'm not sure I agree with that anymore having discussed w others","@drnovocalcords @ScotsAHF @Wifty8 @TouchMyTeapot @reallorraine No you're misunderstanding me, sorry it was poorly wordedWe can go on using the word man, and i hope people do. Of course. I'm just saying for medical uses you could in theory come up with a new word. Although I'm not sure I agree with that anymore having discussed w others"
202934,stereotyping_dominance,high,MIXED,False,True,SHIFTING,True,sexist + woman-focused gendered token swapped; construct likely shifts (author adjudication),Men’s neck turn 180 degree like a fucking owl when they see a woman driving a car,Women’s neck turn 180 degree like a fucking owl when they see a man driving a car
203004,stereotyping_dominance,low,F2M,False,True,SHIFTING,True,sexist + woman-focused gendered token swapped; construct likely shifts (author adjudication),Like women can’t win either way https://t.co/TCbyuUmEAG,Like men can’t win either way https://t.co/TCbyuUmEAG
202617,stereotyping_dominance,low,F2M,False,True,SHIFTING,True,sexist + woman-focused gendered token swapped; construct likely shifts (author adjudication),"Some of the strongest, most accomplished women we know suffer from a phenomenon termed the ""superwoman syndrome"". Donna May and Rose Breyla share 5 ways to help women leaders break free and prioritise self care.Read: https://t.co/xPCHNR33hu #MentalHealthMatters https://t.co/W2rGGpdNyD","Some of the strongest, most accomplished men we know suffer from a phenomenon termed the ""superwoman syndrome"". Donna May and Rose Breyla share 5 ways to help men leaders break free and prioritise self care.Read: https://t.co/xPCHNR33hu #MentalHealthMatters https://t.co/W2rGGpdNyD"
201615,stereotyping_dominance,mixed,MIXED,False,True,INVARIANT,False,majority not-sexist; label stays not-sexist under swap,"Ladies don't be a boring girlfriend, take him to the motuary and show him the space you have reserved for him if he breaks your heart.","Gentlemen don't be a boring boyfriend, take him to the motuary and show him the space you have reserved for him if she breaks your heart."
201131,stereotyping_dominance,low,F2M,False,True,SHIFTING,True,sexist + woman-focused gendered token swapped; construct likely shifts (author adjudication),@TRiCKETTengland @saizydNUFC - this sounds just right for a girl with 62 shirts !,@TRiCKETTengland @saizydNUFC - this sounds just right for a boy with 62 shirts !
202175,stereotyping_dominance,low,MIXED,False,True,SHIFTING,True,sexist + woman-focused gendered token swapped; construct likely shifts (author adjudication),"The concept of women boobs vs man nipples, like wtf, one day im puritan and like neither should be shown. The next day i am in favor of freeing both. I think it depends on the amount of rage i have within me. ( The former is the more rageful)","The concept of men boobs vs woman nipples, like wtf, one day im puritan and like neither should be shown. The next day i am in favor of freeing both. I think it depends on the amount of rage i have within me. ( The former is the more rageful)"
201834,stereotyping_dominance,low,M2F,False,True,SHIFTING,True,sexist + woman-focused gendered token swapped; construct likely shifts (author adjudication),Men will say “nOT aLL mEn” then proceed to do what all men do https://t.co/OjnJw2ZqYt,Women will say “nOT aLL women” then proceed to do what all women do https://t.co/OjnJw2ZqYt
202780,stereotyping_dominance,mixed,F2M,False,True,SHIFTING,True,sexist + woman-focused gendered token swapped; construct likely shifts (author adjudication),I'm not cut out for this peasant life at this point I just wanna be a trophy wife,I'm not cut out for this peasant life at this point I just wanna be a trophy husband
202776,stereotyping_dominance,high,MIXED,False,True,SHIFTING,True,sexist + woman-focused gendered token swapped; construct likely shifts (author adjudication),📌 Kidnapped trophy wife who finds out she's a squirter after her husband takes too long to organise the ransom payoff.,📌 Kidnapped trophy husband who finds out he's a squirter after his wife takes too long to organise the ransom payoff.
201498,stereotyping_dominance,low,M2F,False,True,SHIFTING,True,sexist + woman-focused gendered token swapped; construct likely shifts (author adjudication),"@ExistentialEnso What to do about your husband watching porn? Say, ""honey, I see that you like porn. You may enjoy the quality adult comic books written by @Mase_Corgan,"" and then give him the web site info.","@ExistentialEnso What to do about your wife watching porn? Say, ""honey, I see that you like porn. You may enjoy the quality adult comic books written by @Mase_Corgan,"" and then give him the web site info."
201781,stereotyping_dominance,high,F2M,False,True,SHIFTING,True,sexist + woman-focused gendered token swapped; construct likely shifts (author adjudication),The biggest set up back for most women is the losers they decide to fuck and become emotionally attached to,The biggest set up back for most men is the losers they decide to fuck and become emotionally attached to
202645,stereotyping_dominance,mixed,M2F,False,True,INVARIANT,False,majority not-sexist; label stays not-sexist under swap,The Boys Club: A Female Perspective on Cannabis Week in Vegas - via @BeardBrosPharms https://t.co/rcrkCy0UFY,The Girls Club: A Female Perspective on Cannabis Week in Vegas - via @BeardBrosPharms https://t.co/rcrkCy0UFY
201822,stereotyping_dominance,high,M2F,False,True,INVARIANT,False,majority not-sexist; label stays not-sexist under swap,"@brotushaan @unstablemaria Your argument is along the same lines as some men arguing ""not all men"". Neither helps!","@brotushaan @unstablemaria Your argument is along the same lines as some women arguing ""not all women"". Neither helps!"
203152,stereotyping_dominance,high,M2F,False,True,SHIFTING,True,sexist + woman-focused gendered token swapped; construct likely shifts (author adjudication),"@nah_b__ Yeah. Again homophobia, but at it's core it's misogyny. All these things are behaviors that *womyn* are socially conditioned to do--self care. Men see it as femme &amp; are conditioned to see being gay as inherently femme. So men doing things = femme= gay. It is so ridiculous.","@nah_b__ Yeah. Again homophobia, but at it's core it's misogyny. All these things are behaviors that *womyn* are socially conditioned to do--self care. Women see it as femme &amp; are conditioned to see being gay as inherently femme. So women doing things = femme= gay. It is so ridiculous."
202806,stereotyping_dominance,low,MIXED,False,True,SHIFTING,True,sexist + woman-focused gendered token swapped; construct likely shifts (author adjudication),"She turned to glare at him, ""Well if you're so advanced at this, go ahead professor, what's wrong with it."" He looked at her and smirked, ""The leeches, Granger, you sliced them wrong."" ""No I didn-""Oh. OH. Diagonal, not horizontal. Goddric's underpants how dense can she get.","He turned to glare at him, ""Well if you're so advanced at this, go ahead professor, what's wrong with it."" She looked at him and smirked, ""The leeches, Granger, you sliced them wrong."" ""No I didn-""Oh. OH. Diagonal, not horizontal. Goddric's underpants how dense can he get."
200580,stereotyping_dominance,high,M2F,False,True,INVARIANT,False,majority not-sexist; label stays not-sexist under swap,"@Pontifex approves #canonization of Bl. Titus Brandsma!The Holy Father approved the miracle that will allow #Carmelite Titus Brandsma, #martyr in #Dachau, to be declared a #saint.English https://t.co/6veIwHpZNVSpanish https://t.co/XeXfrxTbX9Italian https://t.co/ZeqPHfgFaG https://t.co/MBp1IY8fS7","@Pontifex approves #canonization of Bl. Titus Brandsma!The Holy Mother approved the miracle that will allow #Carmelite Titus Brandsma, #martyr in #Dachau, to be declared a #saint.English https://t.co/6veIwHpZNVSpanish https://t.co/XeXfrxTbX9Italian https://t.co/ZeqPHfgFaG https://t.co/MBp1IY8fS7"
202470,stereotyping_dominance,high,M2F,False,True,SHIFTING,True,sexist + woman-focused gendered token swapped; construct likely shifts (author adjudication),"@smallgu79761196 YOOOOOOO MMYYYY.....IT IS LIKE SEEING A FANTASY OF A VERY MACHO MAN, BECOME A SWEET PRINCESS WHO IS REALLY A FUCKING SLUT...THANKS FOR HOW YOU SHARE","@smallgu79761196 YOOOOOOO MMYYYY.....IT IS LIKE SEEING A FANTASY OF A VERY MACHO WOMAN, BECOME A SWEET PRINCESS WHO IS REALLY A FUCKING SLUT...THANKS FOR HOW YOU SHARE"
202788,objectification,high,MIXED,False,True,SHIFTING,True,sexist + woman-focused gendered token swapped; construct likely shifts (author adjudication),This is obviously a bad pic to judge her on lol. She’s not ugly she’s just a regular attractive woman but I think ppl don’t realize the appeal to women like her for those men is their “reputation” not that they’re the finest women on earth. https://t.co/aWlGvhUMuZ,This is obviously a bad pic to judge him on lol. He’s not ugly he’s just a regular attractive man but I think ppl don’t realize the appeal to men like him for those women is their “reputation” not that they’re the finest men on earth. https://t.co/aWlGvhUMuZ
202991,objectification,high,F2M,False,True,SHIFTING,True,sexist + woman-focused gendered token swapped; construct likely shifts (author adjudication),@AmyEBurdett1 That’s a lot of fancy words just to say “women are things”,@AmyEBurdett1 That’s a lot of fancy words just to say “men are things”
201616,objectification,high,F2M,False,True,SHIFTING,True,sexist + woman-focused gendered token swapped; construct likely shifts (author adjudication),"Ladies, don't let you being a lady deceive you that you ain't gotta take care of yourself. We observe and pick the clean ones among you, mind you I didn't say ""pure"". Who even is aye?","Gentlemen, don't let you being a gentleman deceive you that you ain't gotta take care of yourself. We observe and pick the clean ones among you, mind you I didn't say ""pure"". Who even is aye?"
200617,objectification,high,MIXED,False,True,SHIFTING,True,sexist + woman-focused gendered token swapped; construct likely shifts (author adjudication),"I have kept a seat for you. Bye""Nkiru was meant to be a short term relationship but he woke up one day to realize they have been together for two years and counting. Each day he wakes up more interested in her.""Guy that your babe sha. She go dey cock-block you.4/","I have kept a seat for you. Bye""Nkiru was meant to be a short term relationship but she woke up one day to realize they have been together for two years and counting. Each day she wakes up more interested in his.""Guy that your babe sha. He go dey cock-block you.4/"
200305,objectification,high,F2M,False,True,SHIFTING,True,sexist + woman-focused gendered token swapped; construct likely shifts (author adjudication),With a bitch that say she the realest but she gotta fake ass 🤨,With a bitch that say he the realest but he gotta fake ass 🤨
200128,objectification,high,F2M,False,True,SHIFTING,True,sexist + woman-focused gendered token swapped; construct likely shifts (author adjudication),"Catcalls of College Park launched to spread awareness and spur dialogue about a culture of catcalling.  This harassment can has an impact on victims, and restricts women's engagement in civic life.  Every woman has a street story.  What's yours?  #chalkback #stopstreetharassment https://t.co/kjJ2pgkEGR","Catcalls of College Park launched to spread awareness and spur dialogue about a culture of catcalling.  This harassment can has an impact on victims, and restricts men's engagement in civic life.  Every man has a street story.  What's yours?  #chalkback #stopstreetharassment https://t.co/kjJ2pgkEGR"
203073,objectification,high,MIXED,False,True,SHIFTING,True,sexist + woman-focused gendered token swapped; construct likely shifts (author adjudication),@michaeljburry Again. Trump defenders cling to a shred of ambiguity while denying the insanity of what he said. It's like I say 'Your mother spends all of her time in bars where men pay women for sex' -- now I didn't say she was a prostitute...,@michaeljburry Again. Trump defenders cling to a shred of ambiguity while denying the insanity of what she said. It's like I say 'Your father spends all of his time in bars where women pay men for sex' -- now I didn't say he was a prostitute...
200505,objectification,mixed,F2M,False,True,SHIFTING,True,sexist + woman-focused gendered token swapped; construct likely shifts (author adjudication),"@Russtophocles1 Girls don’t count as reply guys , call me sexist but I always love compliments from da gals. Even if they are horny posting😂😂 but if you’re mean I will cry","@Russtophocles1 Boys don’t count as reply guys , call me sexist but I always love compliments from da gals. Even if they are horny posting😂😂 but if you’re mean I will cry"
202150,objectification,mixed,MIXED,False,True,SHIFTING,True,sexist + woman-focused gendered token swapped; construct likely shifts (author adjudication),"@TonstaRecords @prttygyalvibes Because the last time I checked, the same very same men (blk men) that impregnate blk women are the same men that get exoticals and non blk women pregnant and make them single mothers too. I done answered my own damn question. Smh.","@TonstaRecords @prttygyalvibes Because the last time I checked, the same very same women (blk women) that impregnate blk men are the same women that get exoticals and non blk men pregnant and make them single mothers too. I done answered my own damn question. Smh."
201815,objectification,mixed,M2F,False,True,INVARIANT,False,majority not-sexist; label stays not-sexist under swap,"@NeedyNdSoft And just 10 min ago, I was thinking of how I desperately need a man who can fuck my brains out.","@NeedyNdSoft And just 10 min ago, I was thinking of how I desperately need a woman who can fuck my brains out."
201918,objectification,mixed,F2M,False,True,SHIFTING,True,sexist + woman-focused gendered token swapped; construct likely shifts (author adjudication),"WTF! For a magazine calling itself In Touch, they certainly are out of it! Somebody missed the memo that publicly objectifying women is SO 20th century. #20thcenturyfucks  #halsey #objectification #intouch #outoftouch https://t.co/jxq8EEaQNK","WTF! For a magazine calling itself In Touch, they certainly are out of it! Somebody missed the memo that publicly objectifying men is SO 20th century. #20thcenturyfucks  #halsey #objectification #intouch #outoftouch https://t.co/jxq8EEaQNK"
201149,objectification,low,MIXED,False,True,SHIFTING,True,sexist + woman-focused gendered token swapped; construct likely shifts (author adjudication),@princessdelfueg @imbabytate He would be dying for a woman that's not his. The whole point of the display is to attract a mate lol.,@princessdelfueg @imbabytate She would be dying for a man that's not hers. The whole point of the display is to attract a mate lol.
200627,objectification,high,F2M,False,True,SHIFTING,True,sexist + woman-focused gendered token swapped; construct likely shifts (author adjudication),@KayleighZone Every office has that girl who rides the cock carousel.,@KayleighZone Every office has that boy who rides the cock carousel.
202774,objectification,mixed,F2M,False,True,SHIFTING,True,sexist + woman-focused gendered token swapped; construct likely shifts (author adjudication),"@TMZ Wait, so she don't like being ""Fat Trophy WIfe""?? They push the body positivity thing, but they know that's not right. Look at how many ""BOdy Positivity"" people have decided to lose weight. Nobody that is fat is truly happy with how fat they are.....Nobody!!!","@TMZ Wait, so he don't like being ""Fat Trophy Husband""?? They push the body positivity thing, but they know that's not right. Look at how many ""BOdy Positivity"" people have decided to lose weight. Nobody that is fat is truly happy with how fat they are.....Nobody!!!"
201786,objectification,low,F2M,False,True,SHIFTING,True,sexist + woman-focused gendered token swapped; construct likely shifts (author adjudication),"@JeannieNo21 @schumoo Good , cuz I’m tired of the names most women have called my penis  , its hurtful 😬😎","@JeannieNo21 @schumoo Good , cuz I’m tired of the names most men have called my penis  , its hurtful 😬😎"
400197,objectification,mixed,F2M,False,True,INVARIANT,False,majority not-sexist; label stays not-sexist under swap,Isa hot girl summer now pop yall shit https://t.co/bU1bzAUuvr,Isa hot boy summer now pop yall shit https://t.co/bU1bzAUuvr
201039,objectification,high,F2M,False,True,SHIFTING,True,sexist + woman-focused gendered token swapped; construct likely shifts (author adjudication),@ElloSteph @MattWalshBlog Since when has a woman stopped being defined as property or second class citizens ? Are you saying the feminine mystique isn't a real thing ? That the burden of being a woman isn't real ? Sexism isn't real anymore ? Lol because society will always seen women as property,@ElloSteph @MattWalshBlog Since when has a man stopped being defined as property or second class citizens ? Are you saying the feminine mystique isn't a real thing ? That the burden of being a man isn't real ? Sexism isn't real anymore ? Lol because society will always seen men as property
201452,objectification,high,F2M,False,True,INVARIANT,False,majority not-sexist; label stays not-sexist under swap,"Stepping closer, the blonde placed her arms around Cassandra’s hips returning her smirk.  “Oh no, actually I was hiding from my own mother if anything.” She then pulled the woman close and reached up to peck her soft lips.  “ I’ve missed you, my love.” https://t.co/jr9yxS1PG5","Stepping closer, the blonde placed his arms around Cassandra’s hips returning his smirk.  “Oh no, actually I was hiding from my own father if anything.” He then pulled the man close and reached up to peck his soft lips.  “ I’ve missed you, my love.” https://t.co/jr9yxS1PG5"
400433,objectification,high,M2F,False,True,INVARIANT,False,majority not-sexist; label stays not-sexist under swap,BUT YOUR GIFT IS WASTED ON ME???????? SHUT THE FUCK USPSNWOMSKW THATS WHEN I JUST STARTED BAWLING THATS WHAT SIMPLY DID IT FOR ME HE’S SO VULNERABLE AND OPEN IN LITTLE FREAK IM A FUCKING MESS,BUT YOUR GIFT IS WASTED ON ME???????? SHUT THE FUCK USPSNWOMSKW THATS WHEN I JUST STARTED BAWLING THATS WHAT SIMPLY DID IT FOR ME SHE’S SO VULNERABLE AND OPEN IN LITTLE FREAK IM A FUCKING MESS
400083,objectification,mixed,F2M,False,True,INVARIANT,False,majority not-sexist; label stays not-sexist under swap,"@MrAxedead @LordofPoyos @gimmie20dollas no its canon, mrs atlus told me herself","@MrAxedead @LordofPoyos @gimmie20dollas no its canon, mr atlus told me himself"
200334,objectification,mixed,MIXED,False,True,SHIFTING,True,sexist + woman-focused gendered token swapped; construct likely shifts (author adjudication),@jessika7979 Urgh a crazy fit woman… with decent movie tastes hey we don’t have to agree on every movie lolll( but Yh he’s lucky wish u luck it’s anxiety provoking going up to someone attractive),@jessika7979 Urgh a crazy fit man… with decent movie tastes hey we don’t have to agree on every movie lolll( but Yh she’s lucky wish u luck it’s anxiety provoking going up to someone attractive)
201651,objectification,low,MIXED,False,True,SHIFTING,True,sexist + woman-focused gendered token swapped; construct likely shifts (author adjudication),"Ford has one of my favorite lines ever in a movie in WORKING GIRL: ""You're the first woman I've seen at one of these things who dresses like a woman, not the way a woman thinks a man would dress if he was a woman."" (to Melanie Griffith who goes to a cocktail party in a dress)","Ford has one of my favorite lines ever in a movie in WORKING BOY: ""You're the first man I've seen at one of these things who dresses like a man, not the way a man thinks a woman would dress if she was a man."" (to Melanie Griffith who goes to a cocktail party in a dress)"
400064,objectification,high,MIXED,False,True,SHIFTING,True,sexist + woman-focused gendered token swapped; construct likely shifts (author adjudication),aw man she dat one good girl worth a thousand bitches. we'll see in the long run.,aw woman he dat one good boy worth a thousand bitches. we'll see in the long run.
400286,objectification,high,F2M,False,True,SHIFTING,True,sexist + woman-focused gendered token swapped; construct likely shifts (author adjudication),"@Coochie_Chariot female charas being flirty/sexy isnt always bad n i know digimon has always kinda had an objectification-of-women issue (most media does tbh?) but it seems to be nearly the ONLY way the game is interested in presenting women and it kinda sucks, esp since yea. the game IS good","@Coochie_Chariot female charas being flirty/sexy isnt always bad n i know digimon has always kinda had an objectification-of-men issue (most media does tbh?) but it seems to be nearly the ONLY way the game is interested in presenting men and it kinda sucks, esp since yea. the game IS good"
203120,objectification,low,F2M,False,True,SHIFTING,True,sexist + woman-focused gendered token swapped; construct likely shifts (author adjudication),@Chris_Hoare Women shouldn't have to smile next to people that make them uncomfortable to make you feel more comfortable.,@Chris_Hoare Men shouldn't have to smile next to people that make them uncomfortable to make you feel more comfortable.
200410,objectification,high,F2M,False,True,SHIFTING,True,sexist + woman-focused gendered token swapped; construct likely shifts (author adjudication),I just caught my bitch cheating and I’m too playa to tell her what I just peeped 😂😂😂,I just caught my bitch cheating and I’m too playa to tell his what I just peeped 😂😂😂
202770,objectification,high,MIXED,False,True,SHIFTING,True,sexist + woman-focused gendered token swapped; construct likely shifts (author adjudication),Logging into corporate 9 to 5 life and wondering when my fiancé is going to inform me of his plans to make me a kept woman and trophy wife. https://t.co/JWj95nLu81,Logging into corporate 9 to 5 life and wondering when my fiancé is going to inform me of her plans to make me a kept man and trophy husband. https://t.co/JWj95nLu81
203045,objectification,low,F2M,False,True,SHIFTING,True,sexist + woman-focused gendered token swapped; construct likely shifts (author adjudication),@bag_country Well honestly some women don’t know that they have a natural scent. When you ask them they say I don’t have a scent and I’m not musty which are two different things,@bag_country Well honestly some men don’t know that they have a natural scent. When you ask them they say I don’t have a scent and I’m not musty which are two different things
400475,objectification,mixed,MIXED,False,True,SHIFTING,True,sexist + woman-focused gendered token swapped; construct likely shifts (author adjudication),"@rachelnabors Wanna know a fun way to make a nut like that angry?Step in between him and the women when they go to leave, then point to your airpods and say ""I can't hear you bro, my headphones are in"" when he starts to yell at you instead.","@rachelnabors Wanna know a fun way to make a nut like that angry?Step in between him and the men when they go to leave, then point to your airpods and say ""I can't hear you bro, my headphones are in"" when she starts to yell at you instead."
202954,objectification,mixed,F2M,False,True,SHIFTING,True,sexist + woman-focused gendered token swapped; construct likely shifts (author adjudication),“All those are girls are fucking idiots for not taking you.”This woman is fucking amazing.,“All those are boys are fucking idiots for not taking you.”This man is fucking amazing.
400338,objectification,low,M2F,False,True,SHIFTING,True,sexist + woman-focused gendered token swapped; construct likely shifts (author adjudication),"@lemio01 @project_brsDF Smiley's sex role may be reduced in making the next EP, he's a sex villain anyway since Smiley is the representative for the Hentai Loli artist. 🤔💙💚","@lemio01 @project_brsDF Smiley's sex role may be reduced in making the next EP, she's a sex villain anyway since Smiley is the representative for the Hentai Loli artist. 🤔💙💚"
202955,objectification,mixed,F2M,False,True,SHIFTING,True,sexist + woman-focused gendered token swapped; construct likely shifts (author adjudication),"@CYNDI_ROSE__ @Lancegooden You’re a very HANDSOME woman. Ya know, since we’re circling things in screenshots🤷🏾‍♂️ https://t.co/nb2FZXfbG8","@CYNDI_ROSE__ @Lancegooden You’re a very HANDSOME man. Ya know, since we’re circling things in screenshots🤷🏾‍♂️ https://t.co/nb2FZXfbG8"
200321,objectification,mixed,F2M,False,True,SHIFTING,True,sexist + woman-focused gendered token swapped; construct likely shifts (author adjudication),Tracee Ellis Ross' Silliness is Attractive on top her having a Bangin' ass Body,Tracee Ellis Ross' Silliness is Attractive on top his having a Bangin' ass Body
202858,objectification,mixed,F2M,False,True,SHIFTING,True,sexist + woman-focused gendered token swapped; construct likely shifts (author adjudication),"@DerVampir_Prinz “M-maaaster!” Whines, trying to cover her legs more with the very short skirt. “People can see everything! And the colors don’t suit me! It is all too cute!”","@DerVampir_Prinz “M-maaaster!” Whines, trying to cover his legs more with the very short skirt. “People can see everything! And the colors don’t suit me! It is all too cute!”"
201322,objectification,mixed,MIXED,False,True,SHIFTING,True,sexist + woman-focused gendered token swapped; construct likely shifts (author adjudication),"Sorry but I really am disgusted at men marrying underage girls. 😖 I don’t get it, plainly speaking, there r so many beautiful, good mature women out there..but this? Why? Cannot wait ah? Underage girls can’t back yr urge is it? Then what? Divorce and find another one?","Sorry but I really am disgusted at women marrying underage boys. 😖 I don’t get it, plainly speaking, there r so many beautiful, good mature men out there..but this? Why? Cannot wait ah? Underage boys can’t back yr urge is it? Then what? Divorce and find another one?"
201634,objectification,high,F2M,False,True,INVARIANT,False,majority not-sexist; label stays not-sexist under swap,♫ NOW PLAYING : Treat Her Like A Lady (Single Version) by The Temptations https://t.co/SnQOMeRAH7 https://t.co/jAkZdf32qV,♫ NOW PLAYING : Treat His Like A Gentleman (Single Version) by The Temptations https://t.co/SnQOMeRAH7 https://t.co/jAkZdf32qV
203100,objectification,high,MIXED,False,True,SHIFTING,True,sexist + woman-focused gendered token swapped; construct likely shifts (author adjudication),"Corny ass men do shit like this, as if they were even asked. He’s the type to say, “all women have to offer is pussy”First of all fuck nigga, I didn’t even offer that. 🤨 https://t.co/UtSgo6NIdX","Corny ass women do shit like this, as if they were even asked. She’s the type to say, “all men have to offer is pussy”First of all fuck nigga, I didn’t even offer that. 🤨 https://t.co/UtSgo6NIdX"
200511,objectification,high,F2M,False,True,SHIFTING,True,sexist + woman-focused gendered token swapped; construct likely shifts (author adjudication),"Call me sexist but if I were a woman with big knockers this tweet would have garnished probably over 500 plus likes, so where is the reality?","Call me sexist but if I were a man with big knockers this tweet would have garnished probably over 500 plus likes, so where is the reality?"
202300,objectification,low,M2F,False,True,SHIFTING,True,sexist + woman-focused gendered token swapped; construct likely shifts (author adjudication),"After I outline what he’s done, he gets a chance to respond. Ironically his responses are all about OTHER instances of sexual harassment and bullying, not the ones I mentioned jn the addendum. He’s basically admitting a pattern of terrible behavior.","After I outline what she’s done, she gets a chance to respond. Ironically her responses are all about OTHER instances of sexual harassment and bullying, not the ones I mentioned jn the addendum. She’s basically admitting a pattern of terrible behavior."
200399,objectification,high,MIXED,False,True,SHIFTING,True,sexist + woman-focused gendered token swapped; construct likely shifts (author adjudication),@upstateknits This post was brought to you by the trumpanzee that told me I need to learn how to speak English after saying by the by instead of by the way... totally ignoring the fact that I called him an incestuous bint and his mum a whore... lmfao 🤣 🤣 🤣,@upstateknits This post was brought to you by the trumpanzee that told me I need to learn how to speak English after saying by the by instead of by the way... totally ignoring the fact that I called him an incestuous bint and her dad a whore... lmfao 🤣 🤣 🤣
400287,objectification,high,MIXED,False,True,SHIFTING,True,sexist + woman-focused gendered token swapped; construct likely shifts (author adjudication),@ShelleyKingsto3 @CNP_MacFarlane @CanadianinAB It's objectification &amp; dehumanizing. I saw someone take time out of their day to make a strong political point about Horwath 🙄(sarcasm) -- he Tweeted about how her photo looked like it had lots of photoshop. Such pathetic clowns.,@ShelleyKingsto3 @CNP_MacFarlane @CanadianinAB It's objectification &amp; dehumanizing. I saw someone take time out of their day to make a strong political point about Horwath 🙄(sarcasm) -- she Tweeted about how his photo looked like it had lots of photoshop. Such pathetic clowns.
202601,objectification,mixed,F2M,False,True,INVARIANT,False,majority not-sexist; label stays not-sexist under swap,"@IssaRae Characters like Molly on #insecurehbo is exactly why I wrote, Woman, Take Off Your Cape!The #superwoman syndrome is literally making black women sick!We just can't say no to save our lives!#issarae #Insecure #MentalHealthMatters #blackmentalhealth #womensmentalhealth","@IssaRae Characters like Molly on #insecurehbo is exactly why I wrote, Man, Take Off Your Cape!The #superwoman syndrome is literally making black men sick!We just can't say no to save our lives!#issarae #Insecure #MentalHealthMatters #blackmentalhealth #womensmentalhealth"
203242,objectification,high,M2F,False,True,SHIFTING,True,sexist + woman-focused gendered token swapped; construct likely shifts (author adjudication),one time I sucked d**k so hard that I looked at myself in the mirror and was like holy shiiit I’m so ugly &amp; he was like “you look like a whore. I love it!” LMAOOOOO,one time I sucked d**k so hard that I looked at myself in the mirror and was like holy shiiit I’m so ugly &amp; she was like “you look like a whore. I love it!” LMAOOOOO
201332,objectification,high,F2M,False,True,INVARIANT,False,majority not-sexist; label stays not-sexist under swap,"This is what happens when you have a complete game mindset! 💣 My GRAND SLAM helped in our win over a solid TNT FL Gold team! Had so much fun with my girls, can't wait for Spring!! 😍 #TheBlue💙 @CompleteGame @LacesUp10 @ToriTyson @HUBisonSoftball @LAHGRIDDY2x https://t.co/DIhcMS9A99","This is what happens when you have a complete game mindset! 💣 My GRAND SLAM helped in our win over a solid TNT FL Gold team! Had so much fun with my boys, can't wait for Spring!! 😍 #TheBlue💙 @CompleteGame @LacesUp10 @ToriTyson @HUBisonSoftball @LAHGRIDDY2x https://t.co/DIhcMS9A99"
201902,objectification,high,M2F,False,True,SHIFTING,True,sexist + woman-focused gendered token swapped; construct likely shifts (author adjudication),"Ngl I feel like a blow up doll sometimes because of how men treat me. 😐 Zero respect, total objectification and bad vibes. I'm over it!!!","Ngl I feel like a blow up doll sometimes because of how women treat me. 😐 Zero respect, total objectification and bad vibes. I'm over it!!!"
201626,objectification,mixed,F2M,False,True,SHIFTING,True,sexist + woman-focused gendered token swapped; construct likely shifts (author adjudication),dis shit look like a lady from tha 1600s  ain’t it https://t.co/o4W9hacvbm,dis shit look like a gentleman from tha 1600s  ain’t it https://t.co/o4W9hacvbm
202669,objectification,low,F2M,False,True,SHIFTING,True,sexist + woman-focused gendered token swapped; construct likely shifts (author adjudication),"Scene one, scene two. She does not need any more scenes to show her elegance. Allured like pure snow, a divine frame like she is. Posing a posture might not be an issue for her, yet the gaze she holds brought you more than a significance. “Look at her and don't stop..” https://t.co/hljiIAqlz3","Scene one, scene two. He does not need any more scenes to show his elegance. Allured like pure snow, a divine frame like he is. Posing a posture might not be an issue for his, yet the gaze he holds brought you more than a significance. “Look at him and don't stop..” https://t.co/hljiIAqlz3"
202855,objectification,mixed,M2F,False,True,INVARIANT,False,majority not-sexist; label stays not-sexist under swap,"pink &amp; tries to hide his face in the hood he’s wearing while pulling down the very short skirt of his costume. “m-maybe i shouldn’t have let ochako talk me into this,” he mutters.“nonsense! you look great! &amp; i think our classmates would agree,” mina winks &amp; shoves a drink","pink &amp; tries to hide her face in the hood she’s wearing while pulling down the very short skirt of her costume. “m-maybe i shouldn’t have let ochako talk me into this,” she mutters.“nonsense! you look great! &amp; i think our classmates would agree,” mina winks &amp; shoves a drink"
200353,objectification,mixed,F2M,False,True,INVARIANT,False,majority not-sexist; label stays not-sexist under swap,I like the direction Yara is going in with her looks. She always looks beautiful  — I do want to see the more mature silhouettes maybe updated + refreshed for her tho so it’s youthful — Referencing a 50-something year old Jo Baker + retro silhouettes mature the look a lot,I like the direction Yara is going in with his looks. He always looks beautiful  — I do want to see the more mature silhouettes maybe updated + refreshed for his tho so it’s youthful — Referencing a 50-something year old Jo Baker + retro silhouettes mature the look a lot
202706,objectification,low,MIXED,False,True,SHIFTING,True,sexist + woman-focused gendered token swapped; construct likely shifts (author adjudication),@Heels_Desires He probably hasn't seen a girl naked up close before.  Your tits are perfect.,@Heels_Desires She probably hasn't seen a boy naked up close before.  Your tits are perfect.
202854,objectification,high,F2M,False,True,SHIFTING,True,sexist + woman-focused gendered token swapped; construct likely shifts (author adjudication),@Muskrat__ @TheGreenNewDill @disclosetv “She brought a very short skirt across state lines”,@Muskrat__ @TheGreenNewDill @disclosetv “He brought a very short skirt across state lines”
203026,objectification,high,F2M,False,True,SHIFTING,True,sexist + woman-focused gendered token swapped; construct likely shifts (author adjudication),"@Chysohm @_fredrica_ @Able_Ka_ @Ujamidaize @okogeri @djgunz9ja Nwa ochi Street, make una dey cover body na. Cool gown and all but it leaves little to imagination. Quality women don't have to show skin oh.","@Chysohm @_fredrica_ @Able_Ka_ @Ujamidaize @okogeri @djgunz9ja Nwa ochi Street, make una dey cover body na. Cool gown and all but it leaves little to imagination. Quality men don't have to show skin oh."
201500,objectification,mixed,M2F,False,True,INVARIANT,False,majority not-sexist; label stays not-sexist under swap,"@Myberns1 Umm, YES…would be very difficult though, considering my present sex life and  how much I love my husband!","@Myberns1 Umm, YES…would be very difficult though, considering my present sex life and  how much I love my wife!"
202941,objectification,low,F2M,False,True,SHIFTING,True,sexist + woman-focused gendered token swapped; construct likely shifts (author adjudication),@harrysfIorist HELP SKXNXN I WAS GONNA SAY LIKE IS THE WOMAN A MACHINE WTF,@harrysfIorist HELP SKXNXN I WAS GONNA SAY LIKE IS THE MAN A MACHINE WTF
200755,objectification,low,F2M,False,True,SHIFTING,True,sexist + woman-focused gendered token swapped; construct likely shifts (author adjudication),"Lacanians would disagree. Cultural products don't belong to their authors, once out there (sorry, Freudians), and ""the woman"" is more of a political category than a biological one. And don't get me started on the sexuation formulae, you can reread difference feminism instead🥰 https://t.co/pFkS0FjRMC","Lacanians would disagree. Cultural products don't belong to their authors, once out there (sorry, Freudians), and ""the man"" is more of a political category than a biological one. And don't get me started on the sexuation formulae, you can reread difference feminism instead🥰 https://t.co/pFkS0FjRMC"
202499,objectification,low,F2M,False,True,SHIFTING,True,sexist + woman-focused gendered token swapped; construct likely shifts (author adjudication),"@DoUlikeScryMovz “Such a slutbag.” She smirked, leaning against the seat of the car, looking back up at him. “Sooo, can we get high now?!”","@DoUlikeScryMovz “Such a slutbag.” He smirked, leaning against the seat of the car, looking back up at him. “Sooo, can we get high now?!”"
201177,objectification,high,F2M,False,True,INVARIANT,False,majority not-sexist; label stays not-sexist under swap,replay&gt;alice&gt;babylon&gt;free woman https://t.co/WCEqeUxdtC,replay&gt;alice&gt;babylon&gt;free man https://t.co/WCEqeUxdtC
400066,objectification,high,M2F,False,True,SHIFTING,True,sexist + woman-focused gendered token swapped; construct likely shifts (author adjudication),"Tankie Centricide:-HE SCREAMS FRENCH PERSON RAISED BY SLAVIC FAMILY-he just like me frfr-has may 68 posters in his room-bitches about ABSOLUTELY EVERYTHING like only a true french would-""ancom listen to this banger"" and its either katiusha or l'amant de st jean no inbetween. https://t.co/oFVTlcCtsz","Tankie Centricide:-SHE SCREAMS FRENCH PERSON RAISED BY SLAVIC FAMILY-she just like me frfr-has may 68 posters in her room-bitches about ABSOLUTELY EVERYTHING like only a true french would-""ancom listen to this banger"" and its either katiusha or l'amant de st jean no inbetween. https://t.co/oFVTlcCtsz"
203066,objectification,mixed,MIXED,False,True,SHIFTING,True,sexist + woman-focused gendered token swapped; construct likely shifts (author adjudication),"@notlittleredlo Ahh, his kink is to pay women for sex. How rare.","@notlittleredlo Ahh, her kink is to pay men for sex. How rare."
400046,objectification,high,M2F,False,True,INVARIANT,False,majority not-sexist; label stays not-sexist under swap,@___rashad_ the show got redundant every time they brought his ass back,@___rashad_ the show got redundant every time they brought her ass back
203126,objectification,high,F2M,False,True,SHIFTING,True,sexist + woman-focused gendered token swapped; construct likely shifts (author adjudication),why do funny good guys date mean ugly women https://t.co/A2jj9QQ7j7,why do funny good guys date mean ugly men https://t.co/A2jj9QQ7j7
202553,objectification,mixed,F2M,False,True,SHIFTING,True,sexist + woman-focused gendered token swapped; construct likely shifts (author adjudication),"@virginiaspankee Nobody who likes to spank women is going to say 'no' to that. I don't even spank anyone and I can see that everyone who does, will!","@virginiaspankee Nobody who likes to spank men is going to say 'no' to that. I don't even spank anyone and I can see that everyone who does, will!"
201319,objectification,high,F2M,False,True,SHIFTING,True,sexist + woman-focused gendered token swapped; construct likely shifts (author adjudication),@redhotholsteins I put this girl on the cull list a year and a half ago 😬,@redhotholsteins I put this boy on the cull list a year and a half ago 😬
202731,objectification,high,F2M,False,True,SHIFTING,True,sexist + woman-focused gendered token swapped; construct likely shifts (author adjudication),"@UptownDC_Rich Ayesha is definitely a modern woman. Married to the highest paid NBA player rn, had 3 kids, and is over 30 but still wants to be noticed, a boner provoker. Why can't today's women cut their losses and accept t/life they chose to be in?????🤯🤯🤯","@UptownDC_Rich Ayesha is definitely a modern man. Married to the highest paid NBA player rn, had 3 kids, and is over 30 but still wants to be noticed, a boner provoker. Why can't today's men cut their losses and accept t/life they chose to be in?????🤯🤯🤯"
201750,objectification,high,F2M,False,True,INVARIANT,False,majority not-sexist; label stays not-sexist under swap,@kimoisuki Asuka in those movies fits the metanarrative theming of the characters being what the (real world) public wants them to be but it definitely makes her a worse character (but it's sorta the point??),@kimoisuki Asuka in those movies fits the metanarrative theming of the characters being what the (real world) public wants them to be but it definitely makes him a worse character (but it's sorta the point??)
202843,objectification,high,M2F,False,True,SHIFTING,True,sexist + woman-focused gendered token swapped; construct likely shifts (author adjudication),A big strong man is the best heat source I know darling and nothing attracts them like a very short skirt. 💋💋 https://t.co/yg5HjXVMfP,A big strong woman is the best heat source I know darling and nothing attracts them like a very short skirt. 💋💋 https://t.co/yg5HjXVMfP
202850,objectification,low,M2F,False,True,SHIFTING,True,sexist + woman-focused gendered token swapped; construct likely shifts (author adjudication),@Sarahbu72 @SilverArrowsNet He has played to much grand theft auto all Merc has to do is pay for a certain professional person in a very short skirt to stand on the side of the track and he will swerve over,@Sarahbu72 @SilverArrowsNet She has played to much grand theft auto all Merc has to do is pay for a certain professional person in a very short skirt to stand on the side of the track and she will swerve over
400144,objectification,high,F2M,False,True,SHIFTING,True,sexist + woman-focused gendered token swapped; construct likely shifts (author adjudication),"Yellow Fever isn't a compliment and it isn't the same as ""having a type."" This phenomenon, spanning decades, has contributed to the exoticization, objectification, fetishization, and dehumanization of the AAPI community - especially Asian women. (1/4) https://t.co/VIPhbwMlCS","Yellow Fever isn't a compliment and it isn't the same as ""having a type."" This phenomenon, spanning decades, has contributed to the exoticization, objectification, fetishization, and dehumanization of the AAPI community - especially Asian men. (1/4) https://t.co/VIPhbwMlCS"
201906,objectification,mixed,MIXED,False,True,SHIFTING,True,sexist + woman-focused gendered token swapped; construct likely shifts (author adjudication),@PulseNigeria247 Nice Music but his lyrics need more important topics! He should stop the excess objectification of women in his lyrics especially since he’s 17 ? and it’s just weird to listen to. He should branch out and write more songs with better lyrics that are actually words and not mumbles,@PulseNigeria247 Nice Music but her lyrics need more important topics! She should stop the excess objectification of men in her lyrics especially since she’s 17 ? and it’s just weird to listen to. She should branch out and write more songs with better lyrics that are actually words and not mumbles
202471,objectification,high,F2M,False,True,SHIFTING,True,sexist + woman-focused gendered token swapped; construct likely shifts (author adjudication),"girl groups will literally slut drop, roll on the floor, do literal acrobatics on stage while belting just for y’all to simp over guys in mesh tops humping into their own hand just saying","boy groups will literally slut drop, roll on the floor, do literal acrobatics on stage while belting just for y’all to simp over guys in mesh tops humping into their own hand just saying"
201909,objectification,high,F2M,False,True,SHIFTING,True,sexist + woman-focused gendered token swapped; construct likely shifts (author adjudication),College is forcing us to choose between studies and the hijab”.Refusing to let girls go to school in their hijabs is horrifying. Objectification of women persists — for wearing less or more. Indian leaders must stop the marginalisation of Muslim women #HijabisOurRight https://t.co/8uLqd9mlUv,College is forcing us to choose between studies and the hijab”.Refusing to let boys go to school in their hijabs is horrifying. Objectification of men persists — for wearing less or more. Indian leaders must stop the marginalisation of Muslim men #HijabisOurRight https://t.co/8uLqd9mlUv
201954,objectification,high,MIXED,False,True,SHIFTING,True,sexist + woman-focused gendered token swapped; construct likely shifts (author adjudication),"@EmotionsDoctor I think it's due to the seemingly patriarchal nature of our society. An average African man sees a woman as less of a human &amp; doesn't feel women deserve their kindness or niceness. However, they tend to be nice or kind to women only when there's something to get from them...","@EmotionsDoctor I think it's due to the seemingly patriarchal nature of our society. An average African woman sees a man as less of a human &amp; doesn't feel men deserve their kindness or niceness. However, they tend to be nice or kind to men only when there's something to get from them..."
202283,objectification,high,MIXED,True,True,SHIFTING,True,sexist + woman-focused gendered token swapped; construct likely shifts (author adjudication),"Remember when him (joe)and his Buddy Teddy (Kennedy)used to go to lunch and have a ""waitress sandwich! bet you forgot didn't you? us old-timers didn't! Today it would be called sexual Harassment! Remember Chappaquiddick! and Mary Jo Kopechne? Mary does! https://t.co/1ELrihnTfe","Remember when him (joe)and her Buddy Teddy (Kennedy)used to go to lunch and have a ""waiter sandwich! bet you forgot didn't you? us old-timers didn't! Today it would be called sexual Harassment! Remember Chappaquiddick! and John Jo Kopechne? John does! https://t.co/1ELrihnTfe"
202526,objectification,high,F2M,False,True,SHIFTING,True,sexist + woman-focused gendered token swapped; construct likely shifts (author adjudication),"☆DOCUMENTED the pics. with ☆I.C.C. &amp; Police, whom I've kept ☆Updated with this Tragedy of  Lee ☆Brooks,  showing screws &amp; ☆Metal hooks being yanked, ☆Torturing this Little animal, who is ☆Vulnerable, not being Able to talk ☆0r watching her sodomize Ping ☆Her microchip as","☆DOCUMENTED the pics. with ☆I.C.C. &amp; Police, whom I've kept ☆Updated with this Tragedy of  Lee ☆Brooks,  showing screws &amp; ☆Metal hooks being yanked, ☆Torturing this Little animal, who is ☆Vulnerable, not being Able to talk ☆0r watching his sodomize Ping ☆His microchip as"
201335,objectification,mixed,F2M,False,True,SHIFTING,True,sexist + woman-focused gendered token swapped; construct likely shifts (author adjudication),The girls can’t get my coins ! Cause 12 hours later my shit will be looking like sis in the picture 🥴 https://t.co/HitVfaJAt2,The boys can’t get my coins ! Cause 12 hours later my shit will be looking like sis in the picture 🥴 https://t.co/HitVfaJAt2
202279,objectification,high,F2M,False,True,SHIFTING,True,sexist + woman-focused gendered token swapped; construct likely shifts (author adjudication),"@TinsleyCollins @CassThomps13 The part you’re being pummeled over, is attacking her on her statement that she’s a fierce, educated, capable business owner — while ignoring the point that being a sexy, attractive female doesn’t cancel those out. You not being able to see your error is what makes it sexist.","@TinsleyCollins @CassThomps13 The part you’re being pummeled over, is attacking him on his statement that he’s a fierce, educated, capable business owner — while ignoring the point that being a sexy, attractive female doesn’t cancel those out. You not being able to see your error is what makes it sexist."
201609,objectification,mixed,MIXED,False,True,SHIFTING,True,sexist + woman-focused gendered token swapped; construct likely shifts (author adjudication),"I SAID SHE'S THICC!Being on the ""Clock App"" for just one week has taught me that little boys don't understand that growing a b00ty through weightlifting almost always necessitates also growing your legs. Silly little boys... Ladies, don't be afraid of … https://t.co/Apwn609Gqi https://t.co/441sFxNqBI","I SAID HE'S THICC!Being on the ""Clock App"" for just one week has taught me that little girls don't understand that growing a b00ty through weightlifting almost always necessitates also growing your legs. Silly little girls... Gentlemen, don't be afraid of … https://t.co/Apwn609Gqi https://t.co/441sFxNqBI"
400380,objectification,high,M2F,False,True,SHIFTING,True,sexist + woman-focused gendered token swapped; construct likely shifts (author adjudication),"@VictorHV83 @CP3 Sound like the typa nigga to let his boss sodomize him cause the job comes with perks. Stfu, keep that dick in ya mouth, nd stay way the fuck out there wherever u nd that ignorant ass comment was thought of.","@VictorHV83 @CP3 Sound like the typa nigga to let her boss sodomize him cause the job comes with perks. Stfu, keep that dick in ya mouth, nd stay way the fuck out there wherever u nd that ignorant ass comment was thought of."
202246,objectification,high,M2F,False,True,SHIFTING,True,sexist + woman-focused gendered token swapped; construct likely shifts (author adjudication),"Charlie's writing ""Morals for S B Halftime Folks!Kirk founded ""STUDENTS FOR TRUMP"" so he'll use Trump as his sex role model.""Even if married, it's ok to have affairs!If your Honey is younger &amp; improves your image, ok to dump #1 &amp; marry Honey.OK to repeat 2 more times, ONLY! https://t.co/hwKbyPPv2f","Charlie's writing ""Morals for S B Halftime Folks!Kirk founded ""STUDENTS FOR TRUMP"" so he'll use Trump as her sex role model.""Even if married, it's ok to have affairs!If your Honey is younger &amp; improves your image, ok to dump #1 &amp; marry Honey.OK to repeat 2 more times, ONLY! https://t.co/hwKbyPPv2f"
202781,objectification,high,F2M,False,True,SHIFTING,True,sexist + woman-focused gendered token swapped; construct likely shifts (author adjudication),Like bitch you have no taste girl no wonder your clothes were ugly,Like bitch you have no taste boy no wonder your clothes were ugly
400359,objectification,high,F2M,False,True,SHIFTING,True,sexist + woman-focused gendered token swapped; construct likely shifts (author adjudication),"@DADiClementi It just shows how money rules the world. I'm so disappointed that Ripley's would even allow it out of the building and to let that Reality Skank get it was an incredible insult. I was waiting for an SUB full of armed robbers to overtake her. In the end, Khloe looked better.","@DADiClementi It just shows how money rules the world. I'm so disappointed that Ripley's would even allow it out of the building and to let that Reality Skank get it was an incredible insult. I was waiting for an SUB full of armed robbers to overtake him. In the end, Khloe looked better."
400104,objectification,high,F2M,True,False,INVARIANT,False,majority not-sexist; label stays not-sexist under swap,‘A museum show unapologetically devoted to consciousness-raising.’ ✊ Great 4* review for our Radical Landscapes exhibition by Laura Cumming in The Observer #radicallandscapes #tate #tateliverpool @tateliverpool https://t.co/oIdC4s2Vqh,‘A museum show unapologetically devoted to consciousness-raising.’ ✊ Great 4* review for our Radical Landscapes exhibition by Thomas Cumming in The Observer #radicallandscapes #tate #tateliverpool @tateliverpool https://t.co/oIdC4s2Vqh
200607,objectification,low,F2M,False,True,SHIFTING,True,sexist + woman-focused gendered token swapped; construct likely shifts (author adjudication),"@akugbeefe Even before she went to jail, Kamara had a thing for her. N'a that yeye timi be dey cock block am.","@akugbeefe Even before he went to jail, Kamara had a thing for his. N'a that yeye timi be dey cock block am."
400415,objectification,mixed,MIXED,False,True,SHIFTING,True,sexist + woman-focused gendered token swapped; construct likely shifts (author adjudication),"He’s a rich, busy man that wants a trophy wife. Nothing surprising in that article. Good read though. https://t.co/kTpwkskA3z","She’s a rich, busy woman that wants a trophy husband. Nothing surprising in that article. Good read though. https://t.co/kTpwkskA3z"
201841,objectification,mixed,F2M,False,True,INVARIANT,False,majority not-sexist; label stays not-sexist under swap,Last thought before sleepingNurse Akali would be a s+ tier skin if she had crocs. Good night.,Last thought before sleepingNurse Akali would be a s+ tier skin if he had crocs. Good night.
400462,objectification,high,MIXED,False,True,SHIFTING,True,sexist + woman-focused gendered token swapped; construct likely shifts (author adjudication),@elonmusk Says the man who is always on his phone? Well in your case you can still proposition women for sex while outside .,@elonmusk Says the woman who is always on her phone? Well in your case you can still proposition men for sex while outside .
200112,objectification,high,F2M,False,True,SHIFTING,True,sexist + woman-focused gendered token swapped; construct likely shifts (author adjudication),"@clairlemon @Brooks_Rob Yes. Because a controlled supply of sex is a good thing, ya heathens.No one is happier about open sex and easy women than the patriarchy. I’ll tell you that much.","@clairlemon @Brooks_Rob Yes. Because a controlled supply of sex is a good thing, ya heathens.No one is happier about open sex and easy men than the patriarchy. I’ll tell you that much."
201150,objectification,mixed,F2M,False,True,SHIFTING,True,sexist + woman-focused gendered token swapped; construct likely shifts (author adjudication),@Sachkebab I still think it’s disrespectful for a woman to ask me to eat pussy,@Sachkebab I still think it’s disrespectful for a man to ask me to eat pussy
202920,objectification,high,F2M,False,True,SHIFTING,True,sexist + woman-focused gendered token swapped; construct likely shifts (author adjudication),@ThePsychoGamer_ Lmfao the girl literally said that someone made that whole story up. She's just someone onlyfans whore. Still pretty gross to fuck on someone's grave tho🤨,@ThePsychoGamer_ Lmfao the boy literally said that someone made that whole story up. He's just someone onlyfans whore. Still pretty gross to fuck on someone's grave tho🤨
202757,objectification,high,F2M,False,True,SHIFTING,True,sexist + woman-focused gendered token swapped; construct likely shifts (author adjudication),Nat going out to get food with you.  And you blush when you see how truly little of her ass and thighs fit on the bench that you fit on enough your paws don't touch the groundMeanwhile i look crammed on and overflow the sides on all sides,Nat going out to get food with you.  And you blush when you see how truly little of his ass and thighs fit on the bench that you fit on enough your paws don't touch the groundMeanwhile i look crammed on and overflow the sides on all sides
201916,objectification,high,MIXED,False,True,SHIFTING,True,sexist + woman-focused gendered token swapped; construct likely shifts (author adjudication),@StephanieKusie @erinotoole Let's just say posing for a pic with female model # 912 is NOT a good look for a political leader who has trouble convincing women he cares about them. But maybe I'm wrong. Maybe @CPC_HQ Conservative Party voters like this kind of objectification of women...,@StephanieKusie @erinotoole Let's just say posing for a pic with female model # 912 is NOT a good look for a political leader who has trouble convincing men she cares about them. But maybe I'm wrong. Maybe @CPC_HQ Conservative Party voters like this kind of objectification of men...
201317,objectification,mixed,F2M,False,True,INVARIANT,False,majority not-sexist; label stays not-sexist under swap,She lying yall  .. She got this &amp; she gone put it in yall face watch.. PUT THEM BIG GIRL DRAWS ON &amp; keep pushing baby 💯 i love seeing pppl make big moves ik &amp; i know you will accomplish anything 💙💙 https://t.co/Xm4RNHk5fl,He lying yall  .. He got this &amp; he gone put it in yall face watch.. PUT THEM BIG BOY DRAWS ON &amp; keep pushing baby 💯 i love seeing pppl make big moves ik &amp; i know you will accomplish anything 💙💙 https://t.co/Xm4RNHk5fl
202552,objectification,mixed,F2M,False,True,SHIFTING,True,sexist + woman-focused gendered token swapped; construct likely shifts (author adjudication),the masculine urge to spank women half my size https://t.co/i1slj2FZ8r,the masculine urge to spank men half my size https://t.co/i1slj2FZ8r
201633,objectification,high,F2M,False,True,SHIFTING,True,sexist + woman-focused gendered token swapped; construct likely shifts (author adjudication),My mama told me treat er like a lady… my dawgs told me treat er like a Thot,My mama told me treat er like a gentleman… my dawgs told me treat er like a Thot
203251,objectification,high,M2F,False,True,SHIFTING,True,sexist + woman-focused gendered token swapped; construct likely shifts (author adjudication),"""you look like a whore"" I'm literally wearing a pair of jeans and a jacket stfu dad","""you look like a whore"" I'm literally wearing a pair of jeans and a jacket stfu mom"
202721,objectification,high,F2M,False,True,INVARIANT,False,majority not-sexist; label stays not-sexist under swap,"Really looking forward to today’s ‘Women in Web3’ lunch meetup! 🥰 if you’re in the LA area and want to join, send me a DM!! See you ladies soon.","Really looking forward to today’s ‘Men in Web3’ lunch meetup! 🥰 if you’re in the LA area and want to join, send me a DM!! See you gentlemen soon."
200623,objectification,high,F2M,False,True,SHIFTING,True,sexist + woman-focused gendered token swapped; construct likely shifts (author adjudication),"@hyperboreanterf Even most women who are having trouble because they put off kids for too long weren't riding the cock carousel, they were hyperfocused on their careers. Often were married the whole time.","@hyperboreanterf Even most men who are having trouble because they put off kids for too long weren't riding the cock carousel, they were hyperfocused on their careers. Often were married the whole time."
200325,objectification,low,F2M,False,True,SHIFTING,True,sexist + woman-focused gendered token swapped; construct likely shifts (author adjudication),i see a girl i think attractive with another guy and start throwing up and crying,i see a boy i think attractive with another guy and start throwing up and crying
200636,objectification,high,F2M,False,True,SHIFTING,True,sexist + woman-focused gendered token swapped; construct likely shifts (author adjudication),@Zoogerdee2024 @Mc_Murcher44 How many hoomans you think she’s disposed of while she was riding the “cock carousel” in the 70’s,@Zoogerdee2024 @Mc_Murcher44 How many hoomans you think he’s disposed of while he was riding the “cock carousel” in the 70’s
200606,objectification,low,M2F,False,True,SHIFTING,True,sexist + woman-focused gendered token swapped; construct likely shifts (author adjudication),I’m going to have to delete this eventually because people will be scrolling through my media tab jacking off and hit this bad boy. Thou shall not cock block the simps 🙏,I’m going to have to delete this eventually because people will be scrolling through my media tab jacking off and hit this bad girl. Thou shall not cock block the simps 🙏
200969,objectification,high,M2F,False,True,SHIFTING,True,sexist + woman-focused gendered token swapped; construct likely shifts (author adjudication),Ok but realistically. If I draw a cookie run but human and I give him fat tits (he’s an adult) how much bullying can I expect from the masses?,Ok but realistically. If I draw a cookie run but human and I give him fat tits (she’s an adult) how much bullying can I expect from the masses?
201919,objectification,low,F2M,False,True,SHIFTING,True,sexist + woman-focused gendered token swapped; construct likely shifts (author adjudication),The Avengers? You know the story.Outriders? Mid Destiny copy.Final Fantasy is the only decent franchise but again the writing is very cringe. You are all talking all day about women objectification in games but never bring any FF game in the discussion.,The Avengers? You know the story.Outriders? Mid Destiny copy.Final Fantasy is the only decent franchise but again the writing is very cringe. You are all talking all day about men objectification in games but never bring any FF game in the discussion.
200462,objectification,mixed,M2F,False,True,INVARIANT,False,majority not-sexist; label stays not-sexist under swap,"Grown men wanna baby me &amp; thats cute. Or the thought of it is cute, but once I start really requiring shit.. its crickets. No one has anything to dish out. Ion got time. Im legit a boss baby, move.","Grown women wanna baby me &amp; thats cute. Or the thought of it is cute, but once I start really requiring shit.. its crickets. No one has anything to dish out. Ion got time. Im legit a boss baby, move."
400247,objectification,low,F2M,False,True,SHIFTING,True,sexist + woman-focused gendered token swapped; construct likely shifts (author adjudication),@gokunaruto3000 Idk wtf you looking at 😂 one looks cgi the other looks like a woman painted green,@gokunaruto3000 Idk wtf you looking at 😂 one looks cgi the other looks like a man painted green
201722,objectification,high,M2F,False,True,INVARIANT,False,majority not-sexist; label stays not-sexist under swap,"a dom watching their sub masturbate, just sitting back &amp; enjoying the view. the sub is flustered, being intently watched like this. when the dom starts touching themselves too, the sub is so so eager to touch, but is challenged to just sit still like sir/madame was able to!!","a dom watching their sub masturbate, just sitting back &amp; enjoying the view. the sub is flustered, being intently watched like this. when the dom starts touching themselves too, the sub is so so eager to touch, but is challenged to just sit still like madam/madame was able to!!"
202989,objectification,high,F2M,False,True,SHIFTING,True,sexist + woman-focused gendered token swapped; construct likely shifts (author adjudication),"Future wedding day of @gunnar_emma 👰🏼‍♀️ and me 🤵🏽‍♂️ with her delighted friends/bridesmaids watching.Little do they know that after I've ravished the bride, it's their turn next 😏😤😌All white women are my wives by privilege of birth 💍 https://t.co/77IUF9d2Cj","Future wedding day of @gunnar_emma 👰🏼‍♀️ and me 🤵🏽‍♂️ with his delighted friends/bridesmaids watching.Little do they know that after I've ravished the groom, it's their turn next 😏😤😌All white men are my wives by privilege of birth 💍 https://t.co/77IUF9d2Cj"
201903,objectification,high,MIXED,False,True,SHIFTING,True,sexist + woman-focused gendered token swapped; construct likely shifts (author adjudication),its the misogynistic bs that pisses me off the most what is banter to men is genuine objectification of women &amp; the amount of times ive encountered that &amp; have been a victim is just. hooooly fuck,its the misogynistic bs that pisses me off the most what is banter to women is genuine objectification of men &amp; the amount of times ive encountered that &amp; have been a victim is just. hooooly fuck
201124,objectification,low,F2M,False,True,SHIFTING,True,sexist + woman-focused gendered token swapped; construct likely shifts (author adjudication),ayo @Tostitos- what does it take for a girl to get some @Seahawks tostitos in the bay area?? 🏈🤠,ayo @Tostitos- what does it take for a boy to get some @Seahawks tostitos in the bay area?? 🏈🤠
202145,objectification,high,F2M,False,True,INVARIANT,False,majority not-sexist; label stays not-sexist under swap,@MKamensek @TheRealHoarse I blame my mom. Legend has it she ate it almost every day while pregnant with me. So I think Taco Bell is my blood type.,@MKamensek @TheRealHoarse I blame my dad. Legend has it he ate it almost every day while pregnant with me. So I think Taco Bell is my blood type.
201733,objectification,mixed,F2M,False,True,SHIFTING,True,sexist + woman-focused gendered token swapped; construct likely shifts (author adjudication),"@StarleeKine @tobyherman27 I mean, she had to projectile vomit and masturbate with a crucifix in her nominated role. I’d be disappointed too.","@StarleeKine @tobyherman27 I mean, he had to projectile vomit and masturbate with a crucifix in his nominated role. I’d be disappointed too."
202670,objectification,high,F2M,False,True,SHIFTING,True,sexist + woman-focused gendered token swapped; construct likely shifts (author adjudication),Is this the gaze that shows Carrie always had her eye on Boris? https://t.co/2WF2dBGf5J via @MailOnline Looks extremely creepy and demonic - much like her personality it would appear. Maybe this is her wallpaper buying face ...who cares,Is this the gaze that shows Carrie always had his eye on Boris? https://t.co/2WF2dBGf5J via @MailOnline Looks extremely creepy and demonic - much like his personality it would appear. Maybe this is his wallpaper buying face ...who cares
203093,objectification,mixed,F2M,False,True,INVARIANT,False,majority not-sexist; label stays not-sexist under swap,"@ETCanada I thought she was the most beautiful supermodel of her time, she disappeared and I'm in shock she would do something like this, sad how women have to adhere to such drastic procedures. Vanity","@ETCanada I thought he was the most beautiful supermodel of his time, he disappeared and I'm in shock he would do something like this, sad how men have to adhere to such drastic procedures. Vanity"
201521,objectification,mixed,F2M,False,True,SHIFTING,True,sexist + woman-focused gendered token swapped; construct likely shifts (author adjudication),can people in my class stop asking me which girl I would like to fuckit's the 8th this weekI thought I was horny on twtjesus wtf,can people in my class stop asking me which boy I would like to fuckit's the 8th this weekI thought I was horny on twtjesus wtf
200966,objectification,mixed,M2F,False,True,INVARIANT,False,majority not-sexist; label stays not-sexist under swap,"@riyaz_samji can’t believe ur gone so soon… this wonderful man lost his life to save his fiance, such a gentleman and forever a hero, RIP my honorary brown brother, hope you’re hitting those fat doinks in heaven 🙏🙏🙏 gone too soon 😞","@riyaz_samji can’t believe ur gone so soon… this wonderful woman lost her life to save her fiance, such a lady and forever a hero, RIP my honorary brown sister, hope you’re hitting those fat doinks in heaven 🙏🙏🙏 gone too soon 😞"
202558,objectification,high,MIXED,False,True,SHIFTING,True,sexist + woman-focused gendered token swapped; construct likely shifts (author adjudication),What is the psychology behind men liking to spank women? It’s so weird https://t.co/t8MC49GoFE,What is the psychology behind women liking to spank men? It’s so weird https://t.co/t8MC49GoFE
400216,objectification,high,F2M,False,True,SHIFTING,True,sexist + woman-focused gendered token swapped; construct likely shifts (author adjudication),stop saying i said this cus she has short hair! some of her gayest looks came from 2017/18 blonde ponytail era!!!!!! know ur herstory https://t.co/YJYVzJVP0L,stop saying i said this cus he has short hair! some of his gayest looks came from 2017/18 blonde ponytail era!!!!!! know ur herstory https://t.co/YJYVzJVP0L
201604,objectification,high,F2M,False,True,SHIFTING,True,sexist + woman-focused gendered token swapped; construct likely shifts (author adjudication),"@chris_edoja @AlayoDreams @jayythedope @Izzy_director Like the ladies don't want it, like they don't enjoy it more... We are always funny... They should come out with their full chest and ask for payment for having sex...  Cos those who do that actually gets paid!","@chris_edoja @AlayoDreams @jayythedope @Izzy_director Like the gentlemen don't want it, like they don't enjoy it more... We are always funny... They should come out with their full chest and ask for payment for having sex...  Cos those who do that actually gets paid!"
400270,objectification,high,F2M,False,True,SHIFTING,True,sexist + woman-focused gendered token swapped; construct likely shifts (author adjudication),@ThetaTendies @TikTokInvestors most women nowadays look like this with no makeup. hard to find the good ones under ton of makeup.  always go on a date to the beach lol,@ThetaTendies @TikTokInvestors most men nowadays look like this with no makeup. hard to find the good ones under ton of makeup.  always go on a date to the beach lol
200512,objectification,high,F2M,False,True,SHIFTING,True,sexist + woman-focused gendered token swapped; construct likely shifts (author adjudication),and call me sexist but I can not believe those hands belong to a lady…,and call me sexist but I can not believe those hands belong to a gentleman…
400384,objectification,high,MIXED,False,True,SHIFTING,True,sexist + woman-focused gendered token swapped; construct likely shifts (author adjudication),"Yesterday I learned about the Easter Whip (pomlázka) tradition practiced in Slovakia, where, on Easter Monday, men spank women and get paid for it.I have too many questions…","Yesterday I learned about the Easter Whip (pomlázka) tradition practiced in Slovakia, where, on Easter Monday, women spank men and get paid for it.I have too many questions…"
202050,sexual_violence,high,F2M,False,True,SHIFTING,True,sexist + woman-focused gendered token swapped; construct likely shifts (author adjudication),One example of phallocentrism is our secret desire to hatefuck trans women.,One example of phallocentrism is our secret desire to hatefuck trans men.
200499,sexual_violence,high,MIXED,False,True,SHIFTING,True,sexist + woman-focused gendered token swapped; construct likely shifts (author adjudication),@KellenDunk @CroneInAMillion Do U hear yourself? U are the equivalent of “she wore a skirt and it made the man rape her”.U seem to be okay with the porn or abuse sent to her. the out of context quoting is by definition defamatory. She had every right to shut that down. Ur mad b/c she can’t be bullied.,@KellenDunk @CroneInAMillion Do U hear yourself? U are the equivalent of “he wore a skirt and it made the woman rape his”.U seem to be okay with the porn or abuse sent to him. the out of context quoting is by definition defamatory. He had every right to shut that down. Ur mad b/c he can’t be bullied.
202845,sexual_violence,high,F2M,False,True,SHIFTING,True,sexist + woman-focused gendered token swapped; construct likely shifts (author adjudication),"@sharinghotgirls Smash, because she wearing a very, very short skirt. And looks good in it. Hope there's no panties too. 🤞 https://t.co/3cpHSdILCT","@sharinghotgirls Smash, because he wearing a very, very short skirt. And looks good in it. Hope there's no panties too. 🤞 https://t.co/3cpHSdILCT"
202181,sexual_violence,high,F2M,False,True,SHIFTING,True,sexist + woman-focused gendered token swapped; construct likely shifts (author adjudication),"@UncleCreepy Considering the last remake closed with the line ""put her in the rape van."" Im not at all optimistic.","@UncleCreepy Considering the last remake closed with the line ""put him in the rape van."" Im not at all optimistic."
202135,sexual_violence,mixed,M2F,False,True,SHIFTING,True,sexist + woman-focused gendered token swapped; construct likely shifts (author adjudication),I need big men to pound me like this..... https://t.co/sofXz71nTf,I need big women to pound me like this..... https://t.co/sofXz71nTf
201199,sexual_violence,high,F2M,False,True,INVARIANT,False,majority not-sexist; label stays not-sexist under swap,Frigid palace. She walks frantically through a forest of knives. Cool leaves.,Frigid palace. He walks frantically through a forest of knives. Cool leaves.
201613,sexual_violence,high,MIXED,False,True,SHIFTING,True,sexist + woman-focused gendered token swapped; construct likely shifts (author adjudication),Some accusations you can tell that this is just nothing but https://t.co/RJlOtirki4 every lady who’s been in a relationship with JubJub were all raped?hai man come on guys.some of the things he said were wrong for him to say. Ladies don’t misuse your powers.please guys,Some accusations you can tell that this is just nothing but https://t.co/RJlOtirki4 every gentleman who’s been in a relationship with JubJub were all raped?hai woman come on guys.some of the things she said were wrong for him to say. Gentlemen don’t misuse your powers.please guys
400328,sexual_violence,high,F2M,False,True,SHIFTING,True,sexist + woman-focused gendered token swapped; construct likely shifts (author adjudication),"@realTuckFrumper MAGA TRUMP WALL is NOT to keep people out of but to          Force Pregnant Women to STAY INregardless of rape, incest, or risk to life. https://t.co/Uku25Fnlbe","@realTuckFrumper MAGA TRUMP WALL is NOT to keep people out of but to          Force Pregnant Men to STAY INregardless of rape, incest, or risk to life. https://t.co/Uku25Fnlbe"
201738,sexual_violence,high,M2F,False,True,INVARIANT,False,majority not-sexist; label stays not-sexist under swap,"penis feeling so good this afternoon... a slow, long, teasing edging session so far... just making love to penis, giving him whatever he wants! #bateworld @BateWorld #bate #bator #batorlife #batorbro #batorbuddy #masturbator #masturbation #masturbate https://t.co/544V9Fstkr","penis feeling so good this afternoon... a slow, long, teasing edging session so far... just making love to penis, giving him whatever she wants! #bateworld @BateWorld #bate #bator #batorlife #batorbro #batorbuddy #masturbator #masturbation #masturbate https://t.co/544V9Fstkr"
202193,sexual_violence,high,M2F,False,True,INVARIANT,False,majority not-sexist; label stays not-sexist under swap,"@EilisOHanIon interesting to see if he preaches to the muslims of Malmo that the rape crisis there is the responsibility of all muslim men to fix ?seeing as despite living in Sweden , he has never once commented on the massively disproportionate level of rapes attributed to africans https://t.co/KQIHjFtbGO","@EilisOHanIon interesting to see if she preaches to the muslims of Malmo that the rape crisis there is the responsibility of all muslim women to fix ?seeing as despite living in Sweden , she has never once commented on the massively disproportionate level of rapes attributed to africans https://t.co/KQIHjFtbGO"
202681,sexual_violence,high,M2F,False,True,INVARIANT,False,majority not-sexist; label stays not-sexist under swap,"@kolbykuwitzky the man puts out bangers left and right, i don’t understand it","@kolbykuwitzky the woman puts out bangers left and right, i don’t understand it"
200264,sexual_violence,high,F2M,False,True,INVARIANT,False,majority not-sexist; label stays not-sexist under swap,"my mom: i gave birth to you, i know everything about you my passion for videogames that I wanna turn into a job, my androgynous mind and my bisexual ass: https://t.co/WL8PchaZvE","my dad: i gave birth to you, i know everything about you my passion for videogames that I wanna turn into a job, my androgynous mind and my bisexual ass: https://t.co/WL8PchaZvE"
201231,sexual_violence,high,M2F,False,True,INVARIANT,False,majority not-sexist; label stays not-sexist under swap,Hot young gay boy ass gangbanged by big daddy https://t.co/JqyrBtbxMH - https://t.co/EIq7M3UZcP - https://t.co/DThaz0oU4H,Hot young gay girl ass gangbanged by big daddy https://t.co/JqyrBtbxMH - https://t.co/EIq7M3UZcP - https://t.co/DThaz0oU4H
200228,sexual_violence,high,F2M,False,True,SHIFTING,True,sexist + woman-focused gendered token swapped; construct likely shifts (author adjudication),@jenyuen12 @TheRealWilian @DanielleCorrick @HamillHimself Abuse implies force. These women were willing and of age. To act like they didn’t understand Hefner was a womanizer is silly.,@jenyuen12 @TheRealWilian @DanielleCorrick @HamillHimself Abuse implies force. These men were willing and of age. To act like they didn’t understand Hefner was a womanizer is silly.
200506,sexual_violence,high,F2M,False,True,SHIFTING,True,sexist + woman-focused gendered token swapped; construct likely shifts (author adjudication),"People call me sexist but i aint any of that shit like bro, id totally fuck a woman compared to 6""3 pablo's ass that looks like its anal retraction could slice my cock like salami","People call me sexist but i aint any of that shit like bro, id totally fuck a man compared to 6""3 pablo's ass that looks like its anal retraction could slice my cock like salami"
201523,sexual_violence,high,MIXED,False,True,SHIFTING,True,sexist + woman-focused gendered token swapped; construct likely shifts (author adjudication),Tell me why I minding my business walking gine work and this man gine vibes “I would like to fuck girl” tf,Tell me why I minding my business walking gine work and this woman gine vibes “I would like to fuck boy” tf
202548,sexual_violence,high,MIXED,False,True,SHIFTING,True,sexist + woman-focused gendered token swapped; construct likely shifts (author adjudication),"Did men really just spank women when they didn't like what they were doing back in the day cause Elvis said ""you need a spanking"" in blue hawaii and just did it like...what the actual fuck I'm fucking reeling","Did women really just spank men when they didn't like what they were doing back in the day cause Elvis said ""you need a spanking"" in blue hawaii and just did it like...what the actual fuck I'm fucking reeling"
201878,sexual_violence,high,F2M,False,True,INVARIANT,False,majority not-sexist; label stays not-sexist under swap,@Mr_Cano3x Yes and I had a pic of us🥺she was my fave!!! I used to go visit her with my mom at the nursing home.,@Mr_Cano3x Yes and I had a pic of us🥺he was my fave!!! I used to go visit him with my dad at the nursing home.
201518,sexual_violence,high,F2M,False,True,SHIFTING,True,sexist + woman-focused gendered token swapped; construct likely shifts (author adjudication),I HATE WOMEN THEY'RE SO IMPATIENT HEREI will fucking take your undergarments filthy wh0r3s do not test me,I HATE MEN THEY'RE SO IMPATIENT HEREI will fucking take your undergarments filthy wh0r3s do not test me
203258,sexual_violence,mixed,M2F,False,True,SHIFTING,True,sexist + woman-focused gendered token swapped; construct likely shifts (author adjudication),"""Take me already"" ""Not yet. You gotta be ready""""I'm dripping"" I say desperately rubbing my ass against his bulge. It is getting bigger. He puts his hand on my pussy, like he owns it. Grabs my hair and make me look at the mirror""You look like a whore""""Thanks daddy""","""Take me already"" ""Not yet. You gotta be ready""""I'm dripping"" I say desperately rubbing my ass against her bulge. It is getting bigger. She puts her hand on my pussy, like she owns it. Grabs my hair and make me look at the mirror""You look like a whore""""Thanks daddy"""
201167,sexual_violence,high,MIXED,False,True,SHIFTING,True,sexist + woman-focused gendered token swapped; construct likely shifts (author adjudication),@WuTangHtown @USPatriotSerena If you don't know the difference between dating a free woman and forcing one into sex - well...Biden did not even want black kids in school around his children... What a good guy...,@WuTangHtown @USPatriotSerena If you don't know the difference between dating a free man and forcing one into sex - well...Biden did not even want black kids in school around her children... What a good guy...
203077,sexual_violence,high,F2M,False,True,SHIFTING,True,sexist + woman-focused gendered token swapped; construct likely shifts (author adjudication),"@NeilWC2010 @lordsidcup @Reuters If you were a tourist and were caught shoplifting, you'd be deported.They recently denied entry to extreme anti-vaxxers, some religious leaders and a guy that runs seminars to others guys to manipulate women for sex (amongst others).","@NeilWC2010 @lordsidcup @Reuters If you were a tourist and were caught shoplifting, you'd be deported.They recently denied entry to extreme anti-vaxxers, some religious leaders and a guy that runs seminars to others guys to manipulate men for sex (amongst others)."
200922,sexual_violence,high,F2M,False,True,SHIFTING,True,sexist + woman-focused gendered token swapped; construct likely shifts (author adjudication),"the amount of filth in my mentions after this story was...something https://t.co/2XZ9WEGPZs the new lawsuit detailing ""nightmarish conditions of rampant sexual harassment"" at #tesla is both heartbreaking and unsurprising. her lawsuit also blames @elonmusk's tweets, as it should","the amount of filth in my mentions after this story was...something https://t.co/2XZ9WEGPZs the new lawsuit detailing ""nightmarish conditions of rampant sexual harassment"" at #tesla is both heartbreaking and unsurprising. his lawsuit also blames @elonmusk's tweets, as it should"
203081,sexual_violence,high,MIXED,False,True,SHIFTING,True,sexist + woman-focused gendered token swapped; construct likely shifts (author adjudication),"@Tareqbsher @isitreallymoira Why should women have to lock  DM's  ? You saying only men can have DM's open because women that do are asking for unsolicited cock pics ? Ffs men need to stop with this shit , it's like oh you wore a skirt you must of been gagging for it","@Tareqbsher @isitreallymoira Why should men have to lock  DM's  ? You saying only women can have DM's open because men that do are asking for unsolicited cock pics ? Ffs women need to stop with this shit , it's like oh you wore a skirt you must of been gagging for it"
203139,sexual_violence,high,MIXED,False,True,SHIFTING,True,sexist + woman-focused gendered token swapped; construct likely shifts (author adjudication),Another pervert man in women’s changing rooms. #thiswillneverhappen #sexnotgender @AyoCaesar what day you? How many men is too many? https://t.co/ZxDAsBpab5,Another pervert woman in men’s changing rooms. #thiswillneverhappen #sexnotgender @AyoCaesar what day you? How many women is too many? https://t.co/ZxDAsBpab5
400403,sexual_violence,high,MIXED,False,True,SHIFTING,True,sexist + woman-focused gendered token swapped; construct likely shifts (author adjudication),@GOP But the child raped by her FATHER will be sacrificed for the fetus...But the woman raped by the MAN will be sacrificed for the fetus.But the teen impregnated by a MAN who used her will be sacrificed for the fetus.SEEMS LIKE 'MEN' ARE THE PROBLEM.,@GOP But the child raped by his MOTHER will be sacrificed for the fetus...But the man raped by the WOMAN will be sacrificed for the fetus.But the teen impregnated by a WOMAN who used him will be sacrificed for the fetus.SEEMS LIKE 'MEN' ARE THE PROBLEM.
202560,sexual_violence,high,F2M,False,True,SHIFTING,True,sexist + woman-focused gendered token swapped; construct likely shifts (author adjudication),the masculine urge to spank women half my size https://t.co/8kqlHvlvcQ,the masculine urge to spank men half my size https://t.co/8kqlHvlvcQ
400379,sexual_violence,high,F2M,False,True,SHIFTING,True,sexist + woman-focused gendered token swapped; construct likely shifts (author adjudication),@therealjomartin What about young girls who want to buy guns? So we forcefully sodomize them as well? I am pretty positive rape is considered a heinous crime. Is anal rape now okay if a firearm is involved?,@therealjomartin What about young boys who want to buy guns? So we forcefully sodomize them as well? I am pretty positive rape is considered a heinous crime. Is anal rape now okay if a firearm is involved?
201357,sexual_violence,high,MIXED,False,True,SHIFTING,True,sexist + woman-focused gendered token swapped; construct likely shifts (author adjudication),"TW: Rape, Chris BrownSo, surprise surprise, Chris Brown has been accused of rape and the ""he doesn't struggle for women"" / ""she knew what she was getting herself into"" / ""gold-digger"" defence of that ©️unting shitstain immediately follows.#chrisbrownisarapist","TW: Rape, Chris BrownSo, surprise surprise, Chris Brown has been accused of rape and the ""she doesn't struggle for men"" / ""he knew what he was getting himself into"" / ""gold-digger"" defence of that ©️unting shitstain immediately follows.#chrisbrownisarapist"
201171,sexual_violence,high,F2M,False,True,INVARIANT,False,majority not-sexist; label stays not-sexist under swap,"Alterlife, Cherry AND the Free Woman remix, who’s doing it like her https://t.co/R2QyefAt5I","Alterlife, Cherry AND the Free Man remix, who’s doing it like his https://t.co/R2QyefAt5I"
200611,sexual_violence,high,F2M,False,True,SHIFTING,True,sexist + woman-focused gendered token swapped; construct likely shifts (author adjudication),@delucashalifoe SHES WORSE THAN ANACOSTIA AT LEAST SHE DIDNT COCK BLOCK THEM,@delucashalifoe SHES WORSE THAN ANACOSTIA AT LEAST HE DIDNT COCK BLOCK THEM
200307,sexual_violence,high,M2F,False,True,INVARIANT,False,majority not-sexist; label stays not-sexist under swap,@theKIDReturns @BAMinvestor Legendary comment. Now he’s distracting people with other BS because he knows his model is gonna get fucked in the ass,@theKIDReturns @BAMinvestor Legendary comment. Now she’s distracting people with other BS because she knows her model is gonna get fucked in the ass
201697,sexual_violence,high,M2F,False,True,INVARIANT,False,majority not-sexist; label stays not-sexist under swap,"jeonghan messy hair in that fit manspreading,,, a spicy sizzling very hot man https://t.co/QiuZFCoX4Y","jeonghan messy hair in that fit manspreading,,, a spicy sizzling very hot woman https://t.co/QiuZFCoX4Y"
200237,sexual_violence,mixed,F2M,False,True,SHIFTING,True,sexist + woman-focused gendered token swapped; construct likely shifts (author adjudication),Smithsonian Tropical Research Institute hit with sex abuse claims https://t.co/8NLgvMfW8k via @MailOnline At least 16 women come forward to allege 'sexual harassment and abuse' at Smithsonian's Tropical Research Institute - which is on an island in the Panama Canal,Smithsonian Tropical Research Institute hit with sex abuse claims https://t.co/8NLgvMfW8k via @MailOnline At least 16 men come forward to allege 'sexual harassment and abuse' at Smithsonian's Tropical Research Institute - which is on an island in the Panama Canal
201306,sexual_violence,mixed,F2M,False,True,SHIFTING,True,sexist + woman-focused gendered token swapped; construct likely shifts (author adjudication),@leeeahhhhh @brvsgirl84 @18_4_LIFE @Samantha_1713 @plmbery9 Your a cosmic brownie girl ? ..lolI want the nutty bar..🤪🤪🤪,@leeeahhhhh @brvsgirl84 @18_4_LIFE @Samantha_1713 @plmbery9 Your a cosmic brownie boy ? ..lolI want the nutty bar..🤪🤪🤪
400460,sexual_violence,high,MIXED,False,True,SHIFTING,True,sexist + woman-focused gendered token swapped; construct likely shifts (author adjudication),"@Rotten_Ralph @bisofprey This poor vulnerable man who ""joked"" about burning his partner and r*ping her body to make sure she was dead? Who pays women for sex and calls them ""c*m-guzzlers"". Depp is DARVOing the fuck out of you.","@Rotten_Ralph @bisofprey This poor vulnerable woman who ""joked"" about burning her partner and r*ping his body to make sure he was dead? Who pays men for sex and calls them ""c*m-guzzlers"". Depp is DARVOing the fuck out of you."
201454,sexual_violence,high,MIXED,False,True,INVARIANT,False,majority not-sexist; label stays not-sexist under swap,"@fideIitas -- hall.              head tilted ever so slightly as he deepened the share kiss, fingers digging into her hips as he kept her close.","@fideIitas -- hall.              head tilted ever so slightly as she deepened the share kiss, fingers digging into his hips as she kept his close."
200927,sexual_violence,high,F2M,False,True,SHIFTING,True,sexist + woman-focused gendered token swapped; construct likely shifts (author adjudication),"The reality of policing, everyday sexism and misogyny.  ‘They joke about raping women and stuffing them in the boot': female police officers tell their work stories https://t.co/9nEeNguIXF","The reality of policing, everyday sexism and misogyny.  ‘They joke about raping men and stuffing them in the boot': female police officers tell their work stories https://t.co/9nEeNguIXF"
200121,sexual_violence,high,F2M,False,True,SHIFTING,True,sexist + woman-focused gendered token swapped; construct likely shifts (author adjudication),"@ProteanRedux @HugoThePinkCat @DeclarationOn @BBCPolitics ActionAid conducted a survey on street harassment - They found that 79% of women living in cities in India, 86% in Thailand, and 89% in Brazil have been subjected to harassment or violence in public, as had 75% of women in London, UK. https://t.co/JL0FUYjpwC","@ProteanRedux @HugoThePinkCat @DeclarationOn @BBCPolitics ActionAid conducted a survey on street harassment - They found that 79% of men living in cities in India, 86% in Thailand, and 89% in Brazil have been subjected to harassment or violence in public, as had 75% of men in London, UK. https://t.co/JL0FUYjpwC"
201206,sexual_violence,high,F2M,False,True,SHIFTING,True,sexist + woman-focused gendered token swapped; construct likely shifts (author adjudication),Oh my cock will already be inside of you because the girl may get turned on by watching me fuck that cunt of yours~. https://t.co/HIn18qyR9j,Oh my cock will already be inside of you because the boy may get turned on by watching me fuck that cunt of yours~. https://t.co/HIn18qyR9j
400329,sexual_violence,high,F2M,False,True,INVARIANT,False,majority not-sexist; label stays not-sexist under swap,"@AquariusElayne @MissMaryMcInOR @DarbysCastle @EileenM60933733 Sharia law in the religion of Islam allows abortion before the 5th montha for Rape, Incest, Mental/Physical health, or Life of Mother is at risk. After the 5th Month, abortion allowed only to save the life of the Mother.","@AquariusElayne @MissMaryMcInOR @DarbysCastle @EileenM60933733 Sharia law in the religion of Islam allows abortion before the 5th montha for Rape, Incest, Mental/Physical health, or Life of Father is at risk. After the 5th Month, abortion allowed only to save the life of the Father."
202284,sexual_violence,high,F2M,False,True,SHIFTING,True,sexist + woman-focused gendered token swapped; construct likely shifts (author adjudication),@liberateIL She’s lumping sexual assaults in with sexual harassment and workplace biases to create more programs abd infers create another city dept,@liberateIL He’s lumping sexual assaults in with sexual harassment and workplace biases to create more programs abd infers create another city dept
202286,sexual_violence,mixed,M2F,False,True,SHIFTING,True,sexist + woman-focused gendered token swapped; construct likely shifts (author adjudication),@eigenrobot The guy who runs rekieta media has proven himself less than trustworthy in court cases due to his csrrying on a legally meritless SLAPP defamation case against a person accused of sexual harassment using very bad arguments and shoddy legal work,@eigenrobot The guy who runs rekieta media has proven herself less than trustworthy in court cases due to her csrrying on a legally meritless SLAPP defamation case against a person accused of sexual harassment using very bad arguments and shoddy legal work
200416,sexual_violence,high,M2F,False,True,INVARIANT,False,majority not-sexist; label stays not-sexist under swap,"@notreallyjcm Yeah but Dante was Italian, he was almost legally required to be a deeply extra messy bitch who lived for drama","@notreallyjcm Yeah but Dante was Italian, she was almost legally required to be a deeply extra messy bitch who lived for drama"
200231,sexual_violence,high,MIXED,False,True,SHIFTING,True,sexist + woman-focused gendered token swapped; construct likely shifts (author adjudication),@LuVF497 @RaducanuIN @namjoonanamcara He used hi influence to mentally and physically force a young woman into sleeping with him… she had to give her emotions to ease the pain …it’s still abuse and rape,@LuVF497 @RaducanuIN @namjoonanamcara She used hi influence to mentally and physically force a young man into sleeping with him… he had to give his emotions to ease the pain …it’s still abuse and rape
202192,sexual_violence,high,F2M,False,True,SHIFTING,True,sexist + woman-focused gendered token swapped; construct likely shifts (author adjudication),"@jsrailton @DrJenGunter Sounds like that beech doesn’t know what rape is like. As a survivor, I’d like her to attend a group baring their souls to what happened to them (like me). If that doesn’t work, let her attend a Proud Boyz meeting.","@jsrailton @DrJenGunter Sounds like that beech doesn’t know what rape is like. As a survivor, I’d like him to attend a group baring their souls to what happened to them (like me). If that doesn’t work, let his attend a Proud Boyz meeting."
400020,sexual_violence,high,F2M,False,True,SHIFTING,True,sexist + woman-focused gendered token swapped; construct likely shifts (author adjudication),"@GoldenSteeler06 @Matthew07219782 @PocketMaximoff Every 68 seconds, an American is sexually assaulted.Here is more reading if you decide to care: https://t.co/En60VuExz6""The survey found that 65% of all women had experienced street harassment. Among all women, 23%  had been sexually touched"" https://t.co/P7GI6Iy0kh","@GoldenSteeler06 @Matthew07219782 @PocketMaximoff Every 68 seconds, an American is sexually assaulted.Here is more reading if you decide to care: https://t.co/En60VuExz6""The survey found that 65% of all men had experienced street harassment. Among all men, 23%  had been sexually touched"" https://t.co/P7GI6Iy0kh"
400186,sexual_violence,high,F2M,False,True,SHIFTING,True,sexist + woman-focused gendered token swapped; construct likely shifts (author adjudication),@Fox_x_Gods Maybe something involving her getting gangbanged~?,@Fox_x_Gods Maybe something involving his getting gangbanged~?
202092,sexual_violence,high,M2F,False,True,INVARIANT,False,majority not-sexist; label stays not-sexist under swap,I’d like to see this guy's pic on a coffee mug! Boy howdy! https://t.co/fibQ7RVena,I’d like to see this guy's pic on a coffee mug! Girl howdy! https://t.co/fibQ7RVena
202673,sexual_violence,high,F2M,False,True,INVARIANT,False,majority not-sexist; label stays not-sexist under swap,"ㅤ𝑯𝒊𝒏𝒂 : With her curly hair, it really makes SUMIT's heart stop for a second 💛 Looking at SUMIT with the gaze of first love. Are you ready to Light A Wish with Hina? ✨ㅤ https://t.co/1ckTytwKo9","ㅤ𝑯𝒊𝒏𝒂 : With his curly hair, it really makes SUMIT's heart stop for a second 💛 Looking at SUMIT with the gaze of first love. Are you ready to Light A Wish with Hina? ✨ㅤ https://t.co/1ckTytwKo9"
202525,sexual_violence,low,M2F,False,True,SHIFTING,True,sexist + woman-focused gendered token swapped; construct likely shifts (author adjudication),"@jjouvenal The saddest thing is this young MAN has LEARNED how to assault and sodomize.Very sad that he himself has probably endured who knows how much abuse,as research has shown many who struggle with identity issues have encountered abuse.And we wonder why all the confusion w/our youth😔","@jjouvenal The saddest thing is this young WOMAN has LEARNED how to assault and sodomize.Very sad that she herself has probably endured who knows how much abuse,as research has shown many who struggle with identity issues have encountered abuse.And we wonder why all the confusion w/our youth😔"
202551,sexual_violence,high,F2M,False,True,SHIFTING,True,sexist + woman-focused gendered token swapped; construct likely shifts (author adjudication),The Masculine Urge to Spank women with Big Butt.,The Masculine Urge to Spank men with Big Butt.
201700,sexual_violence,high,M2F,False,True,SHIFTING,True,sexist + woman-focused gendered token swapped; construct likely shifts (author adjudication),dude is sitting manspreading with his feet blocking my way and gets baby raged when i am standing and walk to get off at my station and my shoes taps his once,dude is sitting manspreading with her feet blocking my way and gets baby raged when i am standing and walk to get off at my station and my shoes taps her once
200051,sexual_violence,mixed,F2M,False,True,SHIFTING,True,sexist + woman-focused gendered token swapped; construct likely shifts (author adjudication),"@multimultatuli @McKittenCat @BrynnTannehill @MargaretAtwood How is it not about safety? Do you know how frequently trans women are sexually harassed? Despite most of them avoiding public restrooms, it's still pretty bad.","@multimultatuli @McKittenCat @BrynnTannehill @MargaretAtwood How is it not about safety? Do you know how frequently trans men are sexually harassed? Despite most of them avoiding public restrooms, it's still pretty bad."
203054,sexual_violence,mixed,F2M,False,True,SHIFTING,True,sexist + woman-focused gendered token swapped; construct likely shifts (author adjudication),@LjThePoem Daddy's stop picking they mate and most women don't know how to choose a real one.. 4get covid.. Toot it and boot it is the real epidemic.. May it be a few months or years.. If u get toot it and boot it with child(ren) then that guy scammed you.. 😭😭😭😭,@LjThePoem Daddy's stop picking they mate and most men don't know how to choose a real one.. 4get covid.. Toot it and boot it is the real epidemic.. May it be a few months or years.. If u get toot it and boot it with child(ren) then that guy scammed you.. 😭😭😭😭
201728,sexual_violence,high,M2F,False,True,INVARIANT,False,majority not-sexist; label stays not-sexist under swap,Man feels free to masturbate in public because of #whiteprivilege#whiteonwhitecrime #meff #prop47 https://t.co/bsaqkNUkrV,Woman feels free to masturbate in public because of #whiteprivilege#whiteonwhitecrime #meff #prop47 https://t.co/bsaqkNUkrV
201160,sexual_violence,mixed,MIXED,False,True,INVARIANT,False,majority not-sexist; label stays not-sexist under swap,"""Perhaps I should set up something for you. I know a few men that are starved for a woman's touch."" https://t.co/Mgvvc4K09j","""Perhaps I should set up something for you. I know a few women that are starved for a man's touch."" https://t.co/Mgvvc4K09j"
201238,sexual_violence,high,F2M,False,True,SHIFTING,True,sexist + woman-focused gendered token swapped; construct likely shifts (author adjudication),"LRT: one of panels she got gangbanged in a shared bath with body writing and I was like ""Damn how disgusting.""Then proceeded to keep reading because that concept is hot to me.","LRT: one of panels he got gangbanged in a shared bath with body writing and I was like ""Damn how disgusting.""Then proceeded to keep reading because that concept is hot to me."
201327,sexual_violence,high,F2M,False,True,SHIFTING,True,sexist + woman-focused gendered token swapped; construct likely shifts (author adjudication),"even fully clothed &amp; dressed girls can't escape from these abusers, harassers, psychos, etc https://t.co/cavOq6lzIW","even fully clothed &amp; dressed boys can't escape from these abusers, harassers, psychos, etc https://t.co/cavOq6lzIW"
201540,sexual_violence,mixed,M2F,False,True,INVARIANT,False,majority not-sexist; label stays not-sexist under swap,"i look at him and think ""I would like to fuck this man"" https://t.co/rmheVTbblA","i look at him and think ""I would like to fuck this woman"" https://t.co/rmheVTbblA"
203063,sexual_violence,high,MIXED,False,True,SHIFTING,True,sexist + woman-focused gendered token swapped; construct likely shifts (author adjudication),"@ZolotojKrokodil @RussellZee @AmyImhoff1701 @comicconla They're out there.  I'm sure you can find them.  Particularly the one of him creeping on the little girl.  And, like I said, his team literally filed a statement from somebody saying he pressured women for sex.  And he admitted to a lot of the conduct in his deposition.","@ZolotojKrokodil @RussellZee @AmyImhoff1701 @comicconla They're out there.  I'm sure you can find them.  Particularly the one of him creeping on the little boy.  And, like I said, her team literally filed a statement from somebody saying she pressured men for sex.  And she admitted to a lot of the conduct in her deposition."
200645,sexual_violence,mixed,M2F,False,True,SHIFTING,True,sexist + woman-focused gendered token swapped; construct likely shifts (author adjudication),Or not nvmSlitterhead still looks interesting but MAN THAT WAS A COCK TEASE,Or not nvmSlitterhead still looks interesting but WOMAN THAT WAS A COCK TEASE
200752,sexual_violence,high,MIXED,False,True,INVARIANT,False,majority not-sexist; label stays not-sexist under swap,"@BasheneA Radical, Marxist, Liberal, &amp; Difference feminism, out of these 4 the are many other types of feminism. So I dont get woman talking about people who don't know what feminism is. ""the belief and aim that women should have the same rights and opportunities as men"" is the definition","@BasheneA Radical, Marxist, Liberal, &amp; Difference feminism, out of these 4 the are many other types of feminism. So I dont get man talking about people who don't know what feminism is. ""the belief and aim that men should have the same rights and opportunities as women"" is the definition"
200624,sexual_violence,high,F2M,False,True,SHIFTING,True,sexist + woman-focused gendered token swapped; construct likely shifts (author adjudication),@JohnT15 @corporatemach @JesseKellyDC @FIT She's riding the cock carousel.,@JohnT15 @corporatemach @JesseKellyDC @FIT He's riding the cock carousel.
202481,sexual_violence,high,M2F,False,True,SHIFTING,True,sexist + woman-focused gendered token swapped; construct likely shifts (author adjudication),"I love draining my little slutbag, it’s his first game 😈😈","I love draining my little slutbag, it’s her first game 😈😈"
201237,sexual_violence,high,M2F,False,True,SHIFTING,True,sexist + woman-focused gendered token swapped; construct likely shifts (author adjudication),🍆🍆🍆🍆🍆           🥦Let Deku be gangbanged by his pack's alphas like the good omega he is,🍆🍆🍆🍆🍆           🥦Let Deku be gangbanged by her pack's alphas like the good omega she is
202523,sexual_violence,high,F2M,False,True,SHIFTING,True,sexist + woman-focused gendered token swapped; construct likely shifts (author adjudication),"Been up since 4 am and been hard since. Watching my wife sleep makes me wish we had a roommate that I could sodomize. The thought of sneaky anal, and not getting caught, keeps me rubbing my cock through my pants. https://t.co/tk8HQoMgOu","Been up since 4 am and been hard since. Watching my husband sleep makes me wish we had a roommate that I could sodomize. The thought of sneaky anal, and not getting caught, keeps me rubbing my cock through my pants. https://t.co/tk8HQoMgOu"
202814,sexual_violence,low,F2M,False,True,SHIFTING,True,sexist + woman-focused gendered token swapped; construct likely shifts (author adjudication),@mscott7612 @HTScotPol Sturgeon will be putting on a costume with red underpants and calling herself Super Mammy,@mscott7612 @HTScotPol Sturgeon will be putting on a costume with red underpants and calling himself Super Mammy
201379,sexual_violence,high,M2F,False,True,SHIFTING,True,sexist + woman-focused gendered token swapped; construct likely shifts (author adjudication),@B52Malmet @kylegriffin1 But stupid son of a bitch will get more coverage than grab them by the pussy,@B52Malmet @kylegriffin1 But stupid daughter of a bitch will get more coverage than grab them by the pussy
202538,sexual_violence,low,M2F,False,True,SHIFTING,True,sexist + woman-focused gendered token swapped; construct likely shifts (author adjudication),"@alexander_olly Lacking bitterness injury is manifest actions young man sort of heartwarming, and practical, but it's beyond hypocritical cause after doing the sodomy to sodomize people treating others as if they'd https://t.co/9khj0qe0PF actually did, however child abuse lawsuits ✝️☦️🕍🛐⛪💒🏳️‍🌈","@alexander_olly Lacking bitterness injury is manifest actions young woman sort of heartwarming, and practical, but it's beyond hypocritical cause after doing the sodomy to sodomize people treating others as if they'd https://t.co/9khj0qe0PF actually did, however child abuse lawsuits ✝️☦️🕍🛐⛪💒🏳️‍🌈"
202698,sexual_violence,high,M2F,False,True,INVARIANT,False,majority not-sexist; label stays not-sexist under swap,Bad to bad the man dem ago shoot dem shot after me enuh 😩 #LoveConnectionJA,Bad to bad the woman dem ago shoot dem shot after me enuh 😩 #LoveConnectionJA
201212,sexual_violence,high,M2F,False,True,INVARIANT,False,majority not-sexist; label stays not-sexist under swap,"@georgehahn Fuck that cunt!!I’m glad to see Stl county going back to masks. It’s such a horrible horrible task to do not only for your fellow man but for yourself. I like walking up to a maskless bastard, lowering my mask and fake coughing just start hacking and saying this just started.","@georgehahn Fuck that cunt!!I’m glad to see Stl county going back to masks. It’s such a horrible horrible task to do not only for your fellow woman but for yourself. I like walking up to a maskless bastard, lowering my mask and fake coughing just start hacking and saying this just started."
400219,sexual_violence,mixed,M2F,False,True,INVARIANT,False,majority not-sexist; label stays not-sexist under swap,some one get those white boy hips moving MAN CANNOT BOUNCE 😭😭😭😭,some one get those white girl hips moving WOMAN CANNOT BOUNCE 😭😭😭😭
202544,sexual_violence,high,F2M,False,True,SHIFTING,True,sexist + woman-focused gendered token swapped; construct likely shifts (author adjudication),How some superheroes never spank women anymore? https://t.co/3GOLVynanG,How some superheroes never spank men anymore? https://t.co/3GOLVynanG
201571,sexual_violence,high,MIXED,False,True,SHIFTING,True,sexist + woman-focused gendered token swapped; construct likely shifts (author adjudication),"@ExMuslimBlogger I agree, I wish I could be brave to take off Hijab and Nikkab I am Pakistani girl who have been living among Muslims, I am on verge of losing hope because I have to wear Burqa if woman doesn't hide her face and body,men can kidnap and abuse and even kill women","@ExMuslimBlogger I agree, I wish I could be brave to take off Hijab and Nikkab I am Pakistani boy who have been living among Muslims, I am on verge of losing hope because I have to wear Burqa if man doesn't hide his face and body,women can kidnap and abuse and even kill men"
202198,sexual_violence,mixed,M2F,False,True,SHIFTING,True,sexist + woman-focused gendered token swapped; construct likely shifts (author adjudication),So called restorative justices has y’all out here defending rapists like they shoplifted. Talking about 96th chances and what not. Like rape is a whoops. You can’t restore a rape. You cannot unrape someone.I’m tired of nonsense in the name of unrepentant rapist men. Let him rot,So called restorative justices has y’all out here defending rapists like they shoplifted. Talking about 96th chances and what not. Like rape is a whoops. You can’t restore a rape. You cannot unrape someone.I’m tired of nonsense in the name of unrepentant rapist women. Let him rot
400484,sexual_violence,high,M2F,False,True,SHIFTING,True,sexist + woman-focused gendered token swapped; construct likely shifts (author adjudication),@TheRealLyna Bitch your boyfriend Anthony flimss or mojassim80 will paint you and oh wait they ready plant u a baby inside you . You look like a prostitute in your picture .that guy was right bout you be a hoe on here,@TheRealLyna Bitch your girlfriend Anthony flimss or mojassim80 will paint you and oh wait they ready plant u a baby inside you . You look like a prostitute in your picture .that guy was right bout you be a hoe on here
201475,sexual_violence,low,MIXED,False,True,SHIFTING,True,sexist + woman-focused gendered token swapped; construct likely shifts (author adjudication),@ztatus @failedcupcakes @Annakarenriver1 @zaynmalik Maybe he shouldn’t hit women though…,@ztatus @failedcupcakes @Annakarenriver1 @zaynmalik Maybe she shouldn’t hit men though…
200125,sexual_violence,high,M2F,False,True,SHIFTING,True,sexist + woman-focused gendered token swapped; construct likely shifts (author adjudication),@DaOlhead @taylrmaharaj @TheyHateNoelll @sixthgodtalk https://t.co/KwvW4MmUXR I will leave this link here :) this is the GLOBAL statistics for street based harassment ONLY. You’d be shocked as a man to see how high the numbers and percentages are.,@DaOlhead @taylrmaharaj @TheyHateNoelll @sixthgodtalk https://t.co/KwvW4MmUXR I will leave this link here :) this is the GLOBAL statistics for street based harassment ONLY. You’d be shocked as a woman to see how high the numbers and percentages are.
202475,sexual_violence,mixed,F2M,False,True,SHIFTING,True,sexist + woman-focused gendered token swapped; construct likely shifts (author adjudication),@ice_slut_SDC “That wasn’t saying to stop. So guess you’re loving them.” She smirked and gave one more. This time keeping her hand on the girl’s rear and groping it.,@ice_slut_SDC “That wasn’t saying to stop. So guess you’re loving them.” He smirked and gave one more. This time keeping his hand on the boy’s rear and groping it.
202688,sexual_violence,high,M2F,False,True,INVARIANT,False,majority not-sexist; label stays not-sexist under swap,@thereidout @DrJasonJohnson @SykesCharlie @lizzwinstead @DavidJollyFL @ElieNYC @jacobsoboroff @JoyAnnReid @MSNBC @reiders You were on 🔥 on Joy’s show. Agreed with you 100%.Garland is NOT the man for the job.,@thereidout @DrJasonJohnson @SykesCharlie @lizzwinstead @DavidJollyFL @ElieNYC @jacobsoboroff @JoyAnnReid @MSNBC @reiders You were on 🔥 on Joy’s show. Agreed with you 100%.Garland is NOT the woman for the job.
201400,sexual_violence,high,F2M,False,True,SHIFTING,True,sexist + woman-focused gendered token swapped; construct likely shifts (author adjudication),@marcoox932 @TheOtaking The main character from that one Blue Sky robot movie is a pervert and harass a girl,@marcoox932 @TheOtaking The main character from that one Blue Sky robot movie is a pervert and harass a boy
201227,sexual_violence,mixed,M2F,False,True,INVARIANT,False,majority not-sexist; label stays not-sexist under swap,"@thegayprofiler Yes yes yes, that is an extremely good plan 😩👌 Will getting gangbanged by the rest of the heu characters is what he DESERVES","@thegayprofiler Yes yes yes, that is an extremely good plan 😩👌 Will getting gangbanged by the rest of the heu characters is what she DESERVES"
202185,sexual_violence,high,F2M,False,True,SHIFTING,True,sexist + woman-focused gendered token swapped; construct likely shifts (author adjudication),chefayo is rape apologist and has made violent threats to women #nch @oluwablanco,chefayo is rape apologist and has made violent threats to men #nch @oluwablanco
202156,sexual_violence,high,F2M,False,True,SHIFTING,True,sexist + woman-focused gendered token swapped; construct likely shifts (author adjudication),@BoscosDen But what if it's mother daughter incest?! My Moos can't get each other pregnant!!! oAo,@BoscosDen But what if it's father son incest?! My Moos can't get each other pregnant!!! oAo
201222,sexual_violence,high,F2M,False,True,SHIFTING,True,sexist + woman-focused gendered token swapped; construct likely shifts (author adjudication),i want to see sakura getting gangbanged my dude she deserves it,i want to see sakura getting gangbanged my dude he deserves it
202700,sexual_violence,mixed,M2F,False,True,SHIFTING,True,sexist + woman-focused gendered token swapped; construct likely shifts (author adjudication),He reminds me of The Man I dream about Blowing my Back out every night then cuddling me real tight cause he knows he pull it down right. 😍😍😍 https://t.co/PY4uCexH0T,She reminds me of The Woman I dream about Blowing my Back out every night then cuddling me real tight cause she knows she pull it down right. 😍😍😍 https://t.co/PY4uCexH0T
200138,sexual_violence,mixed,M2F,False,True,INVARIANT,False,majority not-sexist; label stays not-sexist under swap,"""...a man is entirely responsible for his own actions."" #LundyBancroft #EndViolenceAgainstWomen #stopstreetharassment","""...a woman is entirely responsible for her own actions."" #LundyBancroft #EndViolenceAgainstWomen #stopstreetharassment"
201308,sexual_violence,low,MIXED,False,True,SHIFTING,True,sexist + woman-focused gendered token swapped; construct likely shifts (author adjudication),@sekay87 @BlancaP09328330 @PageSix Remember this is the same girl that had a boyfriend while she went on the bachelor- talk about lying. She needs to take a seat!,@sekay87 @BlancaP09328330 @PageSix Remember this is the same boy that had a girlfriend while he went on the bachelor- talk about lying. He needs to take a seat!
201880,sexual_violence,mixed,F2M,False,True,SHIFTING,True,sexist + woman-focused gendered token swapped; construct likely shifts (author adjudication),@rottenbanana101 Stuff like this doesn’t get a democrat fired aka impeached but touching a woman’s ass will do it every time both should ps giving elders a death sentence bye putting Covid-19 patients in nursing homes doesn’t get you impeached either🤷‍♂️,@rottenbanana101 Stuff like this doesn’t get a democrat fired aka impeached but touching a man’s ass will do it every time both should ps giving elders a death sentence bye putting Covid-19 patients in nursing homes doesn’t get you impeached either🤷‍♂️
202541,sexual_violence,high,F2M,False,True,SHIFTING,True,sexist + woman-focused gendered token swapped; construct likely shifts (author adjudication),@RealJamesWoods Either that or midgets just like to spank women's behinds.,@RealJamesWoods Either that or midgets just like to spank men's behinds.
202948,sexual_violence,high,MIXED,False,True,SHIFTING,True,sexist + woman-focused gendered token swapped; construct likely shifts (author adjudication),"@80sThen80sNow Lol yes and I remember an episode of Night Court where Dan was turned back into a kid and asked a woman if she wanted to play with his *Lincoln log"" to funny! 😂😂😂😂😂😂😂😂😂😂😂😂😂😂😂","@80sThen80sNow Lol yes and I remember an episode of Night Court where Dan was turned back into a kid and asked a man if he wanted to play with her *Lincoln log"" to funny! 😂😂😂😂😂😂😂😂😂😂😂😂😂😂😂"
202197,sexual_violence,mixed,F2M,False,True,SHIFTING,True,sexist + woman-focused gendered token swapped; construct likely shifts (author adjudication),"@johnfeal2 When student teaching, I was made aware of a 10 year old rape victim. She became pregnant and the fetus was aborted. Had she been forced to carry to term, the trauma on her little body would've been horrendous. Child abuse upon child abuse. 10 years old.","@johnfeal2 When student teaching, I was made aware of a 10 year old rape victim. He became pregnant and the fetus was aborted. Had he been forced to carry to term, the trauma on his little body would've been horrendous. Child abuse upon child abuse. 10 years old."
400097,sexual_violence,mixed,F2M,False,True,SHIFTING,True,sexist + woman-focused gendered token swapped; construct likely shifts (author adjudication),"Before you fuck her, slowly stroke your cock. Tease her first. https://t.co/aMydxU9wVB","Before you fuck his, slowly stroke your cock. Tease his first. https://t.co/aMydxU9wVB"
400175,sexual_violence,high,F2M,False,True,INVARIANT,False,majority not-sexist; label stays not-sexist under swap,If Gaga decided to sing 18 versions of Free Woman as the setlist for Chromatica ball I'm here for it.,If Gaga decided to sing 18 versions of Free Man as the setlist for Chromatica ball I'm here for it.
202403,sexual_violence,high,M2F,False,True,SHIFTING,True,sexist + woman-focused gendered token swapped; construct likely shifts (author adjudication),@jockk99 @ntltcvera fuck off u slag why are u trying to force a man onto me??? not very feminist of u 😒😒,@jockk99 @ntltcvera fuck off u slag why are u trying to force a woman onto me??? not very feminist of u 😒😒
200219,sexual_violence,mixed,F2M,False,True,SHIFTING,True,sexist + woman-focused gendered token swapped; construct likely shifts (author adjudication),"When video game you tubers blacklist one of their co workers for making a poor joke about a day without women, but never say a word about their other coworkers obsession with have sex with disney princesses, despite the fact that they are all underage. But that’s ok,","When video game you tubers blacklist one of their co workers for making a poor joke about a day without men, but never say a word about their other coworkers obsession with have sex with disney princesses, despite the fact that they are all underage. But that’s ok,"
200284,sexual_violence,mixed,MIXED,False,True,SHIFTING,True,sexist + woman-focused gendered token swapped; construct likely shifts (author adjudication),"@r0tt3n4pp73 “Woah I am not here saying youre gay Regina , I’m just saying I wouldn’t mind ducking you again and that we would both enjoy it ,” she laughs and swallows down more before topping off both of their glasses . “And I am pretty sure I could get you off just as good as a man +","@r0tt3n4pp73 “Woah I am not here saying youre gay Regina , I’m just saying I wouldn’t mind ducking you again and that we would both enjoy it ,” he laughs and swallows down more before topping off both of their glasses . “And I am pretty sure I could get you off just as good as a woman +"
202870,sexual_violence,high,M2F,False,True,INVARIANT,False,majority not-sexist; label stays not-sexist under swap,@carlislehammer5 @footbalIfights @pearl_andrew Fucking victim card is that all you thick idiots can say 🤷🏻‍♂️ go give ya head a wobble silly boy,@carlislehammer5 @footbalIfights @pearl_andrew Fucking victim card is that all you thick idiots can say 🤷🏻‍♂️ go give ya head a wobble silly girl
203068,sexual_violence,high,F2M,False,True,SHIFTING,True,sexist + woman-focused gendered token swapped; construct likely shifts (author adjudication),2 Women Arrested In Connection To Alleged Human Trafficking - CBS Dallas / Fort Worth: Police arrested Arely Lopez-Guzmán and Fabiola Cardenas. Both women allegedly had ties to the sale of women for sex against their will. https://t.co/GETQxl8euW #slavery #organizedcrime,2 Men Arrested In Connection To Alleged Human Trafficking - CBS Dallas / Fort Worth: Police arrested Arely Lopez-Guzmán and Fabiola Cardenas. Both men allegedly had ties to the sale of men for sex against their will. https://t.co/GETQxl8euW #slavery #organizedcrime
200098,sexual_violence,high,M2F,False,True,SHIFTING,True,sexist + woman-focused gendered token swapped; construct likely shifts (author adjudication),"The #notallmen tag is currently trending in NL. I know it's not all men, but it is heckin' hard to trust men when you've had men you know as well as random strangers force themselves onto you or touch you without consent.Just putting it out there. Watch the video below. https://t.co/3uS00j158m","The #notallmen tag is currently trending in NL. I know it's not all women, but it is heckin' hard to trust women when you've had women you know as well as random strangers force themselves onto you or touch you without consent.Just putting it out there. Watch the video below. https://t.co/3uS00j158m"
200498,sexual_violence,mixed,F2M,False,True,SHIFTING,True,sexist + woman-focused gendered token swapped; construct likely shifts (author adjudication),I’m more loved on Facebook than Twitter it’s hard 2 be me on here when I was cyber bullied threatened an  accused of verbal rape it’s so hard 2  explain 2 my RL  best friend that her best friend was accused of Rape not talking bout @VelVelHoller but  I hate being treated this way https://t.co/aBg7vG4gVX,I’m more loved on Facebook than Twitter it’s hard 2 be me on here when I was cyber bullied threatened an  accused of verbal rape it’s so hard 2  explain 2 my RL  best friend that his best friend was accused of Rape not talking bout @VelVelHoller but  I hate being treated this way https://t.co/aBg7vG4gVX
201235,sexual_violence,high,M2F,False,True,SHIFTING,True,sexist + woman-focused gendered token swapped; construct likely shifts (author adjudication),"in the living room, all strocking to porn. all4guys+host had fucked me. 1st, straight,had cum in cumhole. I was so surprised&amp; pleased.even if short &amp;light, was so hot be gangbanged w/o knowing, blindfolded, w straight men &amp;bred by straight man!A108M31 #chastity #cumdump #gangbang","in the living room, all strocking to porn. all4guys+host had fucked me. 1st, straight,had cum in cumhole. I was so surprised&amp; pleased.even if short &amp;light, was so hot be gangbanged w/o knowing, blindfolded, w straight women &amp;bred by straight woman!A108M31 #chastity #cumdump #gangbang"
202013,sexual_violence,high,MIXED,False,True,SHIFTING,True,sexist + woman-focused gendered token swapped; construct likely shifts (author adjudication),@TrackerTrial @theDirtReynolds It’s about a patrilocal society that has been selling women as sexual objects far to long. At least Bill wasn’t assaulting teenagers at his beauty pageants or saying he wanted to f%#k his daughter.,@TrackerTrial @theDirtReynolds It’s about a patrilocal society that has been selling men as sexual objects far to long. At least Bill wasn’t assaulting teenagers at her beauty pageants or saying she wanted to f%#k her son.
400183,sexual_violence,high,MIXED,False,True,SHIFTING,True,sexist + woman-focused gendered token swapped; construct likely shifts (author adjudication),"@FernsLewds “Mmm, fuck that cunt is hungry for this dick isn’t it~ Such a shame that you can lie all you want about not wanting this but your body never can~”He says in her ear before he starts kissing down her neck. Making sure to leave plenty of love marks on her pale skin.","@FernsLewds “Mmm, fuck that cunt is hungry for this dick isn’t it~ Such a shame that you can lie all you want about not wanting this but your body never can~”She says in his ear before she starts kissing down his neck. Making sure to leave plenty of love marks on his pale skin."
200127,sexual_violence,mixed,F2M,False,True,INVARIANT,False,majority not-sexist; label stays not-sexist under swap,"""Chalk Back: The Girl and Youth-Led Street Art Movement to #StopStreetHarassment"" by Natasha Harris-Harb and Sophie Sandberg. Read here: https://t.co/yVcVAwP9SO #girlhood @SophSandberg https://t.co/MVFM3tOkpf","""Chalk Back: The Boy and Youth-Led Street Art Movement to #StopStreetHarassment"" by Natasha Harris-Harb and Sophie Sandberg. Read here: https://t.co/yVcVAwP9SO #girlhood @SophSandberg https://t.co/MVFM3tOkpf"
202697,sexual_violence,mixed,M2F,False,True,SHIFTING,True,sexist + woman-focused gendered token swapped; construct likely shifts (author adjudication),currently sitting in the doctors waiting room and the man who groomed and assaulted me for over a year a few years ago ago is here.. I'm feeling a bit unsafe so if you see this pls send love n maybe memes ❤️,currently sitting in the doctors waiting room and the woman who groomed and assaulted me for over a year a few years ago ago is here.. I'm feeling a bit unsafe so if you see this pls send love n maybe memes ❤️
202543,sexual_violence,low,MIXED,False,True,SHIFTING,True,sexist + woman-focused gendered token swapped; construct likely shifts (author adjudication),5 Reasons Men Love Spanking Women During Sex https://t.co/0htDLk8FRs,5 Reasons Women Love Spanking Men During Sex https://t.co/0htDLk8FRs
200083,sexual_violence,mixed,MIXED,False,True,SHIFTING,True,sexist + woman-focused gendered token swapped; construct likely shifts (author adjudication),@Jojobajojoba123 @Pabel5Pabel @lazyjoolz @reallorraine Cos it doesn’t happen and if it does why should all trans women be vilified for the few outliers? If it’s #notallmen then it’s #notalltranswomen too. Either all men get castrated cos they can’t stop raping or we simply just educate people that rape is bad instead😁👍,@Jojobajojoba123 @Pabel5Pabel @lazyjoolz @reallorraine Cos it doesn’t happen and if it does why should all trans men be vilified for the few outliers? If it’s #notallmen then it’s #notalltranswomen too. Either all women get castrated cos they can’t stop raping or we simply just educate people that rape is bad instead😁👍
201575,sexual_violence,high,MIXED,False,True,SHIFTING,True,sexist + woman-focused gendered token swapped; construct likely shifts (author adjudication),@mustbeKAY Do you believe that men kill women rapidly in this country and rape them every day.,@mustbeKAY Do you believe that women kill men rapidly in this country and rape them every day.
201477,sexual_violence,high,MIXED,False,True,SHIFTING,True,sexist + woman-focused gendered token swapped; construct likely shifts (author adjudication),Things men who hit women say:It’s your faultWhy did you stayYou make me angryWhen i tell you to shut up you shut up Its not as bad as other men who beat up their gf That wasn’t a slap It wasnt hard It was a mistake You make me like this You make me angryYou’re crazy,Things women who hit men say:It’s your faultWhy did you stayYou make me angryWhen i tell you to shut up you shut up Its not as bad as other women who beat up their gf That wasn’t a slap It wasnt hard It was a mistake You make me like this You make me angryYou’re crazy
203075,sexual_violence,high,MIXED,False,True,SHIFTING,True,sexist + woman-focused gendered token swapped; construct likely shifts (author adjudication),@Breaking911 What a disgusting low life turkey. To misuse and abuse authority to pressure women for sex. He should be jailed for a very long time and never allowed to disgrace a police uniform again. He's the worse.,@Breaking911 What a disgusting low life turkey. To misuse and abuse authority to pressure men for sex. She should be jailed for a very long time and never allowed to disgrace a police uniform again. She's the worse.
201442,sexual_violence,high,MIXED,True,True,INVARIANT,False,majority not-sexist; label stays not-sexist under swap,"@kiIIconfirmed The commotion almost beckons Alpine to run off, take refuge in the confines of the bedroom, but she keeps steady even upon all fours. Back arches but only to stretch, James left absorbing the scenario unfolding on his own.Hands settle on his hips as brows arch, stammering »","@kiIIconfirmed The commotion almost beckons Alpine to run off, take refuge in the confines of the bedroom, but he keeps steady even upon all fours. Back arches but only to stretch, Linda left absorbing the scenario unfolding on her own.Hands settle on her hips as brows arch, stammering »"
202735,sexual_violence,low,F2M,False,True,SHIFTING,True,sexist + woman-focused gendered token swapped; construct likely shifts (author adjudication),@DipshikhaGhosh Today's women need to stress this point 'consent' because of the decades of abuse &amp; patriarchal mindset (that still needs to be rooted out). Once that settles partners can detect each others moods without utterance.,@DipshikhaGhosh Today's men need to stress this point 'consent' because of the decades of abuse &amp; patriarchal mindset (that still needs to be rooted out). Once that settles partners can detect each others moods without utterance.
201365,sexual_violence,high,M2F,False,True,SHIFTING,True,sexist + woman-focused gendered token swapped; construct likely shifts (author adjudication),I don't want to know how decent you are..If we're dating I will make sure i corrupt you extremely to a point where you won't even know when you will grab my penis in public so that incase we break up your next  boyfriend will always pray for me for turning you that way,I don't want to know how decent you are..If we're dating I will make sure i corrupt you extremely to a point where you won't even know when you will grab my penis in public so that incase we break up your next  girlfriend will always pray for me for turning you that way
400231,sexual_violence,low,M2F,False,True,SHIFTING,True,sexist + woman-focused gendered token swapped; construct likely shifts (author adjudication),Mr Balls i would like to fuck https://t.co/FhFiq7Hamj,Mrs Balls i would like to fuck https://t.co/FhFiq7Hamj
201562,sexual_violence,mixed,F2M,False,True,SHIFTING,True,sexist + woman-focused gendered token swapped; construct likely shifts (author adjudication),why would god tell people to rape and kill women and force them to a way of life that has nothing to do with my lord! that is why u wont get to meet my lord!,why would god tell people to rape and kill men and force them to a way of life that has nothing to do with my lord! that is why u wont get to meet my lord!
400461,sexual_violence,high,F2M,False,True,SHIFTING,True,sexist + woman-focused gendered token swapped; construct likely shifts (author adjudication),Polishing shoes is good regardless to work for sex or to sell out women to others.Your earning may be selling out women for sex.Jism ferosh za zameer or gherat feroshi say.Afghans are our proud.The pure people.Shame on your statement. https://t.co/cFWv88UoME,Polishing shoes is good regardless to work for sex or to sell out men to others.Your earning may be selling out men for sex.Jism ferosh za zameer or gherat feroshi say.Afghans are our proud.The pure people.Shame on your statement. https://t.co/cFWv88UoME
202184,sexual_violence,mixed,F2M,False,True,SHIFTING,True,sexist + woman-focused gendered token swapped; construct likely shifts (author adjudication),@elyseamantha @daiyantrisha Yeah no one is saying only respect women. But we’re talking about a specific incident here where a guy is making rape jokes towards a woman. We’re making a point with it. We’re highlighting the problem.,@elyseamantha @daiyantrisha Yeah no one is saying only respect men. But we’re talking about a specific incident here where a guy is making rape jokes towards a man. We’re making a point with it. We’re highlighting the problem.
201528,sexual_violence,high,F2M,False,True,SHIFTING,True,sexist + woman-focused gendered token swapped; construct likely shifts (author adjudication),@MistressAlexisK  Good day Mrs. Would you know why I fantasize about astrodomina? I would like to fuck with her before she and you and my darling put me in order to make a good submissive for my darling (You would be her teachers) https://t.co/mqq2d0ngpz,@MistressAlexisK  Good day Mr. Would you know why I fantasize about astrodomina? I would like to fuck with his before he and you and my darling put me in order to make a good submissive for my darling (You would be his teachers) https://t.co/mqq2d0ngpz
203125,misogyny_non_sexual_violence,high,F2M,False,True,SHIFTING,True,sexist + woman-focused gendered token swapped; construct likely shifts (author adjudication),@haileyccos i hate female characters AND real women,@haileyccos i hate female characters AND real men
200393,misogyny_non_sexual_violence,low,M2F,False,True,SHIFTING,True,sexist + woman-focused gendered token swapped; construct likely shifts (author adjudication),@MrJHessel Why does Cliff only wear one set of clothes to work?Why is his chair so low to the ground that he kneels on the floor?Why is he with a miserable bint like mardy Martha?Is Dave the bloke from some gifs I’ve seen? (I’m checking that).,@MrJHessel Why does Cliff only wear one set of clothes to work?Why is her chair so low to the ground that she kneels on the floor?Why is she with a miserable bint like mardy Martha?Is Dave the bloke from some gifs I’ve seen? (I’m checking that).
201606,misogyny_non_sexual_violence,high,MIXED,False,True,SHIFTING,True,sexist + woman-focused gendered token swapped; construct likely shifts (author adjudication),He took it to far 🤣🤣🤣🤣🤣 the ladies don’t even go this long https://t.co/itVZ42cTVP,She took it to far 🤣🤣🤣🤣🤣 the gentlemen don’t even go this long https://t.co/itVZ42cTVP
202630,misogyny_non_sexual_violence,mixed,F2M,False,True,INVARIANT,False,majority not-sexist; label stays not-sexist under swap,"@twitter @un @lemondfr @potus @aoc @npr @foxnews @JudgeJeanine @MariaBartiromo @meetthepress @facethenation @ThisWeekABC #uk #usa #news TALIBAN GASES AFGHAN WOMEN:""Don't Believe Taliban"" Say Brave Afghan Women... https://t.co/LFC1KfXCes","@twitter @un @lemondfr @potus @aoc @npr @foxnews @JudgeJeanine @MariaBartiromo @meetthepress @facethenation @ThisWeekABC #uk #usa #news TALIBAN GASES AFGHAN MEN:""Don't Believe Taliban"" Say Brave Afghan Men... https://t.co/LFC1KfXCes"
201474,misogyny_non_sexual_violence,mixed,MIXED,False,True,SHIFTING,True,sexist + woman-focused gendered token swapped; construct likely shifts (author adjudication),@SpicyMommyy They hardly ever hit women. Be more worried about scrawny looking men. They feel they need to prove something.,@SpicyMommyy They hardly ever hit men. Be more worried about scrawny looking women. They feel they need to prove something.
200222,misogyny_non_sexual_violence,high,MIXED,False,True,SHIFTING,True,sexist + woman-focused gendered token swapped; construct likely shifts (author adjudication),Not my Nigga FaceTiming me talking bout he gone curse me out the lady next to me saying don’t let him abuse me 😂😂,Not my Nigga FaceTiming me talking bout she gone curse me out the gentleman next to me saying don’t let him abuse me 😂😂
400181,misogyny_non_sexual_violence,high,F2M,False,True,SHIFTING,True,sexist + woman-focused gendered token swapped; construct likely shifts (author adjudication),@themaxburns @GOP Fuck that cunt. Tried to vote her out multiple times,@themaxburns @GOP Fuck that cunt. Tried to vote his out multiple times
201507,misogyny_non_sexual_violence,high,F2M,False,True,SHIFTING,True,sexist + woman-focused gendered token swapped; construct likely shifts (author adjudication),I love how the two reactions to this are “NFTs aren’t so bad” and “ I hate women now” https://t.co/wQjiqbTOql,I love how the two reactions to this are “NFTs aren’t so bad” and “ I hate men now” https://t.co/wQjiqbTOql
201508,misogyny_non_sexual_violence,high,F2M,False,True,SHIFTING,True,sexist + woman-focused gendered token swapped; construct likely shifts (author adjudication),"“I hate women, even my own flesh and blood” https://t.co/7RaFZhlbML","“I hate men, even my own flesh and blood” https://t.co/7RaFZhlbML"
200383,misogyny_non_sexual_violence,mixed,F2M,False,True,INVARIANT,False,majority not-sexist; label stays not-sexist under swap,You tell her Cain after all she should be inside the murdering bint #Emmerdale,You tell his Cain after all he should be inside the murdering bint #Emmerdale
201467,misogyny_non_sexual_violence,high,MIXED,False,True,SHIFTING,True,sexist + woman-focused gendered token swapped; construct likely shifts (author adjudication),I’m very proud of @DaBabyDaBaby if you have a son you would want him to call the cops. That’s a real man that doesn’t hit women. Im abusive so I recognized the mannerisms of #danileigh were similar to mine. She physically &amp; verbally abused him knowing he wouldn’t hit her back,I’m very proud of @DaBabyDaBaby if you have a daughter you would want him to call the cops. That’s a real woman that doesn’t hit men. Im abusive so I recognized the mannerisms of #danileigh were similar to mine. He physically &amp; verbally abused him knowing she wouldn’t hit his back
201567,misogyny_non_sexual_violence,low,F2M,False,True,SHIFTING,True,sexist + woman-focused gendered token swapped; construct likely shifts (author adjudication),HATE TO SAY IT BUT......  IINSPIRATION VsInfluence VsALLUREAt HARD TO KILL women tag team title on the line,HATE TO SAY IT BUT......  IINSPIRATION VsInfluence VsALLUREAt HARD TO KILL men tag team title on the line
202382,misogyny_non_sexual_violence,low,F2M,False,True,SHIFTING,True,sexist + woman-focused gendered token swapped; construct likely shifts (author adjudication),akali laughing at Ahri because eve called her a skank https://t.co/dTV1OyuSSb,akali laughing at Ahri because eve called him a skank https://t.co/dTV1OyuSSb
400204,misogyny_non_sexual_violence,high,F2M,False,True,SHIFTING,True,sexist + woman-focused gendered token swapped; construct likely shifts (author adjudication),@RonFilipkowski Not enough is made of the fact that she’s an unabashed gold digger. 🤷🏻‍♂️,@RonFilipkowski Not enough is made of the fact that he’s an unabashed gold digger. 🤷🏻‍♂️
202695,misogyny_non_sexual_violence,high,M2F,False,True,INVARIANT,False,majority not-sexist; label stays not-sexist under swap,"@ncostanzo24 He’s the man, so much better than half it the analysts these tv companies hire. Can you imagine if we had to listen to Buck and Aikman? Be greatful 🤣","@ncostanzo24 She’s the woman, so much better than half it the analysts these tv companies hire. Can you imagine if we had to listen to Buck and Aikman? Be greatful 🤣"
201506,misogyny_non_sexual_violence,high,MIXED,False,True,SHIFTING,True,sexist + woman-focused gendered token swapped; construct likely shifts (author adjudication),when Navi beat Gronru in a contest Barton decided to board the Clossus to defend her honor and try to beat up Navi in return bc he thinks Gronru is one of the best fighters ever what about him reads “I hate women”,when Navi beat Gronru in a contest Barton decided to board the Clossus to defend his honor and try to beat up Navi in return bc she thinks Gronru is one of the best fighters ever what about him reads “I hate men”
200937,misogyny_non_sexual_violence,high,MIXED,False,True,SHIFTING,True,sexist + woman-focused gendered token swapped; construct likely shifts (author adjudication),@aztextheegg @David_Challen @pritipatel What about the warning signs before this happened? The 'joking' about killing women and stuffing their bodies into the boots of cars? His nickname 'The Rapist'? The testimony from female officers about the misogyny they have to put up with as detailed by Everyday Sexism?,@aztextheegg @David_Challen @pritipatel What about the warning signs before this happened? The 'joking' about killing men and stuffing their bodies into the boots of cars? Her nickname 'The Rapist'? The testimony from female officers about the misogyny they have to put up with as detailed by Everyday Sexism?
201511,misogyny_non_sexual_violence,high,F2M,False,True,SHIFTING,True,sexist + woman-focused gendered token swapped; construct likely shifts (author adjudication),I can relate to Dave Chappelle... they think I hate women too,I can relate to Dave Chappelle... they think I hate men too
400062,misogyny_non_sexual_violence,high,F2M,False,True,SHIFTING,True,sexist + woman-focused gendered token swapped; construct likely shifts (author adjudication),why did they make el feel bad for hitting that bitch with a rollerskate? she deserved that shit,why did they make el feel bad for hitting that bitch with a rollerskate? he deserved that shit
201516,misogyny_non_sexual_violence,high,F2M,False,True,SHIFTING,True,sexist + woman-focused gendered token swapped; construct likely shifts (author adjudication),I hate women and am secretly a swag gamer amogus balls this is me tweeting on my own account,I hate men and am secretly a swag gamer amogus balls this is me tweeting on my own account
200221,misogyny_non_sexual_violence,mixed,MIXED,False,True,INVARIANT,False,majority not-sexist; label stays not-sexist under swap,@YouFugazi He was abusive.  He was the problem.  Porsha's got issues but she didn't deserve mental and physical abuse or to grieve the loss of her child alone.,@YouFugazi She was abusive.  She was the problem.  Porsha's got issues but he didn't deserve mental and physical abuse or to grieve the loss of his child alone.
203160,misogyny_non_sexual_violence,mixed,M2F,False,True,INVARIANT,False,majority not-sexist; label stays not-sexist under swap,Sorry for this tweet about womyn on international men's day but I wanna know,Sorry for this tweet about womyn on international women's day but I wanna know
202987,misogyny_non_sexual_violence,mixed,MIXED,False,True,SHIFTING,True,sexist + woman-focused gendered token swapped; construct likely shifts (author adjudication),"@000vinsmoke000 Usually women are nurturing by nature , they are the ones who carry the children for 9 months , plus ila b9aw huma lkhrin o f had situations , they are prone to harassment of all sort Aslan i think au final cest surtout pour faire de l'ordre , as he said rah koulchi aytl3","@000vinsmoke000 Usually men are nurturing by nature , they are the ones who carry the children for 9 months , plus ila b9aw huma lkhrin o f had situations , they are prone to harassment of all sort Aslan i think au final cest surtout pour faire de l'ordre , as she said rah koulchi aytl3"
203025,misogyny_non_sexual_violence,low,F2M,False,True,SHIFTING,True,sexist + woman-focused gendered token swapped; construct likely shifts (author adjudication),"""I don’t want #MeToo to learn a new trick for how to protect my drink in a club, or how to use a pocket knife hidden in my lipstick, or have to buy some strange contraption to make sure my hotel room door stays locked. I want to live in a world where women don’t have to live","""I don’t want #MeToo to learn a new trick for how to protect my drink in a club, or how to use a pocket knife hidden in my lipstick, or have to buy some strange contraption to make sure my hotel room door stays locked. I want to live in a world where men don’t have to live"
201473,misogyny_non_sexual_violence,high,F2M,False,True,SHIFTING,True,sexist + woman-focused gendered token swapped; construct likely shifts (author adjudication),“ I never hit women but I’ve choked one “ 🚩🚩🚩🚩🚩🚩🚩🚩🚩🚩🚩🚩🚩🚩🚩🚩🚩🚩🚩🚩🚩🚩🚩,“ I never hit men but I’ve choked one “ 🚩🚩🚩🚩🚩🚩🚩🚩🚩🚩🚩🚩🚩🚩🚩🚩🚩🚩🚩🚩🚩🚩🚩
201392,misogyny_non_sexual_violence,mixed,MIXED,False,True,SHIFTING,True,sexist + woman-focused gendered token swapped; construct likely shifts (author adjudication),@yeetzboizzz @LeakedTruth Have you seen his accounts? All the dude does is make hate accounts for her to harass her with all day. Nonstop.,@yeetzboizzz @LeakedTruth Have you seen her accounts? All the dude does is make hate accounts for him to harass him with all day. Nonstop.
200209,misogyny_non_sexual_violence,mixed,F2M,False,True,SHIFTING,True,sexist + woman-focused gendered token swapped; construct likely shifts (author adjudication),@DarioColon1 @SamBeary97 @Cloudnine5000 @womenpostingws Not you assuming everyone on stan twitter wants her notice. Not everyone is dying for attention unlike you. Ofcourse you'd not understand. You won't even survive a day without women's attention on Twitter. Complete incel behaviour. Smhhttps://t.co/yEewF35rAQ,@DarioColon1 @SamBeary97 @Cloudnine5000 @womenpostingws Not you assuming everyone on stan twitter wants his notice. Not everyone is dying for attention unlike you. Ofcourse you'd not understand. You won't even survive a day without men's attention on Twitter. Complete incel behaviour. Smhhttps://t.co/yEewF35rAQ
200055,misogyny_non_sexual_violence,low,MIXED,False,True,SHIFTING,True,sexist + woman-focused gendered token swapped; construct likely shifts (author adjudication),@AveryTheComrade I am so happy. Hopefully now he will resign or be expelled. And the women he’s harassed and abused can know he won’t be able to do any more harm,@AveryTheComrade I am so happy. Hopefully now she will resign or be expelled. And the men she’s harassed and abused can know she won’t be able to do any more harm
200558,misogyny_non_sexual_violence,high,F2M,False,True,INVARIANT,False,majority not-sexist; label stays not-sexist under swap,@carstairsbur you have no idea how annoyed i was when i saw people spamming that at her in her chat. like pls for the love of god- it's not canon. stop asking!!!,@carstairsbur you have no idea how annoyed i was when i saw people spamming that at him in his chat. like pls for the love of god- it's not canon. stop asking!!!
400060,misogyny_non_sexual_violence,high,M2F,False,True,INVARIANT,False,majority not-sexist; label stays not-sexist under swap,"@bint_e_asif18 Imran Khan is 100 times big Hero of the Natiom than thz Afridi.. Why he Passed Baseless Remarks against Khan Sahb.. Now face it, Evryone has a right to Express their Feelings","@bint_e_asif18 Imran Khan is 100 times big Hero of the Natiom than thz Afridi.. Why she Passed Baseless Remarks against Khan Sahb.. Now face it, Evryone has a right to Express their Feelings"
201089,misogyny_non_sexual_violence,mixed,F2M,False,True,SHIFTING,True,sexist + woman-focused gendered token swapped; construct likely shifts (author adjudication),I laugh at how Celia and her clan pretend to be these great Feminists when in reality they’ve excluded and bullied other women in the house (i.e. Anahi and Alicia)…In celia’s words to Alicia “I hope that bitch vomits blood” who the fuck even says that unprovoked #LCDLF,I laugh at how Celia and his clan pretend to be these great Feminists when in reality they’ve excluded and bullied other men in the house (i.e. Anahi and Alicia)…In celia’s words to Alicia “I hope that bitch vomits blood” who the fuck even says that unprovoked #LCDLF
202648,misogyny_non_sexual_violence,high,M2F,False,True,INVARIANT,False,majority not-sexist; label stays not-sexist under swap,@jathansadowski @evgenymorozov Brotopia: Breaking Up the Boys' Club of Silicon Valley https://t.co/btzB1fZ1LC by Emily Chang,@jathansadowski @evgenymorozov Brotopia: Breaking Up the Girls' Club of Silicon Valley https://t.co/btzB1fZ1LC by Emily Chang
201209,misogyny_non_sexual_violence,high,MIXED,False,True,SHIFTING,True,sexist + woman-focused gendered token swapped; construct likely shifts (author adjudication),"If the situation were reversed, everybody would go out of their way to protect her.  Black men should be outraged over this fuckery.  Seriously, fuck that cunt.  I don't care if she was playing.  That's not good for optics to shit on a black man and praise the white man.","If the situation were reversed, everybody would go out of their way to protect his.  Black women should be outraged over this fuckery.  Seriously, fuck that cunt.  I don't care if he was playing.  That's not good for optics to shit on a black woman and praise the white woman."
200293,misogyny_non_sexual_violence,high,MIXED,False,True,SHIFTING,True,sexist + woman-focused gendered token swapped; construct likely shifts (author adjudication),Shuler King - Ladies Please Stop This https://t.co/FYQTIDFfw6 via @YouTube well it looks bout as good as a man with his pants hanging down to his knees while he has cell phone in one hand and holding up his pants with the other 😌☺️😔,Shuler Queen - Gentlemen Please Stop This https://t.co/FYQTIDFfw6 via @YouTube well it looks bout as good as a woman with her pants hanging down to her knees while she has cell phone in one hand and holding up her pants with the other 😌☺️😔
200220,misogyny_non_sexual_violence,mixed,F2M,False,True,SHIFTING,True,sexist + woman-focused gendered token swapped; construct likely shifts (author adjudication),@JesseRodriguez @JulianCastro @DeadlineWH @NicolleDWallace @nytimes We need a day without women.  All call in sick across the country,@JesseRodriguez @JulianCastro @DeadlineWH @NicolleDWallace @nytimes We need a day without men.  All call in sick across the country
202353,misogyny_non_sexual_violence,mixed,F2M,False,True,SHIFTING,True,sexist + woman-focused gendered token swapped; construct likely shifts (author adjudication),"@dweir49 @DalekBrittney Exactly, amen for that, even Sailor Scouts  &amp; some villains uses their sexuality to fight against others, As far as I know, Margot never complained about that when playing Harley, nor did Pfeiffer &amp; Hathaway on her SK portrayal 🤷🏻‍♀️","@dweir49 @DalekBrittney Exactly, amen for that, even Sailor Scouts  &amp; some villains uses their sexuality to fight against others, As far as I know, Margot never complained about that when playing Harley, nor did Pfeiffer &amp; Hathaway on his SK portrayal 🤷🏻‍♀️"
202990,misogyny_non_sexual_violence,low,MIXED,False,True,SHIFTING,True,sexist + woman-focused gendered token swapped; construct likely shifts (author adjudication),"“Six women are killed every hour by men around the world, most by men in their own family or their partners.”Big mental aspect of Self Defense is how do you fight someone you’ve grown to love❤️ and care 🥰for deeply? https://t.co/EFYT8V0C74","“Six men are killed every hour by women around the world, most by women in their own family or their partners.”Big mental aspect of Self Defense is how do you fight someone you’ve grown to love❤️ and care 🥰for deeply? https://t.co/EFYT8V0C74"
201346,misogyny_non_sexual_violence,mixed,F2M,False,True,SHIFTING,True,sexist + woman-focused gendered token swapped; construct likely shifts (author adjudication),"@etvScandal She's giving off gold digger vibes,She should get her own Bhululu to  give her wealth. Instead of pimping her sister","@etvScandal He's giving off gold digger vibes,He should get his own Bhululu to  give his wealth. Instead of pimping his brother"
203128,misogyny_non_sexual_violence,high,F2M,False,True,SHIFTING,True,sexist + woman-focused gendered token swapped; construct likely shifts (author adjudication),"@harmonychlorine murder is always alleged for women, no matter how clear the evidence is","@harmonychlorine murder is always alleged for men, no matter how clear the evidence is"
400094,misogyny_non_sexual_violence,high,F2M,False,True,SHIFTING,True,sexist + woman-focused gendered token swapped; construct likely shifts (author adjudication),@kubidubie @sternzac You genuinely don't believe that incels look negatively upon women who sleep around? .Have you heard the phrase 'cock carousel'?,@kubidubie @sternzac You genuinely don't believe that incels look negatively upon men who sleep around? .Have you heard the phrase 'cock carousel'?
202493,misogyny_non_sexual_violence,high,F2M,False,True,SHIFTING,True,sexist + woman-focused gendered token swapped; construct likely shifts (author adjudication),@kellylo62840554 @MissLadyLouisa @schoolgirlbull1 Get yourself there Kel!! Sissy school girl slutbag! ☺😘,@kellylo62840554 @MissLadyLouisa @schoolgirlbull1 Get yourself there Kel!! Sissy school boy slutbag! ☺😘
201501,misogyny_non_sexual_violence,high,F2M,False,True,SHIFTING,True,sexist + woman-focused gendered token swapped; construct likely shifts (author adjudication),"I hate women so much, I couldn’t even bring myself to delete this tweet.Women, start responding ASAP. https://t.co/VCs6HDaVpe","I hate men so much, I couldn’t even bring myself to delete this tweet.Men, start responding ASAP. https://t.co/VCs6HDaVpe"
200001,misogyny_non_sexual_violence,low,F2M,False,True,SHIFTING,True,sexist + woman-focused gendered token swapped; construct likely shifts (author adjudication),"FFS! How about laying the blame on the bastard who murdered her? Novel idea, I know. https://t.co/GI5B45THvJ","FFS! How about laying the blame on the bastard who murdered his? Novel idea, I know. https://t.co/GI5B45THvJ"
201772,misogyny_non_sexual_violence,mixed,MIXED,False,True,SHIFTING,True,sexist + woman-focused gendered token swapped; construct likely shifts (author adjudication),"@Barbara41963580 @Islesmets1348 @nypost This is misandry! Was the other person he was cheating Kim with a man too? If not, isn’t the woman involved is equally culprit of being bitch and pig?","@Barbara41963580 @Islesmets1348 @nypost This is misandry! Was the other person she was cheating Kim with a woman too? If not, isn’t the man involved is equally culprit of being bitch and pig?"
200984,misogyny_non_sexual_violence,high,F2M,False,True,INVARIANT,False,majority not-sexist; label stays not-sexist under swap,[Minah] she known as the female kkab version of 2AM's Jokwon.,[Minah] he known as the female kkab version of 2AM's Jokwon.
201307,misogyny_non_sexual_violence,low,F2M,False,True,SHIFTING,True,sexist + woman-focused gendered token swapped; construct likely shifts (author adjudication),@ArtsyAegis I read this and almost lost interest in the girl I like 😳,@ArtsyAegis I read this and almost lost interest in the boy I like 😳
201832,misogyny_non_sexual_violence,high,MIXED,False,True,SHIFTING,True,sexist + woman-focused gendered token swapped; construct likely shifts (author adjudication),@6astr0 @_Boba_Fettish @TheOmniLiberal With a lot of shit that men will never experience. Existing in a woman’s body is extremely dangerous due to men who see them as prey. Not all men are bad but women constantly have to assume the worst and every woman you will ever meet in your life has experienced a bad man.,@6astr0 @_Boba_Fettish @TheOmniLiberal With a lot of shit that women will never experience. Existing in a man’s body is extremely dangerous due to women who see them as prey. Not all women are bad but men constantly have to assume the worst and every man you will ever meet in your life has experienced a bad woman.
200483,misogyny_non_sexual_violence,mixed,F2M,False,True,SHIFTING,True,sexist + woman-focused gendered token swapped; construct likely shifts (author adjudication),The Trans Community Bullied Daphne (Transgender Woman) Also Dave Chappelles Best friend Into Committing Suicide… All Because She Supported Dave.,The Trans Community Bullied Daphne (Transgender Man) Also Dave Chappelles Best friend Into Committing Suicide… All Because He Supported Dave.
200532,misogyny_non_sexual_violence,high,F2M,False,True,SHIFTING,True,sexist + woman-focused gendered token swapped; construct likely shifts (author adjudication),@jcslattery Is she wearing a hospital gown? Call me sexist then.,@jcslattery Is he wearing a hospital gown? Call me sexist then.
200454,misogyny_non_sexual_violence,mixed,F2M,False,True,INVARIANT,False,majority not-sexist; label stays not-sexist under swap,@ApplecoreKatie @notCursedE I mean you dont blame all women for something an unstable woman did,@ApplecoreKatie @notCursedE I mean you dont blame all men for something an unstable man did
203108,misogyny_non_sexual_violence,high,F2M,False,True,SHIFTING,True,sexist + woman-focused gendered token swapped; construct likely shifts (author adjudication),"Another day, another woman assaulted in public. Guards will do nothing useful, and certainly won’t prevent it happening again. Women shouldn’t have to feel unsafe just for being women.","Another day, another man assaulted in public. Guards will do nothing useful, and certainly won’t prevent it happening again. Men shouldn’t have to feel unsafe just for being men."
201509,misogyny_non_sexual_violence,high,F2M,False,True,SHIFTING,True,sexist + woman-focused gendered token swapped; construct likely shifts (author adjudication),@mehrospace @hieiishere @greenyankeemanc @RealBetyCardens @LAPDHQ I hate women like you🤣,@mehrospace @hieiishere @greenyankeemanc @RealBetyCardens @LAPDHQ I hate men like you🤣
201360,misogyny_non_sexual_violence,low,MIXED,False,True,SHIFTING,True,sexist + woman-focused gendered token swapped; construct likely shifts (author adjudication),"so is this what you believe? h’s a t*yboy queer bating f*cking his way through the Industry, L’s a dead beat dad linked to the mother-gold digger, z’s ab*sive, Li uses 1d/ the boys for clout while linked to a 19yo who he cries over on his ig stories after the bua &amp; niall is niall","so is this what you believe? h’s a t*yboy queer bating f*cking her way through the Industry, L’s a dead beat mom linked to the father-gold digger, z’s ab*sive, Li uses 1d/ the girls for clout while linked to a 19yo who she cries over on her ig stories after the bua &amp; niall is niall"
200238,misogyny_non_sexual_violence,high,M2F,False,True,INVARIANT,False,majority not-sexist; label stays not-sexist under swap,@terryflewers Abuse is wrong but telling him to shut the fuck up and put a performance in isn’t wrong. Why is he always writing essays,@terryflewers Abuse is wrong but telling him to shut the fuck up and put a performance in isn’t wrong. Why is she always writing essays
202401,misogyny_non_sexual_violence,high,F2M,False,True,SHIFTING,True,sexist + woman-focused gendered token swapped; construct likely shifts (author adjudication),@Londons_first @DwaynePipe14 @SkySportsNews Always the victims but your mum is a slag,@Londons_first @DwaynePipe14 @SkySportsNews Always the victims but your dad is a slag
201219,misogyny_non_sexual_violence,high,MIXED,False,True,SHIFTING,True,sexist + woman-focused gendered token swapped; construct likely shifts (author adjudication),"I’m the only mother fucker who wishes his grandma was gone, fuck that cunt","I’m the only father fucker who wishes her grandma was gone, fuck that cunt"
200442,misogyny_non_sexual_violence,high,F2M,False,True,SHIFTING,True,sexist + woman-focused gendered token swapped; construct likely shifts (author adjudication),"@TruecelLife @stevenb21 @Interstella4L @IncelsCo You’re the one who’s planning on going on a murderous rampage because you blame all women for not sleeping with you, which is your fault","@TruecelLife @stevenb21 @Interstella4L @IncelsCo You’re the one who’s planning on going on a murderous rampage because you blame all men for not sleeping with you, which is your fault"
201510,misogyny_non_sexual_violence,high,F2M,False,True,SHIFTING,True,sexist + woman-focused gendered token swapped; construct likely shifts (author adjudication),"Glam Metal Freddy be like ""hey superstar I hate women and sexual minorities""","Glam Metal Freddy be like ""hey superstar I hate men and sexual minorities"""
201573,misogyny_non_sexual_violence,high,MIXED,False,True,SHIFTING,True,sexist + woman-focused gendered token swapped; construct likely shifts (author adjudication),@Avigeek96 Well men kill women everyday,@Avigeek96 Well women kill men everyday
400357,misogyny_non_sexual_violence,mixed,F2M,False,True,INVARIANT,False,majority not-sexist; label stays not-sexist under swap,Check out this listing I just added to my #Poshmark closet: Yellow Polo Shirt Tommy Hilfiger Women’s LARGE. https://t.co/MQa2sZQz2m #shopmycloset @poshmarkapp,Check out this listing I just added to my #Poshmark closet: Yellow Polo Shirt Tommy Hilfiger Men’s LARGE. https://t.co/MQa2sZQz2m #shopmycloset @poshmarkapp
201462,misogyny_non_sexual_violence,mixed,F2M,False,True,SHIFTING,True,sexist + woman-focused gendered token swapped; construct likely shifts (author adjudication),@Solomon_Mabee @Langelihle_S @Ratilwe10 So you wanna hit women for asking a legitimate question? Why was it OK to ask someone alse's mother? You're a hypocrite,@Solomon_Mabee @Langelihle_S @Ratilwe10 So you wanna hit men for asking a legitimate question? Why was it OK to ask someone alse's father? You're a hypocrite
201076,misogyny_non_sexual_violence,low,M2F,False,True,SHIFTING,True,sexist + woman-focused gendered token swapped; construct likely shifts (author adjudication),"The Undoing of Joss WhedonThe Buffy creator, once an icon of Hollywood feminism, is now an outcast accused of misogyny. How did he get here?https://t.co/C2tQ1URw78","The Undoing of Joss WhedonThe Buffy creator, once an icon of Hollywood feminism, is now an outcast accused of misogyny. How did she get here?https://t.co/C2tQ1URw78"
203000,misogyny_non_sexual_violence,mixed,F2M,False,True,SHIFTING,True,sexist + woman-focused gendered token swapped; construct likely shifts (author adjudication),GOP are berating POTUS Biden for “leaving women in Afghanistan” to be oppressed &amp; are outraged that Afghan women are being pushed &amp; hit in the street by the Taliban.Where was their outrage when women who were in the group protesting in D.C.  were tear gassed on Trump’s order?,GOP are berating POTUS Biden for “leaving men in Afghanistan” to be oppressed &amp; are outraged that Afghan men are being pushed &amp; hit in the street by the Taliban.Where was their outrage when men who were in the group protesting in D.C.  were tear gassed on Trump’s order?
201545,misogyny_non_sexual_violence,high,F2M,False,True,INVARIANT,False,majority not-sexist; label stays not-sexist under swap,"@taslimanasreen @pksamantaroy Perfect #Wokism.A lady, whose forefathers once were #Hindu and got forcely converted, got bitten &amp; bruised by the very big0ted ideology aka religi0n yet appropriating the essentiality of being from the Abr@h@mic to be a ""perfect"" Indian.#Irony","@taslimanasreen @pksamantaroy Perfect #Wokism.A gentleman, whose forefathers once were #Hindu and got forcely converted, got bitten &amp; bruised by the very big0ted ideology aka religi0n yet appropriating the essentiality of being from the Abr@h@mic to be a ""perfect"" Indian.#Irony"
400243,misogyny_non_sexual_violence,mixed,F2M,False,True,INVARIANT,False,majority not-sexist; label stays not-sexist under swap,"Ladies, don't have a miscarriage in Louisiana! If you do, in addition to probably having your friends and family sued by some opportunistic yokel, you'll be charged with murder.  https://t.co/6JtnjUCkLC","Gentlemen, don't have a miscarriage in Louisiana! If you do, in addition to probably having your friends and family sued by some opportunistic yokel, you'll be charged with murder.  https://t.co/6JtnjUCkLC"
201158,misogyny_non_sexual_violence,high,F2M,False,True,SHIFTING,True,sexist + woman-focused gendered token swapped; construct likely shifts (author adjudication),@pritipatel You had the Met abuse women at a vigil for a woman murdered by a serving Met officer.Your Government breaks the law almost on a daily basis.We know what sort of Commissioner you'll appoint...,@pritipatel You had the Met abuse men at a vigil for a man murdered by a serving Met officer.Your Government breaks the law almost on a daily basis.We know what sort of Commissioner you'll appoint...
201578,misogyny_non_sexual_violence,high,F2M,False,True,SHIFTING,True,sexist + woman-focused gendered token swapped; construct likely shifts (author adjudication),@DhLadylaw Black terrorists hate &amp; kill women. Your move…,@DhLadylaw Black terrorists hate &amp; kill men. Your move…
400438,misogyny_non_sexual_violence,high,F2M,False,True,SHIFTING,True,sexist + woman-focused gendered token swapped; construct likely shifts (author adjudication),@90dayfianceEtc Such a true statement. She looks like whore.,@90dayfianceEtc Such a true statement. He looks like whore.
201504,misogyny_non_sexual_violence,high,F2M,False,True,SHIFTING,True,sexist + woman-focused gendered token swapped; construct likely shifts (author adjudication),@pinktaez When I say I hate women I don't mean my mother.,@pinktaez When I say I hate men I don't mean my father.
400345,misogyny_non_sexual_violence,low,M2F,False,True,SHIFTING,True,sexist + woman-focused gendered token swapped; construct likely shifts (author adjudication),"@jakeshieldsajj Elon Musk was asked to comment on a sexual harassment story at 9am, asked for more time, and a couple hours later announces he's a Republican and they're going to attack him for saying soand you stupid motherfúckers ate that shit up with a spoon","@jakeshieldsajj Elon Musk was asked to comment on a sexual harassment story at 9am, asked for more time, and a couple hours later announces she's a Republican and they're going to attack him for saying soand you stupid motherfúckers ate that shit up with a spoon"
400227,misogyny_non_sexual_violence,high,F2M,False,True,SHIFTING,True,sexist + woman-focused gendered token swapped; construct likely shifts (author adjudication),"""I am not like other queers I hate women"" misogynist and proud https://t.co/L5QCbH1omf","""I am not like other queers I hate men"" misogynist and proud https://t.co/L5QCbH1omf"
201471,misogyny_non_sexual_violence,mixed,MIXED,False,True,SHIFTING,True,sexist + woman-focused gendered token swapped; construct likely shifts (author adjudication),"Many men and women of this generation have a fragile ego! I’ve seen men hit women and I’ve seen women hit men, over stupidity btw! I just want you to know that I don’t live by, “She’s a woman so you can’t hit her!” If you bold enough to buck up then you can get fucked up!🤷🏾‍♂️","Many women and men of this generation have a fragile ego! I’ve seen women hit men and I’ve seen men hit women, over stupidity btw! I just want you to know that I don’t live by, “He’s a man so you can’t hit his!” If you bold enough to buck up then you can get fucked up!🤷🏾‍♂️"
200150,misogyny_non_sexual_violence,mixed,M2F,False,True,INVARIANT,False,majority not-sexist; label stays not-sexist under swap,With growing demand for the president to resign. We gotta wonder when will he learn? #WeAreEqual STOP BEING VIOLENT! https://t.co/q7VQM9DdvS,With growing demand for the president to resign. We gotta wonder when will she learn? #WeAreEqual STOP BEING VIOLENT! https://t.co/q7VQM9DdvS
201795,misogyny_non_sexual_violence,high,F2M,False,True,SHIFTING,True,sexist + woman-focused gendered token swapped; construct likely shifts (author adjudication),"@tevan2864 Poo- poo! Most women don't bite, you can pretty much tell which one's do just by watching them a few minutes.  Go for it, you may be missing the best time of your life!👍🥰","@tevan2864 Poo- poo! Most men don't bite, you can pretty much tell which one's do just by watching them a few minutes.  Go for it, you may be missing the best time of your life!👍🥰"
202917,misogyny_non_sexual_violence,high,F2M,False,True,SHIFTING,True,sexist + woman-focused gendered token swapped; construct likely shifts (author adjudication),my mom is watching season 1 of euphoria and bro nate literally called cassie a whore. she’s so dumb,my dad is watching season 1 of euphoria and bro nate literally called cassie a whore. he’s so dumb
201465,misogyny_non_sexual_violence,high,MIXED,False,True,SHIFTING,True,sexist + woman-focused gendered token swapped; construct likely shifts (author adjudication),Do men feel more manly when they hit women? Does it make them feel bigger and stronger than they are?,Do women feel more manly when they hit men? Does it make them feel bigger and stronger than they are?
201205,misogyny_non_sexual_violence,low,M2F,False,True,SHIFTING,True,sexist + woman-focused gendered token swapped; construct likely shifts (author adjudication),"@TheRickWilson And he did say he wanted the old people to die for the Dow. I know people are forgetting this but, fuck that cunt!","@TheRickWilson And she did say she wanted the old people to die for the Dow. I know people are forgetting this but, fuck that cunt!"
201565,misogyny_non_sexual_violence,high,MIXED,False,True,SHIFTING,True,sexist + woman-focused gendered token swapped; construct likely shifts (author adjudication),@ChrisExcel102 The sp called real men are those who kill women everyday kungcono kwa ezo slay queens,@ChrisExcel102 The sp called real women are those who kill men everyday kungcono kwa ezo slay queens
201180,misogyny_non_sexual_violence,mixed,F2M,False,True,SHIFTING,True,sexist + woman-focused gendered token swapped; construct likely shifts (author adjudication),"@Betsy72662499 @RSBNetwork If Hillary Clinton is still a free woman after all the shit she did, then President Trump is perfectly fine.","@Betsy72662499 @RSBNetwork If Hillary Clinton is still a free man after all the shit he did, then President Trump is perfectly fine."
400170,misogyny_non_sexual_violence,high,F2M,False,True,SHIFTING,True,sexist + woman-focused gendered token swapped; construct likely shifts (author adjudication),@parker__farquer Three for a girl.You're going to have to murder a girl now. The magpie voices told me.,@parker__farquer Three for a boy.You're going to have to murder a boy now. The magpie voices told me.
200198,misogyny_non_sexual_violence,high,MIXED,False,True,INVARIANT,False,majority not-sexist; label stays not-sexist under swap,"Dear @WomensRightsSalih Enes, who just turned 2 y-o, given to his mom, Elif Yalçın, who's been jailed in Gebze for 8 months in Turkey. Mom and son have been for 2 days in the quarantine ward!BuSuça OrtakOlma https://t.co/Yq1QTAfMHV","Dear @WomensRightsSalih Enes, who just turned 2 y-o, given to her dad, Elif Yalçın, who's been jailed in Gebze for 8 months in Turkey. Dad and daughter have been for 2 days in the quarantine ward!BuSuça OrtakOlma https://t.co/Yq1QTAfMHV"
201354,misogyny_non_sexual_violence,high,MIXED,False,True,SHIFTING,True,sexist + woman-focused gendered token swapped; construct likely shifts (author adjudication),"Prince Harry in therapy thanks to his wife..she is a gold digger and opportunist who manipulates him.  Now that he's away from the family he was born into, she is able to manipulate him even more.  His mother would not have wanted him to be estranged from his family or duties.","Prince Harry in therapy thanks to her husband..he is a gold digger and opportunist who manipulates him.  Now that she's away from the family she was born into, he is able to manipulate him even more.  Her father would not have wanted him to be estranged from her family or duties."
201512,misogyny_non_sexual_violence,mixed,F2M,False,True,SHIFTING,True,sexist + woman-focused gendered token swapped; construct likely shifts (author adjudication),I hate women like this. Sell out! https://t.co/ykiEzIEBYz,I hate men like this. Sell out! https://t.co/ykiEzIEBYz
202074,misogyny_non_sexual_violence,high,F2M,False,True,INVARIANT,False,majority not-sexist; label stays not-sexist under swap,"@GlobalAsianista Why must DPRK’s missiles be shoehorned into the feminist shoe of phallogocentrism? If the missile is a phallus, the scorching hot talented women of Moranbong Band give a scorching musical performance as it gets off the ground. 🚀 Moranbong Band - Tansumehttps://t.co/1xUAdlSx7M","@GlobalAsianista Why must DPRK’s missiles be shoehorned into the feminist shoe of phallogocentrism? If the missile is a phallus, the scorching hot talented men of Moranbong Band give a scorching musical performance as it gets off the ground. 🚀 Moranbong Band - Tansumehttps://t.co/1xUAdlSx7M"
201660,misogyny_non_sexual_violence,high,F2M,False,True,INVARIANT,False,majority not-sexist; label stays not-sexist under swap,Ayleen said hell hath no fury like a woman scorned! #TindlerSwindler,Ayleen said hell hath no fury like a man scorned! #TindlerSwindler
400055,misogyny_non_sexual_violence,high,M2F,False,True,INVARIANT,False,majority not-sexist; label stays not-sexist under swap,@jksunjata @man_respecter Says a man who aligns himself with a political ideology that murdered tens of millions of people and oppresses billions more. But it’s nice to see that such divisive binary thinking and ignorance is not limited to any one race.,@jksunjata @man_respecter Says a woman who aligns herself with a political ideology that murdered tens of millions of people and oppresses billions more. But it’s nice to see that such divisive binary thinking and ignorance is not limited to any one race.
400096,misogyny_non_sexual_violence,high,MIXED,False,True,SHIFTING,True,sexist + woman-focused gendered token swapped; construct likely shifts (author adjudication),"@DemonicJezabel @MayHeUpgrade @Thats_KeAndra So she loses a stable relationship with a guy whose taking care of her, to go back on the cock carousel with no protection because she’s jealousy.  Causing her child to loss a father and dramatically increase their chances of being a   complete f@ck up.  But she’s winning now","@DemonicJezabel @MayHeUpgrade @Thats_KeAndra So he loses a stable relationship with a guy whose taking care of him, to go back on the cock carousel with no protection because he’s jealousy.  Causing his child to loss a mother and dramatically increase their chances of being a   complete f@ck up.  But he’s winning now"
200199,misogyny_non_sexual_violence,mixed,F2M,False,True,SHIFTING,True,sexist + woman-focused gendered token swapped; construct likely shifts (author adjudication),Now let's go find all the murdered and missing Native American Woman. Every Woman life matter. #gabbypetitio #WomensRights,Now let's go find all the murdered and missing Native American Man. Every Man life matter. #gabbypetitio #WomensRights
200226,misogyny_non_sexual_violence,high,F2M,False,True,SHIFTING,True,sexist + woman-focused gendered token swapped; construct likely shifts (author adjudication),"Ah MRAs. They always show their true hateful colors of needing to control and abuse women to pump up their own foundering egos.  Instead of actually working on possibly real issues, they let their insecurity take hold. https://t.co/rUgwNzjZZM","Ah MRAs. They always show their true hateful colors of needing to control and abuse men to pump up their own foundering egos.  Instead of actually working on possibly real issues, they let their insecurity take hold. https://t.co/rUgwNzjZZM"
202905,misogyny_non_sexual_violence,high,F2M,False,True,SHIFTING,True,sexist + woman-focused gendered token swapped; construct likely shifts (author adjudication),@awfuIlest MEETING THE BFS MOM??! WHATS FOR DINNER BITCH WHORE?!?,@awfuIlest MEETING THE BFS DAD??! WHATS FOR DINNER BITCH WHORE?!?
203057,misogyny_non_sexual_violence,low,F2M,False,True,SHIFTING,True,sexist + woman-focused gendered token swapped; construct likely shifts (author adjudication),@arielllllitaa i hate when women don’t know what misogyny means and tries to use it 😂😂😂,@arielllllitaa i hate when men don’t know what misogyny means and tries to use it 😂😂😂
200043,misogyny_non_sexual_violence,low,MIXED,False,True,SHIFTING,True,sexist + woman-focused gendered token swapped; construct likely shifts (author adjudication),Cant believe twitter users harassed mitski because she asked them to not use flash photography at her concerts man i swear to god i hate fifteen year olds when im rich and famous if i see a single phone im breaking it,Cant believe twitter users harassed mitski because he asked them to not use flash photography at his concerts woman i swear to god i hate fifteen year olds when im rich and famous if i see a single phone im breaking it
200313,misogyny_non_sexual_violence,high,M2F,False,True,INVARIANT,False,majority not-sexist; label stays not-sexist under swap,@3eouI shouldve said me too and shut his dumb ass up /hj,@3eouI shouldve said me too and shut her dumb ass up /hj
201215,misogyny_non_sexual_violence,high,F2M,False,True,SHIFTING,True,sexist + woman-focused gendered token swapped; construct likely shifts (author adjudication),@Ghosthost222 @SusanWojcicki Fuck that cunt she’s gonna get fired so fast she won’t know what hit her lolz 😂 I won’t feel bad for her at all she treats all of us #gamers really bad she treats us like we don’t matter that we don’t have a voice,@Ghosthost222 @SusanWojcicki Fuck that cunt he’s gonna get fired so fast he won’t know what hit his lolz 😂 I won’t feel bad for him at all he treats all of us #gamers really bad he treats us like we don’t matter that we don’t have a voice
201515,misogyny_non_sexual_violence,high,F2M,False,True,SHIFTING,True,sexist + woman-focused gendered token swapped; construct likely shifts (author adjudication),@CrispyFrise @SiMapache @luc4s2812 @SantaDLs I hate women and minorities,@CrispyFrise @SiMapache @luc4s2812 @SantaDLs I hate men and minorities
203167,misogyny_non_sexual_violence,high,M2F,False,True,INVARIANT,False,majority not-sexist; label stays not-sexist under swap,"i knew the comment section was going to be good when i saw that the first comment was ""does he know that he doesn't have to yell for us to hear him""","i knew the comment section was going to be good when i saw that the first comment was ""does she know that she doesn't have to yell for us to hear him"""
200194,misogyny_non_sexual_violence,mixed,M2F,False,True,SHIFTING,True,sexist + woman-focused gendered token swapped; construct likely shifts (author adjudication),As a S&amp;D PM his government reversed the restrictive policies on #abortion &amp; #WomensRights from Gruevski’s regime. There’s much that could still be done on the issue but in a traditional society small steps are the best approach.,As a S&amp;D PM her government reversed the restrictive policies on #abortion &amp; #WomensRights from Gruevski’s regime. There’s much that could still be done on the issue but in a traditional society small steps are the best approach.
202714,misogyny_non_sexual_violence,mixed,F2M,False,True,SHIFTING,True,sexist + woman-focused gendered token swapped; construct likely shifts (author adjudication),"@ZolaNotorious1 Club are looking into her as far as I'm aware, for disrespecting the holocaust memorial at Chelsea by whopping her tits out in front of it.","@ZolaNotorious1 Club are looking into his as far as I'm aware, for disrespecting the holocaust memorial at Chelsea by whopping his tits out in front of it."
200041,misogyny_non_sexual_violence,mixed,M2F,False,True,SHIFTING,True,sexist + woman-focused gendered token swapped; construct likely shifts (author adjudication),recently i was verbally harassed by @nathansmokee when he said i was 5’2 and don’t have any bitchesi’d like to clarify this is true but very mean,recently i was verbally harassed by @nathansmokee when she said i was 5’2 and don’t have any bitchesi’d like to clarify this is true but very mean
400021,misogyny_non_sexual_violence,high,F2M,False,True,SHIFTING,True,sexist + woman-focused gendered token swapped; construct likely shifts (author adjudication),I sincerely wish the US was this progressive on women’s rights. #stopstreetharassment #MeToo https://t.co/rc9D1jHnOZ,I sincerely wish the US was this progressive on men’s rights. #stopstreetharassment #MeToo https://t.co/rc9D1jHnOZ
201472,misogyny_non_sexual_violence,high,F2M,False,True,SHIFTING,True,sexist + woman-focused gendered token swapped; construct likely shifts (author adjudication),@bradleystout1 You just hit women I know. Another woman you hit so don't come at me you're messing with the wrong dude and then you went after Chiefs girl and a couple other women you're done for. Don't come to my tailgate I put women safety before people like you.,@bradleystout1 You just hit men I know. Another man you hit so don't come at me you're messing with the wrong dude and then you went after Chiefs boy and a couple other men you're done for. Don't come to my tailgate I put men safety before people like you.
201466,misogyny_non_sexual_violence,low,MIXED,False,True,SHIFTING,True,sexist + woman-focused gendered token swapped; construct likely shifts (author adjudication),"Personally, I don't need to know the ""multiple sides"" of a man that has stabbed and hit women but that's just me.","Personally, I don't need to know the ""multiple sides"" of a woman that has stabbed and hit men but that's just me."
202829,misogyny_non_sexual_violence,high,F2M,False,True,SHIFTING,True,sexist + woman-focused gendered token swapped; construct likely shifts (author adjudication),@ClintVSmith @vincristine I don't understand: Women putting up misogynist slogans against female political leaders.How much self-loathing do people have to make them act this way?,@ClintVSmith @vincristine I don't understand: Men putting up misogynist slogans against female political leaders.How much self-loathing do people have to make them act this way?
201397,misogyny_non_sexual_violence,low,M2F,False,True,SHIFTING,True,sexist + woman-focused gendered token swapped; construct likely shifts (author adjudication),"@JonathanJdough1 and @JonathanJdough2 are alternate accounts of @CRIMS0NGUARDX that he uses to harass people. They used to be called other things until he tried to copy me. If you want to see what a triggered little bitch really looks like, go look at Crimsons alternates.","@JonathanJdough1 and @JonathanJdough2 are alternate accounts of @CRIMS0NGUARDX that she uses to harass people. They used to be called other things until she tried to copy me. If you want to see what a triggered little bitch really looks like, go look at Crimsons alternates."
202831,misogyny_non_sexual_violence,low,F2M,False,True,SHIFTING,True,sexist + woman-focused gendered token swapped; construct likely shifts (author adjudication),"I watch Greta Gerwig films like Ladybird and Little Women, to try to understand women better. Cheers. 🤓🤓🤓","I watch Greta Gerwig films like Ladybird and Little Men, to try to understand men better. Cheers. 🤓🤓🤓"
201502,misogyny_non_sexual_violence,high,F2M,False,True,SHIFTING,True,sexist + woman-focused gendered token swapped; construct likely shifts (author adjudication),didn’t have to do Ethan like that tho…i hate women 😒 https://t.co/Zf5y9fsVW2,didn’t have to do Ethan like that tho…i hate men 😒 https://t.co/Zf5y9fsVW2
400392,misogyny_non_sexual_violence,mixed,F2M,False,True,SHIFTING,True,sexist + woman-focused gendered token swapped; construct likely shifts (author adjudication),"being a lesbian, i’ve noticed tht most connections are started with inappropriate emotional dumping about past situationsthis is when “superwoman syndrome” is created bc we “believe” it’s our place to bear the burdens of this woman at the expense of ourselves","being a lesbian, i’ve noticed tht most connections are started with inappropriate emotional dumping about past situationsthis is when “superwoman syndrome” is created bc we “believe” it’s our place to bear the burdens of this man at the expense of ourselves"
201568,misogyny_non_sexual_violence,high,MIXED,False,True,SHIFTING,True,sexist + woman-focused gendered token swapped; construct likely shifts (author adjudication),Cannot get the death of #AshlingMurphy out of my mind. My cousin Rosie was murdered some years ago and it has brought back a lot of memories.  Not all men kill women but one women murdered has too many men involved.,Cannot get the death of #AshlingMurphy out of my mind. My cousin Rosie was murdered some years ago and it has brought back a lot of memories.  Not all women kill men but one men murdered has too many women involved.
400236,misogyny_non_sexual_violence,high,F2M,False,True,SHIFTING,True,sexist + woman-focused gendered token swapped; construct likely shifts (author adjudication),"@DaddyBrianMC @roadhouse2100 @stlcty03 Not as much as they harm/kill women and children, by a long shot (pun intended)","@DaddyBrianMC @roadhouse2100 @stlcty03 Not as much as they harm/kill men and children, by a long shot (pun intended)"
202276,misogyny_non_sexual_violence,high,F2M,False,True,SHIFTING,True,sexist + woman-focused gendered token swapped; construct likely shifts (author adjudication),@vinxis1 Ur a sexist mysogynistic woman hater + ratio,@vinxis1 Ur a sexist mysogynistic man hater + ratio
201331,misogyny_non_sexual_violence,mixed,F2M,False,True,SHIFTING,True,sexist + woman-focused gendered token swapped; construct likely shifts (author adjudication),Congrats to Kep-🤢 kep1e-🤢 Kep1er girls!!!! Can't wait for the actual debutation 🥰,Congrats to Kep-🤢 kep1e-🤢 Kep1er boys!!!! Can't wait for the actual debutation 🥰
201479,misogyny_non_sexual_violence,high,F2M,False,True,SHIFTING,True,sexist + woman-focused gendered token swapped; construct likely shifts (author adjudication),also why do you want your favorite character to hit women . just asking,also why do you want your favorite character to hit men . just asking
202206,misogyny_non_sexual_violence,high,F2M,False,True,SHIFTING,True,sexist + woman-focused gendered token swapped; construct likely shifts (author adjudication),"This has always confused me because like, I can't really see a repressed gay guy hating women. To me the hatred of women by misogynists has always been obviously and inextricably linked to their attraction to them https://t.co/DSZSGMRvAK","This has always confused me because like, I can't really see a repressed gay guy hating men. To me the hatred of men by misogynists has always been obviously and inextricably linked to their attraction to them https://t.co/DSZSGMRvAK"
201464,misogyny_non_sexual_violence,low,F2M,False,True,SHIFTING,True,sexist + woman-focused gendered token swapped; construct likely shifts (author adjudication),@_Savage__boi guys get this! if you don’t like getting beat up by her brothers or friends….DONT HIT WOMEN 😍 it’s not that hard a concept,@_Savage__boi guys get this! if you don’t like getting beat up by his brothers or friends….DONT HIT MEN 😍 it’s not that hard a concept
201864,misogyny_non_sexual_violence,high,F2M,False,True,INVARIANT,False,majority not-sexist; label stays not-sexist under swap,@YardleyShooting my mother didn’t eat in her nursing home for 48 hours so they ordered end of life drugs. We went in every day fed what she would have and threw the rest down the loo. She recovered,@YardleyShooting my father didn’t eat in his nursing home for 48 hours so they ordered end of life drugs. We went in every day fed what he would have and threw the rest down the loo. He recovered
400073,misogyny_non_sexual_violence,low,F2M,False,True,SHIFTING,True,sexist + woman-focused gendered token swapped; construct likely shifts (author adjudication),local spaniards need to stfu tbh yall out here talking shit ab ukraine when yall literally bullied the living shit out of chanel when she won benidorm fuck off,local spaniards need to stfu tbh yall out here talking shit ab ukraine when yall literally bullied the living shit out of chanel when he won benidorm fuck off
200436,misogyny_non_sexual_violence,mixed,F2M,False,True,SHIFTING,True,sexist + woman-focused gendered token swapped; construct likely shifts (author adjudication),"@Beatrizchristo3 @joctigney because I check her social media ? Y’all really sick over that shit ain’t you , so you bitches can go nuts over toosi, pooh sheisty and everybody else but I can’t have MY own idol","@Beatrizchristo3 @joctigney because I check his social media ? Y’all really sick over that shit ain’t you , so you bitches can go nuts over toosi, pooh sheisty and everybody else but I can’t have MY own idol"
201476,misogyny_non_sexual_violence,low,F2M,False,True,SHIFTING,True,sexist + woman-focused gendered token swapped; construct likely shifts (author adjudication),@DannyHughes2020 @OzraeliAvi Yeah - like f*ckwits hey?Shame they don’t do that to scum that hit women… https://t.co/gZlHllcBC6,@DannyHughes2020 @OzraeliAvi Yeah - like f*ckwits hey?Shame they don’t do that to scum that hit men… https://t.co/gZlHllcBC6
201520,misogyny_non_sexual_violence,high,F2M,False,True,SHIFTING,True,sexist + woman-focused gendered token swapped; construct likely shifts (author adjudication),It’s hard to explain to ppl I don’t wanna read Song of Achilles because it was written by a woman not because I hate women but because of my opinions on writing identities,It’s hard to explain to ppl I don’t wanna read Song of Achilles because it was written by a man not because I hate men but because of my opinions on writing identities
201139,misogyny_non_sexual_violence,high,F2M,False,True,SHIFTING,True,sexist + woman-focused gendered token swapped; construct likely shifts (author adjudication),am i the only one that just sit down and look for a girl to break her heart🧐 maybe it’s the yoruba side for me idrk💁🏿‍♂️,am i the only one that just sit down and look for a boy to break his heart🧐 maybe it’s the yoruba side for me idrk💁🏿‍♂️
