item_id,strat_category,agreement_bin,gold_1_1,gold_1_3,original,swapped,name_swapped,gendered_swapped,female_source,male_source,unswappable,author_review,review_reasons,n_swapped_tokens,rule_class,rule_reason,needs_adjudication,invariance_class,justification
202882,ideological_inequality,high,"{""not_sexist"": 0.8333333333333334, ""sexist"": 0.16666666666666666}","{""ideological_inequality"": 0.16666666666666666, ""stereotyping_dominance"": 0.0, ""objectification"": 0.0, ""sexual_violence"": 0.0, ""misogyny_non_sexual_violence"": 0.0}",Please support Texas trans and non-binary youth by sending a clear message to @TexasDFPS at the link. Nothing Paxton or Abbott said is legally binding but it does fuel hatred and bigotry towards an already vulnerable group. https://t.co/wn8BbN1N25 https://t.co/rejidtMW6h,Please support Texas trans and non-binary youth by sending a clear message to @TexasDFPS at the link. Nothing Paxton or Abbott said is legally binding but it does fuel hatred and bigotry towards an already vulnerable group. https://t.co/wn8BbN1N25 https://t.co/rejidtMW6h,False,False,False,False,True,False,,0,UNSWAPPABLE,no swappable gendered token (excluded from partition),False,,
202908,ideological_inequality,high,"{""not_sexist"": 0.16666666666666663, ""sexist"": 0.8333333333333334}","{""ideological_inequality"": 0.3333333333333333, ""stereotyping_dominance"": 0.3333333333333333, ""objectification"": 0.16666666666666666, ""sexual_violence"": 0.0, ""misogyny_non_sexual_violence"": 0.16666666666666666}","Oh how i dream of being a house husband. Home body, never go out and be a whore, and will always have dinner ready for my lady when she gets home after a long day of providing 😌 https://t.co/SeN6AzZiuy","Oh how i dream of being a house wife. Home body, never go out and be a whore, and will always have dinner ready for my gentleman when he gets home after a long day of providing 😌 https://t.co/SeN6AzZiuy",False,True,True,True,False,False,,3,SHIFTING,sexist + woman-focused gendered token swapped; construct likely shifts (author adjudication),True,,
400228,ideological_inequality,high,"{""not_sexist"": 0.0, ""sexist"": 1.0}","{""ideological_inequality"": 0.5, ""stereotyping_dominance"": 0.5, ""objectification"": 0.3333333333333333, ""sexual_violence"": 0.16666666666666666, ""misogyny_non_sexual_violence"": 0.5}",I'll share some stuff when I archive but Anti-fujo comment threads are 100%:+i'm _ is it ok for me to make mlm?-yes!-no!-you can as long as NO sex!+misogyny is a lie+i hate women they ruin everything+i'm a trans man &amp; cant believe i used to think i was a dirty gross fujo🤮,I'll share some stuff when I archive but Anti-fujo comment threads are 100%:+i'm _ is it ok for me to make mlm?-yes!-no!-you can as long as NO sex!+misogyny is a lie+i hate men they ruin everything+i'm a trans woman &amp; cant believe i used to think i was a dirty gross fujo🤮,False,True,True,True,False,False,,2,SHIFTING,sexist + woman-focused gendered token swapped; construct likely shifts (author adjudication),True,,
200446,ideological_inequality,high,"{""not_sexist"": 0.16666666666666663, ""sexist"": 0.8333333333333334}","{""ideological_inequality"": 0.6666666666666666, ""stereotyping_dominance"": 0.3333333333333333, ""objectification"": 0.0, ""sexual_violence"": 0.0, ""misogyny_non_sexual_violence"": 0.16666666666666666}","men who blame all women for their relationship troubles is like someone eating cheese and getting sick, and deciding to blame ALL cheese for being defective instead of maaaybe considering they might be lactose intolerant.in conclusion, if it's ""everyone else"", it's probably you","women who blame all men for their relationship troubles is like someone eating cheese and getting sick, and deciding to blame ALL cheese for being defective instead of maaaybe considering they might be lactose intolerant.in conclusion, if it's ""everyone else"", it's probably you",False,True,True,True,False,False,,2,SHIFTING,sexist + woman-focused gendered token swapped; construct likely shifts (author adjudication),True,,
201099,ideological_inequality,high,"{""not_sexist"": 0.0, ""sexist"": 1.0}","{""ideological_inequality"": 0.8333333333333334, ""stereotyping_dominance"": 0.0, ""objectification"": 0.0, ""sexual_violence"": 0.0, ""misogyny_non_sexual_violence"": 0.3333333333333333}",Remember when and why the misogynists in positions of authority changed Women's studies to gender studies at universities all over the country?Remember what Feminists said would happen?I do. https://t.co/TySzlrbiBT,Remember when and why the misogynists in positions of authority changed Men's studies to gender studies at universities all over the country?Remember what Feminists said would happen?I do. https://t.co/TySzlrbiBT,False,True,True,False,False,False,,1,SHIFTING,sexist + woman-focused gendered token swapped; construct likely shifts (author adjudication),True,,
200242,ideological_inequality,high,"{""not_sexist"": 0.8333333333333334, ""sexist"": 0.16666666666666666}","{""ideological_inequality"": 0.16666666666666666, ""stereotyping_dominance"": 0.16666666666666666, ""objectification"": 0.0, ""sexual_violence"": 0.0, ""misogyny_non_sexual_violence"": 0.0}","@AccusedToo They’ve managed to substitute something that they said was bad, androcentrism, for something that is arguably worse, if only for the fact that it was done deliberately in as short a space of time as possible. Some would say only idiots do things like that.","@AccusedToo They’ve managed to substitute something that they said was bad, androcentrism, for something that is arguably worse, if only for the fact that it was done deliberately in as short a space of time as possible. Some would say only idiots do things like that.",False,False,False,False,True,False,,0,UNSWAPPABLE,no swappable gendered token (excluded from partition),False,,
200639,ideological_inequality,high,"{""not_sexist"": 0.0, ""sexist"": 1.0}","{""ideological_inequality"": 0.6666666666666666, ""stereotyping_dominance"": 0.3333333333333333, ""objectification"": 0.3333333333333333, ""sexual_violence"": 0.0, ""misogyny_non_sexual_violence"": 0.5}","@Adele I am at a loss about what today's women want out of life. In years to come, when you've done riding the cock carousel, no doubt you will regale us with interminable songs about your regrets. Why not save us the boredom of it all and just make the right choices from the 'get go'?","@Adele I am at a loss about what today's men want out of life. In years to come, when you've done riding the cock carousel, no doubt you will regale us with interminable songs about your regrets. Why not save us the boredom of it all and just make the right choices from the 'get go'?",False,True,True,False,False,False,,1,SHIFTING,sexist + woman-focused gendered token swapped; construct likely shifts (author adjudication),True,,
200731,ideological_inequality,high,"{""not_sexist"": 0.8333333333333334, ""sexist"": 0.16666666666666666}","{""ideological_inequality"": 0.16666666666666666, ""stereotyping_dominance"": 0.0, ""objectification"": 0.16666666666666666, ""sexual_violence"": 0.0, ""misogyny_non_sexual_violence"": 0.16666666666666666}",He gets memberships AND a kiss???? DESERVE https://t.co/PkEGmht4RA,She gets memberships AND a kiss???? DESERVE https://t.co/PkEGmht4RA,False,True,False,True,False,False,,1,INVARIANT,majority not-sexist; label stays not-sexist under swap,False,,
202141,ideological_inequality,high,"{""not_sexist"": 0.8333333333333334, ""sexist"": 0.16666666666666666}","{""ideological_inequality"": 0.16666666666666666, ""stereotyping_dominance"": 0.0, ""objectification"": 0.16666666666666666, ""sexual_violence"": 0.0, ""misogyny_non_sexual_violence"": 0.0}",Ain’t no way 😂😂😭 if I’m pregnant call me Mary 💀 Bc ain’t no way 😂 https://t.co/1Aqm9YUtOQ,Ain’t no way 😂😂😭 if I’m pregnant call me John 💀 Bc ain’t no way 😂 https://t.co/1Aqm9YUtOQ,True,False,True,False,False,False,,1,INVARIANT,majority not-sexist; label stays not-sexist under swap,False,,
400476,ideological_inequality,high,"{""not_sexist"": 0.8333333333333334, ""sexist"": 0.16666666666666666}","{""ideological_inequality"": 0.16666666666666666, ""stereotyping_dominance"": 0.0, ""objectification"": 0.0, ""sexual_violence"": 0.0, ""misogyny_non_sexual_violence"": 0.16666666666666666}","@ScubaMySteve If you ask Cenk as a hypothetical if that kind of thinking was used to justify atrocities he would yell ""OF COOOOOURSE"" with 0 self reflection","@ScubaMySteve If you ask Cenk as a hypothetical if that kind of thinking was used to justify atrocities she would yell ""OF COOOOOURSE"" with 0 self reflection",False,True,False,True,False,False,,1,INVARIANT,majority not-sexist; label stays not-sexist under swap,False,,
200063,ideological_inequality,high,"{""not_sexist"": 0.16666666666666663, ""sexist"": 0.8333333333333334}","{""ideological_inequality"": 0.5, ""stereotyping_dominance"": 0.3333333333333333, ""objectification"": 0.0, ""sexual_violence"": 0.0, ""misogyny_non_sexual_violence"": 0.3333333333333333}","@LibertyAnders I get it.. kind of. 80% of women are going after about 20% of men and ignoring the rest according to statistics of 3 dating apps. so that’s a pain point for some men, but Is hating women really a main component to being an incel? And what’s the difference between MGTOW and Incel?","@LibertyAnders I get it.. kind of. 80% of men are going after about 20% of women and ignoring the rest according to statistics of 3 dating apps. so that’s a pain point for some women, but Is hating men really a main component to being an incel? And what’s the difference between MGTOW and Incel?",False,True,True,True,False,False,,4,SHIFTING,sexist + woman-focused gendered token swapped; construct likely shifts (author adjudication),True,,
400257,ideological_inequality,high,"{""not_sexist"": 0.8333333333333334, ""sexist"": 0.16666666666666666}","{""ideological_inequality"": 0.16666666666666666, ""stereotyping_dominance"": 0.0, ""objectification"": 0.0, ""sexual_violence"": 0.0, ""misogyny_non_sexual_violence"": 0.16666666666666666}",@JoJoFromJerz That's because they're bullys- plain and simple.Don't understand it? Don't want to understand it? Don't want to think of a solution and actually fix the issue(s)?Deflect and lie about actually taking action while finding a person or group you can further marginalize.,@JoJoFromJerz That's because they're bullys- plain and simple.Don't understand it? Don't want to understand it? Don't want to think of a solution and actually fix the issue(s)?Deflect and lie about actually taking action while finding a person or group you can further marginalize.,False,False,False,False,True,False,,0,UNSWAPPABLE,no swappable gendered token (excluded from partition),False,,
200883,ideological_inequality,high,"{""not_sexist"": 0.16666666666666663, ""sexist"": 0.8333333333333334}","{""ideological_inequality"": 0.6666666666666666, ""stereotyping_dominance"": 0.16666666666666666, ""objectification"": 0.0, ""sexual_violence"": 0.0, ""misogyny_non_sexual_violence"": 0.0}","1/2 - Does equality between men and women mean equality based on a correct understanding and distinction of basic physical strength, physical differences, vocal differences, and the nature of masculinity and femininity as living things? / Translation site use","1/2 - Does equality between women and men mean equality based on a correct understanding and distinction of basic physical strength, physical differences, vocal differences, and the nature of masculinity and femininity as living things? / Translation site use",False,True,True,True,False,False,,2,SHIFTING,sexist + woman-focused gendered token swapped; construct likely shifts (author adjudication),True,,
200986,ideological_inequality,mixed,"{""not_sexist"": 0.6666666666666667, ""sexist"": 0.3333333333333333}","{""ideological_inequality"": 0.16666666666666666, ""stereotyping_dominance"": 0.16666666666666666, ""objectification"": 0.16666666666666666, ""sexual_violence"": 0.0, ""misogyny_non_sexual_violence"": 0.0}","Confused with my gender againMaybe I should explore my female side more and see how I feelBut then I want to be called pretty boy names, whatever that will be","Confused with my gender againMaybe I should explore my female side more and see how I feelBut then I want to be called pretty girl names, whatever that will be",False,True,False,True,False,False,,1,INVARIANT,majority not-sexist; label stays not-sexist under swap,False,,
202277,ideological_inequality,mixed,"{""not_sexist"": 0.33333333333333337, ""sexist"": 0.6666666666666666}","{""ideological_inequality"": 0.6666666666666666, ""stereotyping_dominance"": 0.0, ""objectification"": 0.0, ""sexual_violence"": 0.0, ""misogyny_non_sexual_violence"": 0.0}",How you gonna tweet about sexism while simultaneously saying something sexist? https://t.co/t5RykrmLFs,How you gonna tweet about sexism while simultaneously saying something sexist? https://t.co/t5RykrmLFs,False,False,False,False,True,False,,0,UNSWAPPABLE,no swappable gendered token (excluded from partition),False,,
201976,ideological_inequality,mixed,"{""not_sexist"": 0.33333333333333337, ""sexist"": 0.6666666666666666}","{""ideological_inequality"": 0.5, ""stereotyping_dominance"": 0.5, ""objectification"": 0.0, ""sexual_violence"": 0.0, ""misogyny_non_sexual_violence"": 0.16666666666666666}",3. Are you superior to us naturally or not? Cus you can’t be held accountable for your own actions but you wanna be in charge of everything. This is y y’all made patriarchy. Becus nobody in their right mind would choose men to make the decisions after seeing them work.,3. Are you superior to us naturally or not? Cus you can’t be held accountable for your own actions but you wanna be in charge of everything. This is y y’all made patriarchy. Becus nobody in their right mind would choose women to make the decisions after seeing them work.,False,True,False,True,False,False,,1,SHIFTING,sexist + woman-focused gendered token swapped; construct likely shifts (author adjudication),True,,
200427,ideological_inequality,mixed,"{""not_sexist"": 0.6666666666666667, ""sexist"": 0.3333333333333333}","{""ideological_inequality"": 0.3333333333333333, ""stereotyping_dominance"": 0.16666666666666666, ""objectification"": 0.0, ""sexual_violence"": 0.0, ""misogyny_non_sexual_violence"": 0.16666666666666666}","Maaaan I wish I could wear the heels Rihanna, Zendaya and all the other bad bitches wear. Bitch two terrible steps in and I’m crying. I can’t do it anymore. I’ll go barefoot.","Maaaan I wish I could wear the heels Rihanna, Zendaya and all the other bad bitches wear. Bitch two terrible steps in and I’m crying. I can’t do it anymore. I’ll go barefoot.",False,False,False,False,True,False,,0,UNSWAPPABLE,no swappable gendered token (excluded from partition),False,,
200696,ideological_inequality,mixed,"{""not_sexist"": 0.33333333333333337, ""sexist"": 0.6666666666666666}","{""ideological_inequality"": 0.3333333333333333, ""stereotyping_dominance"": 0.3333333333333333, ""objectification"": 0.0, ""sexual_violence"": 0.0, ""misogyny_non_sexual_violence"": 0.0}","If you need the space to be intentional, call it something like ""resisting gender oppression"" or something idk. Or like feminist consciousness raising.","If you need the space to be intentional, call it something like ""resisting gender oppression"" or something idk. Or like feminist consciousness raising.",False,False,False,False,True,False,,0,UNSWAPPABLE,no swappable gendered token (excluded from partition),False,,
400044,ideological_inequality,mixed,"{""not_sexist"": 0.33333333333333337, ""sexist"": 0.6666666666666666}","{""ideological_inequality"": 0.3333333333333333, ""stereotyping_dominance"": 0.16666666666666666, ""objectification"": 0.3333333333333333, ""sexual_violence"": 0.16666666666666666, ""misogyny_non_sexual_violence"": 0.0}",@5heriBr0wn @stinkythinktank @nubbin00_ @MeganMcD411 @wellroundednut @frggystyl @HauntedJennifer @normhotchkiss At first I was scared of him. But after some stalking I found out about his artistic side. Then I realized he can be sweet and salty. Like a good treat. He gardens too.About as good as a man can get.,@5heriBr0wn @stinkythinktank @nubbin00_ @MeganMcD411 @wellroundednut @frggystyl @HauntedJennifer @normhotchkiss At first I was scared of him. But after some stalking I found out about her artistic side. Then I realized she can be sweet and salty. Like a good treat. She gardens too.About as good as a woman can get.,False,True,False,True,False,True,ambiguous 'his' -> 'her' (POS heuristic),4,SHIFTING,sexist + woman-focused gendered token swapped; construct likely shifts (author adjudication),True,,
200702,ideological_inequality,mixed,"{""not_sexist"": 0.33333333333333337, ""sexist"": 0.6666666666666666}","{""ideological_inequality"": 0.5, ""stereotyping_dominance"": 0.5, ""objectification"": 0.3333333333333333, ""sexual_violence"": 0.0, ""misogyny_non_sexual_violence"": 0.16666666666666666}","@Tumi_Mogola Culture when it favours you????? ,our culture says a woman must clean and cook for a husband but now yhoo!!!you go against the Culture cz doesn't favour you and hire someone to cook for your husband,  we leaving in a different generation.","@Tumi_Mogola Culture when it favours you????? ,our culture says a man must clean and cook for a wife but now yhoo!!!you go against the Culture cz doesn't favour you and hire someone to cook for your wife,  we leaving in a different generation.",False,True,True,True,False,False,,3,SHIFTING,sexist + woman-focused gendered token swapped; construct likely shifts (author adjudication),True,,
201252,ideological_inequality,mixed,"{""not_sexist"": 0.6666666666666667, ""sexist"": 0.3333333333333333}","{""ideological_inequality"": 0.16666666666666666, ""stereotyping_dominance"": 0.0, ""objectification"": 0.0, ""sexual_violence"": 0.0, ""misogyny_non_sexual_violence"": 0.16666666666666666}","The worst part of this was that @swarajchristina , (very senior female activists or @_SwarajIndia ) did not see any gender harassment in any of this. Ohh the entire conversation with that lady was pathetic.","The worst part of this was that @swarajchristina , (very senior female activists or @_SwarajIndia ) did not see any gender harassment in any of this. Ohh the entire conversation with that gentleman was pathetic.",False,True,True,False,False,False,,1,INVARIANT,majority not-sexist; label stays not-sexist under swap,False,,
201245,ideological_inequality,mixed,"{""not_sexist"": 0.6666666666666667, ""sexist"": 0.3333333333333333}","{""ideological_inequality"": 0.16666666666666666, ""stereotyping_dominance"": 0.16666666666666666, ""objectification"": 0.0, ""sexual_violence"": 0.16666666666666666, ""misogyny_non_sexual_violence"": 0.0}","@amitdsinha @pamposh_herPoet @nuts2406 Well, take the US where genders are not segregated. US universities and companies make their employees take a test on gender harassment every 1-2 years. Why? They see the same problem that our culture does. They are trying to solve it in their way.++","@amitdsinha @pamposh_herPoet @nuts2406 Well, take the US where genders are not segregated. US universities and companies make their employees take a test on gender harassment every 1-2 years. Why? They see the same problem that our culture does. They are trying to solve it in their way.++",False,False,False,False,True,False,,0,UNSWAPPABLE,no swappable gendered token (excluded from partition),False,,
400113,ideological_inequality,mixed,"{""not_sexist"": 0.6666666666666667, ""sexist"": 0.3333333333333333}","{""ideological_inequality"": 0.3333333333333333, ""stereotyping_dominance"": 0.0, ""objectification"": 0.0, ""sexual_violence"": 0.0, ""misogyny_non_sexual_violence"": 0.0}","@ckerm4n we ended up choosing difference feminism. BUT THE TASK IS SO WEIRD. so the first task we have to find 3 feminists relating to a certain topic. and then the 2nd task we have to create a CAMPAIGN??? based on our chosen type of feminism, including a slogan and a pressure group event","@ckerm4n we ended up choosing difference feminism. BUT THE TASK IS SO WEIRD. so the first task we have to find 3 feminists relating to a certain topic. and then the 2nd task we have to create a CAMPAIGN??? based on our chosen type of feminism, including a slogan and a pressure group event",False,False,False,False,True,False,,0,UNSWAPPABLE,no swappable gendered token (excluded from partition),False,,
200067,ideological_inequality,mixed,"{""not_sexist"": 0.6666666666666667, ""sexist"": 0.3333333333333333}","{""ideological_inequality"": 0.3333333333333333, ""stereotyping_dominance"": 0.3333333333333333, ""objectification"": 0.0, ""sexual_violence"": 0.0, ""misogyny_non_sexual_violence"": 0.16666666666666666}",950 IQs Mom and Dad also have no way out. These MGTOW JP followers do not know what makes relationships stable. It is not always NO WAY OUT.Biggest reason for stable marriages in previous generation is that they got married early. https://t.co/lZblLGyFeL,950 IQs Dad and Mom also have no way out. These MGTOW JP followers do not know what makes relationships stable. It is not always NO WAY OUT.Biggest reason for stable marriages in previous generation is that they got married early. https://t.co/lZblLGyFeL,False,True,True,True,False,False,,2,INVARIANT,majority not-sexist; label stays not-sexist under swap,False,,
400386,ideological_inequality,mixed,"{""not_sexist"": 0.6666666666666667, ""sexist"": 0.3333333333333333}","{""ideological_inequality"": 0.16666666666666666, ""stereotyping_dominance"": 0.16666666666666666, ""objectification"": 0.16666666666666666, ""sexual_violence"": 0.0, ""misogyny_non_sexual_violence"": 0.0}",@2WayIntrsctn @cloud154532 @IGN So you stereotyping someone based on their appearance is what makes you some form of enlightened individual as opposed to a throwback racist cretin? Got it judge people by the race and appearance according to this guy...,@2WayIntrsctn @cloud154532 @IGN So you stereotyping someone based on their appearance is what makes you some form of enlightened individual as opposed to a throwback racist cretin? Got it judge people by the race and appearance according to this guy...,False,False,False,False,True,False,,0,UNSWAPPABLE,no swappable gendered token (excluded from partition),False,,
200893,ideological_inequality,mixed,"{""not_sexist"": 0.33333333333333337, ""sexist"": 0.6666666666666666}","{""ideological_inequality"": 0.6666666666666666, ""stereotyping_dominance"": 0.16666666666666666, ""objectification"": 0.0, ""sexual_violence"": 0.0, ""misogyny_non_sexual_violence"": 0.0}",feminism is way more than girls supporting girls. its about liberation from patriarchal society and other social oppression (like capitalism).“girls supporting girls” jus promotes the false idea of equality between women and men which literally the main objective of this movement,feminism is way more than boys supporting boys. its about liberation from patriarchal society and other social oppression (like capitalism).“boys supporting boys” jus promotes the false idea of equality between men and women which literally the main objective of this movement,False,True,True,True,False,False,,6,SHIFTING,sexist + woman-focused gendered token swapped; construct likely shifts (author adjudication),True,,
400110,ideological_inequality,low,"{""not_sexist"": 0.5, ""sexist"": 0.5}","{""ideological_inequality"": 0.3333333333333333, ""stereotyping_dominance"": 0.0, ""objectification"": 0.0, ""sexual_violence"": 0.0, ""misogyny_non_sexual_violence"": 0.3333333333333333}",You don't deserve access to your putrid penis ever again. #Chastiy #Beta #BetaMale #MaleChastity https://t.co/hgqAxydJqX,You don't deserve access to your putrid penis ever again. #Chastiy #Beta #BetaMale #MaleChastity https://t.co/hgqAxydJqX,False,False,False,False,True,False,,0,UNSWAPPABLE,no swappable gendered token (excluded from partition),False,,
203155,ideological_inequality,low,"{""not_sexist"": 0.5, ""sexist"": 0.5}","{""ideological_inequality"": 0.3333333333333333, ""stereotyping_dominance"": 0.16666666666666666, ""objectification"": 0.0, ""sexual_violence"": 0.0, ""misogyny_non_sexual_violence"": 0.0}",@sullydish UPenn women’s swim team website 5 yrs from now: “We are proud that 75% of our diverse team consists of transgender or transitioning men. This is a victory for womyn’s sports.”,@sullydish UPenn men’s swim team website 5 yrs from now: “We are proud that 75% of our diverse team consists of transgender or transitioning women. This is a victory for womyn’s sports.”,False,True,True,True,False,False,,2,SHIFTING,sexist + woman-focused gendered token swapped; construct likely shifts (author adjudication),True,,
202227,ideological_inequality,low,"{""not_sexist"": 0.5, ""sexist"": 0.5}","{""ideological_inequality"": 0.16666666666666666, ""stereotyping_dominance"": 0.0, ""objectification"": 0.16666666666666666, ""sexual_violence"": 0.0, ""misogyny_non_sexual_violence"": 0.16666666666666666}",@KendallShafer @Bandaidken @keddiejoh @MattWalshBlog You’re way too obsessed with reproduction and people’s genitalia. It’s quite creepy. Repression is crazy.,@KendallShafer @Bandaidken @keddiejoh @MattWalshBlog You’re way too obsessed with reproduction and people’s genitalia. It’s quite creepy. Repression is crazy.,False,False,False,False,True,False,,0,UNSWAPPABLE,no swappable gendered token (excluded from partition),False,,
202999,ideological_inequality,low,"{""not_sexist"": 0.5, ""sexist"": 0.5}","{""ideological_inequality"": 0.3333333333333333, ""stereotyping_dominance"": 0.3333333333333333, ""objectification"": 0.0, ""sexual_violence"": 0.0, ""misogyny_non_sexual_violence"": 0.0}","People who think that women are high maintenance, emotional, and irrational have never planned a hunting trip with five men.","People who think that men are high maintenance, emotional, and irrational have never planned a hunting trip with five women.",False,True,True,True,False,False,,2,SHIFTING,sexist + woman-focused gendered token swapped; construct likely shifts (author adjudication),True,,
203102,ideological_inequality,low,"{""not_sexist"": 0.5, ""sexist"": 0.5}","{""ideological_inequality"": 0.3333333333333333, ""stereotyping_dominance"": 0.16666666666666666, ""objectification"": 0.3333333333333333, ""sexual_violence"": 0.0, ""misogyny_non_sexual_violence"": 0.0}","But it annoys me when some people would ask why should I plan to have family, my husband is 35 and I should be having babies now, kenapa tolak rezeki tuhan, women shouldn’t plan or else it will get harder to conceive one day and the list goes on..","But it annoys me when some people would ask why should I plan to have family, my wife is 35 and I should be having babies now, kenapa tolak rezeki tuhan, men shouldn’t plan or else it will get harder to conceive one day and the list goes on..",False,True,True,True,False,False,,2,SHIFTING,sexist + woman-focused gendered token swapped; construct likely shifts (author adjudication),True,,
203089,ideological_inequality,low,"{""not_sexist"": 0.5, ""sexist"": 0.5}","{""ideological_inequality"": 0.16666666666666666, ""stereotyping_dominance"": 0.0, ""objectification"": 0.16666666666666666, ""sexual_violence"": 0.0, ""misogyny_non_sexual_violence"": 0.16666666666666666}","@nightmarefaith @LilNasX (1) Demi Moore posed naked in the 90s while pregnant. These aren’t the days of “I Love Lucy” where women have to hide their pregnancies. Stop being a drama queen.As for the women who can’t have babies naturally, surrogacy and adoption.","@nightmarefaith @LilNasX (1) Demi Moore posed naked in the 90s while pregnant. These aren’t the days of “I Love Lucy” where men have to hide their pregnancies. Stop being a drama king.As for the men who can’t have babies naturally, surrogacy and adoption.",False,True,True,False,False,False,,3,SHIFTING,sexist + woman-focused gendered token swapped; construct likely shifts (author adjudication),True,,
200997,ideological_inequality,low,"{""not_sexist"": 0.5, ""sexist"": 0.5}","{""ideological_inequality"": 0.3333333333333333, ""stereotyping_dominance"": 0.16666666666666666, ""objectification"": 0.0, ""sexual_violence"": 0.0, ""misogyny_non_sexual_violence"": 0.0}",@BraunbeckBryan @NotDollie Pretty sad response considering she’s not a designer and maybe the whole female in the gaming industry hits a little closer to home for her than it does you,@BraunbeckBryan @NotDollie Pretty sad response considering he’s not a designer and maybe the whole female in the gaming industry hits a little closer to home for his than it does you,False,True,True,False,False,True,ambiguous 'her' -> 'his' (POS heuristic),2,SHIFTING,sexist + woman-focused gendered token swapped; construct likely shifts (author adjudication),True,,
200218,ideological_inequality,low,"{""not_sexist"": 0.5, ""sexist"": 0.5}","{""ideological_inequality"": 0.3333333333333333, ""stereotyping_dominance"": 0.16666666666666666, ""objectification"": 0.0, ""sexual_violence"": 0.0, ""misogyny_non_sexual_violence"": 0.0}",@TheRealHoarse To hell with a day without women it's time for every woman in the US to go on vacation until we are treated equal under the law and useless pathetic men stop sticking thier noses where it doesn't belong.,@TheRealHoarse To hell with a day without men it's time for every man in the US to go on vacation until we are treated equal under the law and useless pathetic women stop sticking thier noses where it doesn't belong.,False,True,True,True,False,False,,3,SHIFTING,sexist + woman-focused gendered token swapped; construct likely shifts (author adjudication),True,,
202993,ideological_inequality,low,"{""not_sexist"": 0.5, ""sexist"": 0.5}","{""ideological_inequality"": 0.5, ""stereotyping_dominance"": 0.0, ""objectification"": 0.0, ""sexual_violence"": 0.0, ""misogyny_non_sexual_violence"": 0.16666666666666666}","@SkiptomyLoulou I cannot begin to guess Lou , after the last 24 hrs. I WOULD have thought tomorrow ? However, I sincerely believe that women are more in danger from this govt than any time I can remember (I’m nearly 63). It’s is “seeping” thro daily interactions. I feel afraid and very, angry 😡","@SkiptomyLoulou I cannot begin to guess Lou , after the last 24 hrs. I WOULD have thought tomorrow ? However, I sincerely believe that men are more in danger from this govt than any time I can remember (I’m nearly 63). It’s is “seeping” thro daily interactions. I feel afraid and very, angry 😡",False,True,True,False,False,False,,1,SHIFTING,sexist + woman-focused gendered token swapped; construct likely shifts (author adjudication),True,,
201345,ideological_inequality,low,"{""not_sexist"": 0.5, ""sexist"": 0.5}","{""ideological_inequality"": 0.3333333333333333, ""stereotyping_dominance"": 0.16666666666666666, ""objectification"": 0.16666666666666666, ""sexual_violence"": 0.16666666666666666, ""misogyny_non_sexual_violence"": 0.16666666666666666}",@RNTD @lovinglee86 @BangtanPryncess @sugasonlykitten @mixedbutterfly7 @WhippedNoona @RebeccaBTS69 @B0DYBYBAC0N @KissaMeassa @MMarshxx @Snoopygurl82 I'd be a gold digger to Jk. 🤣🤣 Spend his money and fucking &amp; hanging out with all his hyungs while leaving his as lonely. https://t.co/zntXZn8tb5,@RNTD @lovinglee86 @BangtanPryncess @sugasonlykitten @mixedbutterfly7 @WhippedNoona @RebeccaBTS69 @B0DYBYBAC0N @KissaMeassa @MMarshxx @Snoopygurl82 I'd be a gold digger to Jk. 🤣🤣 Spend her money and fucking &amp; hanging out with all her hyungs while leaving her as lonely. https://t.co/zntXZn8tb5,False,True,False,True,False,True,ambiguous 'his' -> 'her' (POS heuristic); ambiguous 'his' -> 'her' (POS heuristic); ambiguous 'his' -> 'her' (POS heuristic),3,SHIFTING,sexist + woman-focused gendered token swapped; construct likely shifts (author adjudication),True,,
202646,ideological_inequality,low,"{""not_sexist"": 0.5, ""sexist"": 0.5}","{""ideological_inequality"": 0.3333333333333333, ""stereotyping_dominance"": 0.0, ""objectification"": 0.0, ""sexual_violence"": 0.16666666666666666, ""misogyny_non_sexual_violence"": 0.0}",@Jamie_Sense @AndyMitten @TheAthleticUK It's just a jobs for the boys club 🙄,@Jamie_Sense @AndyMitten @TheAthleticUK It's just a jobs for the girls club 🙄,False,True,False,True,False,False,,1,SHIFTING,sexist + woman-focused gendered token swapped; construct likely shifts (author adjudication),True,,
201274,ideological_inequality,low,"{""not_sexist"": 0.5, ""sexist"": 0.5}","{""ideological_inequality"": 0.3333333333333333, ""stereotyping_dominance"": 0.16666666666666666, ""objectification"": 0.0, ""sexual_violence"": 0.0, ""misogyny_non_sexual_violence"": 0.0}",@shamanspirit13 @AllDressedChipp @Comic_Foil @theherbwitch2 @NotJellyEh @solo_demon99 They're either agender or a cisgender person who doesn't understand what gender identity is.,@shamanspirit13 @AllDressedChipp @Comic_Foil @theherbwitch2 @NotJellyEh @solo_demon99 They're either agender or a cisgender person who doesn't understand what gender identity is.,False,False,False,False,True,False,,0,UNSWAPPABLE,no swappable gendered token (excluded from partition),False,,
201046,ideological_inequality,low,"{""not_sexist"": 0.5, ""sexist"": 0.5}","{""ideological_inequality"": 0.3333333333333333, ""stereotyping_dominance"": 0.3333333333333333, ""objectification"": 0.0, ""sexual_violence"": 0.0, ""misogyny_non_sexual_violence"": 0.0}",Trying to lie to myself that I can afford to go to a luxury spa for a weekend and I can’t even believe the lie because every website is painfully white. I know black women deserve luxury can be a shallow feminism but can I get one picture?? 😩,Trying to lie to myself that I can afford to go to a luxury spa for a weekend and I can’t even believe the lie because every website is painfully white. I know black men deserve luxury can be a shallow feminism but can I get one picture?? 😩,False,True,True,False,False,False,,1,SHIFTING,sexist + woman-focused gendered token swapped; construct likely shifts (author adjudication),True,,
200582,stereotyping_dominance,high,"{""not_sexist"": 0.8333333333333334, ""sexist"": 0.16666666666666666}","{""ideological_inequality"": 0.0, ""stereotyping_dominance"": 0.16666666666666666, ""objectification"": 0.0, ""sexual_violence"": 0.0, ""misogyny_non_sexual_violence"": 0.16666666666666666}",@Blackindiaink @bigdogXVI @Amaliajaja @21funnygirl61 @melyssapatterso @IsaPromises Just remember to apply a thin layer and buff with a different cloth. They come out *chefs kiss*,@Blackindiaink @bigdogXVI @Amaliajaja @21funnygirl61 @melyssapatterso @IsaPromises Just remember to apply a thin layer and buff with a different cloth. They come out *chefs kiss*,False,False,False,False,True,False,,0,UNSWAPPABLE,no swappable gendered token (excluded from partition),False,,
202031,stereotyping_dominance,high,"{""not_sexist"": 0.8333333333333334, ""sexist"": 0.16666666666666666}","{""ideological_inequality"": 0.0, ""stereotyping_dominance"": 0.16666666666666666, ""objectification"": 0.0, ""sexual_violence"": 0.0, ""misogyny_non_sexual_violence"": 0.0}",In Affleck’s Palace and they’re playing Crass over the speakers. The Penis Envy album.,In Affleck’s Palace and they’re playing Crass over the speakers. The Penis Envy album.,False,False,False,False,True,False,,0,UNSWAPPABLE,no swappable gendered token (excluded from partition),False,,
400354,stereotyping_dominance,high,"{""not_sexist"": 0.8333333333333334, ""sexist"": 0.16666666666666666}","{""ideological_inequality"": 0.0, ""stereotyping_dominance"": 0.16666666666666666, ""objectification"": 0.0, ""sexual_violence"": 0.0, ""misogyny_non_sexual_violence"": 0.0}","@percybvths it’s something i’ve noticed the entire series, not only in regards to sexuality. they portray this dreamlike idea of the 80s and even though there’s monsters and gore it’s still a romanticised version of the 80s with the attempt to make it prettier than it was.","@percybvths it’s something i’ve noticed the entire series, not only in regards to sexuality. they portray this dreamlike idea of the 80s and even though there’s monsters and gore it’s still a romanticised version of the 80s with the attempt to make it prettier than it was.",False,False,False,False,True,False,,0,UNSWAPPABLE,no swappable gendered token (excluded from partition),False,,
200291,stereotyping_dominance,high,"{""not_sexist"": 0.0, ""sexist"": 1.0}","{""ideological_inequality"": 0.16666666666666666, ""stereotyping_dominance"": 0.8333333333333334, ""objectification"": 0.0, ""sexual_violence"": 0.0, ""misogyny_non_sexual_violence"": 0.0}",&gt;one of the only female racers in the show&gt;needs another woman to help her drive as good as a man&gt;loses control of the car for no real reason https://t.co/uadpW343mu,&gt;one of the only female racers in the show&gt;needs another man to help his drive as good as a woman&gt;loses control of the car for no real reason https://t.co/uadpW343mu,False,True,True,True,False,True,ambiguous 'her' -> 'his' (POS heuristic),3,SHIFTING,sexist + woman-focused gendered token swapped; construct likely shifts (author adjudication),True,,
200407,stereotyping_dominance,high,"{""not_sexist"": 0.0, ""sexist"": 1.0}","{""ideological_inequality"": 0.0, ""stereotyping_dominance"": 0.5, ""objectification"": 0.5, ""sexual_violence"": 0.5, ""misogyny_non_sexual_violence"": 0.5}","Very verbal too like holy fuck called me a slut, whore, bitch, faggot, good girl, and kept telling me how soft my mouth was and stuff along those lines","Very verbal too like holy fuck called me a slut, whore, bitch, faggot, good boy, and kept telling me how soft my mouth was and stuff along those lines",False,True,True,False,False,False,,1,SHIFTING,sexist + woman-focused gendered token swapped; construct likely shifts (author adjudication),True,,
200628,stereotyping_dominance,high,"{""not_sexist"": 0.0, ""sexist"": 1.0}","{""ideological_inequality"": 0.0, ""stereotyping_dominance"": 0.5, ""objectification"": 0.5, ""sexual_violence"": 0.5, ""misogyny_non_sexual_violence"": 0.0}","@LondonPfg Wow, and I thought ""the cock carousel"" was a recent metaphor","@LondonPfg Wow, and I thought ""the cock carousel"" was a recent metaphor",False,False,False,False,True,False,,0,UNSWAPPABLE,no swappable gendered token (excluded from partition),False,,
201143,stereotyping_dominance,high,"{""not_sexist"": 0.16666666666666663, ""sexist"": 0.8333333333333334}","{""ideological_inequality"": 0.3333333333333333, ""stereotyping_dominance"": 0.6666666666666666, ""objectification"": 0.3333333333333333, ""sexual_violence"": 0.0, ""misogyny_non_sexual_violence"": 0.16666666666666666}",It's sad how men are encouraged to have baby mamas out there yet most of them don't take responsibility and if they do it's only about the child's fees and medical.Very few do itMen again are encouraged not to love or care for a woman with a baby dady. https://t.co/USl4s0RQid,It's sad how women are encouraged to have baby mamas out there yet most of them don't take responsibility and if they do it's only about the child's fees and medical.Very few do itMen again are encouraged not to love or care for a man with a baby dady. https://t.co/USl4s0RQid,False,True,True,True,False,False,,2,SHIFTING,sexist + woman-focused gendered token swapped; construct likely shifts (author adjudication),True,,
203117,stereotyping_dominance,high,"{""not_sexist"": 0.16666666666666663, ""sexist"": 0.8333333333333334}","{""ideological_inequality"": 0.16666666666666666, ""stereotyping_dominance"": 0.3333333333333333, ""objectification"": 0.0, ""sexual_violence"": 0.0, ""misogyny_non_sexual_violence"": 0.3333333333333333}",@realitytvhooked Well it’s a juvenile insult and something grown women shouldn’t resort to. People only use it when they’re losing the argument anyway.,@realitytvhooked Well it’s a juvenile insult and something grown men shouldn’t resort to. People only use it when they’re losing the argument anyway.,False,True,True,False,False,False,,1,SHIFTING,sexist + woman-focused gendered token swapped; construct likely shifts (author adjudication),True,,
400092,stereotyping_dominance,high,"{""not_sexist"": 0.0, ""sexist"": 1.0}","{""ideological_inequality"": 0.16666666666666666, ""stereotyping_dominance"": 0.5, ""objectification"": 0.3333333333333333, ""sexual_violence"": 0.5, ""misogyny_non_sexual_violence"": 0.3333333333333333}","@black_bullshit That’s what she takes issue with in Top Gun? A woman having &amp; enjoying sex with a young &amp; hot fighter pilot? She, an author, does not possess the imagination that fucking 1986 Tom Cruise pre-Xenu would be an overall good for Charlie? Like those degrees will cock block Charlie? https://t.co/DWc5c0jwpr","@black_bullshit That’s what he takes issue with in Top Gun? A man having &amp; enjoying sex with a young &amp; hot fighter pilot? He, an author, does not possess the imagination that fucking 1986 Tom Cruise pre-Xenu would be an overall good for Charlie? Like those degrees will cock block Charlie? https://t.co/DWc5c0jwpr",False,True,True,False,False,False,,3,SHIFTING,sexist + woman-focused gendered token swapped; construct likely shifts (author adjudication),True,,
202599,stereotyping_dominance,high,"{""not_sexist"": 0.8333333333333334, ""sexist"": 0.16666666666666666}","{""ideological_inequality"": 0.0, ""stereotyping_dominance"": 0.16666666666666666, ""objectification"": 0.0, ""sexual_violence"": 0.0, ""misogyny_non_sexual_violence"": 0.0}",@DeonMumple @HadiJudy @JoyAnnReid Tell us you're stupid without telling us you're stupid.,@DeonMumple @HadiJudy @JoyAnnReid Tell us you're stupid without telling us you're stupid.,False,False,False,False,True,False,,0,UNSWAPPABLE,no swappable gendered token (excluded from partition),False,,
400119,stereotyping_dominance,high,"{""not_sexist"": 0.16666666666666663, ""sexist"": 0.8333333333333334}","{""ideological_inequality"": 0.16666666666666666, ""stereotyping_dominance"": 0.8333333333333334, ""objectification"": 0.0, ""sexual_violence"": 0.0, ""misogyny_non_sexual_violence"": 0.0}",I'm trying to fit the dumb blonde stereotype thank you,I'm trying to fit the dumb blonde stereotype thank you,False,False,False,False,True,False,,0,UNSWAPPABLE,no swappable gendered token (excluded from partition),False,,
200640,stereotyping_dominance,high,"{""not_sexist"": 0.0, ""sexist"": 1.0}","{""ideological_inequality"": 0.3333333333333333, ""stereotyping_dominance"": 0.6666666666666666, ""objectification"": 0.6666666666666666, ""sexual_violence"": 0.0, ""misogyny_non_sexual_violence"": 0.3333333333333333}","When a woman says she's had her fun and she's ready to get serious with someone, it really means, ""I'm ready to get off the cock carousel and find a beta provider.”","When a man says he's had his fun and he's ready to get serious with someone, it really means, ""I'm ready to get off the cock carousel and find a beta provider.”",False,True,True,False,False,True,ambiguous 'her' -> 'his' (POS heuristic),4,SHIFTING,sexist + woman-focused gendered token swapped; construct likely shifts (author adjudication),True,,
202779,stereotyping_dominance,high,"{""not_sexist"": 0.0, ""sexist"": 1.0}","{""ideological_inequality"": 0.16666666666666666, ""stereotyping_dominance"": 0.6666666666666666, ""objectification"": 0.5, ""sexual_violence"": 0.0, ""misogyny_non_sexual_violence"": 0.3333333333333333}",@brightstrangely @Rebel77Angel @Seamusismycat @MarianaLorca @coaxialcreature @PurrveyorOfCats @CassandraCmplex @ChaiTeaNoTaiChi @1CaptainAuTiSm1 @goody_kate @witchyisbak @fear_the_kitten @AugustaAndarta @forevershallon @KatieK1977 @altipepper @DwindlingGravy @PReconciliatio1 @MeowmeowPhd @SammySammyStagg @ilovepreserves @BornWithOvaries @weskerjtk @manimalian @alandriscoll @IamCassieCurtis @Vampyr_Hunter @babychops1 @JaneQuaife @MyladyGrace @NPutzo @DatCatDer @Tarsiuslariang @vindaloo_vixen @seamus No you're a woman who married for money so you can stay home all day doing nothing  aka  trophy wife,@brightstrangely @Rebel77Angel @Seamusismycat @MarianaLorca @coaxialcreature @PurrveyorOfCats @CassandraCmplex @ChaiTeaNoTaiChi @1CaptainAuTiSm1 @goody_kate @witchyisbak @fear_the_kitten @AugustaAndarta @forevershallon @KatieK1977 @altipepper @DwindlingGravy @PReconciliatio1 @MeowmeowPhd @SammySammyStagg @ilovepreserves @BornWithOvaries @weskerjtk @manimalian @alandriscoll @IamCassieCurtis @Vampyr_Hunter @babychops1 @JaneQuaife @MyladyGrace @NPutzo @DatCatDer @Tarsiuslariang @vindaloo_vixen @seamus No you're a man who married for money so you can stay home all day doing nothing  aka  trophy husband,False,True,True,False,False,False,,2,SHIFTING,sexist + woman-focused gendered token swapped; construct likely shifts (author adjudication),True,,
400249,stereotyping_dominance,mixed,"{""not_sexist"": 0.33333333333333337, ""sexist"": 0.6666666666666666}","{""ideological_inequality"": 0.3333333333333333, ""stereotyping_dominance"": 0.6666666666666666, ""objectification"": 0.16666666666666666, ""sexual_violence"": 0.0, ""misogyny_non_sexual_violence"": 0.0}",@Tindola @Fewbrix @PacheduZW @drjaytee87 @begottensun @PatsonDzamara Kuda is dangerous not sure why he is a darling of CCC he is like a woman that one. Ane guhwa,@Tindola @Fewbrix @PacheduZW @drjaytee87 @begottensun @PatsonDzamara Kuda is dangerous not sure why she is a darling of CCC she is like a man that one. Ane guhwa,False,True,True,True,False,False,,3,SHIFTING,sexist + woman-focused gendered token swapped; construct likely shifts (author adjudication),True,,
202028,stereotyping_dominance,mixed,"{""not_sexist"": 0.33333333333333337, ""sexist"": 0.6666666666666666}","{""ideological_inequality"": 0.3333333333333333, ""stereotyping_dominance"": 0.5, ""objectification"": 0.3333333333333333, ""sexual_violence"": 0.16666666666666666, ""misogyny_non_sexual_violence"": 0.0}","@DavidBe53174057 it's penis envy, tradies' insecurity. utes &amp; bigotry to feel better","@DavidBe53174057 it's penis envy, tradies' insecurity. utes &amp; bigotry to feel better",False,False,False,False,True,False,,0,UNSWAPPABLE,no swappable gendered token (excluded from partition),False,,
201334,stereotyping_dominance,mixed,"{""not_sexist"": 0.33333333333333337, ""sexist"": 0.6666666666666666}","{""ideological_inequality"": 0.16666666666666666, ""stereotyping_dominance"": 0.3333333333333333, ""objectification"": 0.3333333333333333, ""sexual_violence"": 0.0, ""misogyny_non_sexual_violence"": 0.0}",Even girls. I'm girls.  Can't flirt to save my life https://t.co/vTR2FzeC77,Even boys. I'm boys.  Can't flirt to save my life https://t.co/vTR2FzeC77,False,True,True,False,False,False,,2,SHIFTING,sexist + woman-focused gendered token swapped; construct likely shifts (author adjudication),True,,
201315,stereotyping_dominance,mixed,"{""not_sexist"": 0.6666666666666667, ""sexist"": 0.3333333333333333}","{""ideological_inequality"": 0.0, ""stereotyping_dominance"": 0.16666666666666666, ""objectification"": 0.16666666666666666, ""sexual_violence"": 0.0, ""misogyny_non_sexual_violence"": 0.0}",@pageeofwandss Are you aware she looks exactly like a girl from my past 🤔,@pageeofwandss Are you aware he looks exactly like a boy from my past 🤔,False,True,True,False,False,False,,2,INVARIANT,majority not-sexist; label stays not-sexist under swap,False,,
400106,stereotyping_dominance,mixed,"{""not_sexist"": 0.33333333333333337, ""sexist"": 0.6666666666666666}","{""ideological_inequality"": 0.0, ""stereotyping_dominance"": 0.6666666666666666, ""objectification"": 0.16666666666666666, ""sexual_violence"": 0.0, ""misogyny_non_sexual_violence"": 0.16666666666666666}",@janetadefabi @ChelseaFC Just go cook for your husband and shut up...Everyone makes mistakes....How quickly people forget . Just the other day he had a fantastic UCL run and assisted Havertz in the Ucl final...you showered praises on him didn't you??,@janetadefabi @ChelseaFC Just go cook for your wife and shut up...Everyone makes mistakes....How quickly people forget . Just the other day she had a fantastic UCL run and assisted Havertz in the Ucl final...you showered praises on him didn't you??,False,True,False,True,False,False,,2,SHIFTING,sexist + woman-focused gendered token swapped; construct likely shifts (author adjudication),True,,
200205,stereotyping_dominance,mixed,"{""not_sexist"": 0.33333333333333337, ""sexist"": 0.6666666666666666}","{""ideological_inequality"": 0.16666666666666666, ""stereotyping_dominance"": 0.3333333333333333, ""objectification"": 0.0, ""sexual_violence"": 0.0, ""misogyny_non_sexual_violence"": 0.16666666666666666}","@mzrsd @BotForEquality A Day Without Women, sounds like a great idea.","@mzrsd @BotForEquality A Day Without Men, sounds like a great idea.",False,True,True,False,False,False,,1,SHIFTING,sexist + woman-focused gendered token swapped; construct likely shifts (author adjudication),True,,
200687,stereotyping_dominance,mixed,"{""not_sexist"": 0.33333333333333337, ""sexist"": 0.6666666666666666}","{""ideological_inequality"": 0.16666666666666666, ""stereotyping_dominance"": 0.3333333333333333, ""objectification"": 0.0, ""sexual_violence"": 0.16666666666666666, ""misogyny_non_sexual_violence"": 0.16666666666666666}","@Bnovak11 @CBCSask We do share similar experiences, namely violence &amp; sexual abuse. Do you recall the consciousness-raising groups in the 1960s that were part of the feminist movement? I have so much respect for FN women. It's very bad on many reserves. Their collective strength awes &amp; humbles me.","@Bnovak11 @CBCSask We do share similar experiences, namely violence &amp; sexual abuse. Do you recall the consciousness-raising groups in the 1960s that were part of the feminist movement? I have so much respect for FN men. It's very bad on many reserves. Their collective strength awes &amp; humbles me.",False,True,True,False,False,False,,1,SHIFTING,sexist + woman-focused gendered token swapped; construct likely shifts (author adjudication),True,,
400299,stereotyping_dominance,mixed,"{""not_sexist"": 0.33333333333333337, ""sexist"": 0.6666666666666666}","{""ideological_inequality"": 0.16666666666666666, ""stereotyping_dominance"": 0.5, ""objectification"": 0.0, ""sexual_violence"": 0.0, ""misogyny_non_sexual_violence"": 0.0}",GC ideology in a nutshell. Patrilineal inheritance of peerages is grossly misogynist. It's literally a system that puts men before women. It's also transphobic in that it counts trans women as men.But the GC's problem is that a trans woman might get the peerage. https://t.co/oURmTBrrs8,GC ideology in a nutshell. Patrilineal inheritance of peerages is grossly misogynist. It's literally a system that puts women before men. It's also transphobic in that it counts trans men as women.But the GC's problem is that a trans man might get the peerage. https://t.co/oURmTBrrs8,False,True,True,True,False,False,,5,SHIFTING,sexist + woman-focused gendered token swapped; construct likely shifts (author adjudication),True,,
400336,stereotyping_dominance,mixed,"{""not_sexist"": 0.6666666666666667, ""sexist"": 0.3333333333333333}","{""ideological_inequality"": 0.16666666666666666, ""stereotyping_dominance"": 0.3333333333333333, ""objectification"": 0.0, ""sexual_violence"": 0.0, ""misogyny_non_sexual_violence"": 0.16666666666666666}","That's rich coming from representatives of a country full of history of armed repression against unarmed protestors (in nutshell, human rights violations). These guys think still East India Company is ruling India (hence trade issue) https://t.co/8mc9s579Sn","That's rich coming from representatives of a country full of history of armed repression against unarmed protestors (in nutshell, human rights violations). These guys think still East India Company is ruling India (hence trade issue) https://t.co/8mc9s579Sn",False,False,False,False,True,False,,0,UNSWAPPABLE,no swappable gendered token (excluded from partition),False,,
201358,stereotyping_dominance,mixed,"{""not_sexist"": 0.33333333333333337, ""sexist"": 0.6666666666666666}","{""ideological_inequality"": 0.0, ""stereotyping_dominance"": 0.5, ""objectification"": 0.16666666666666666, ""sexual_violence"": 0.0, ""misogyny_non_sexual_violence"": 0.0}",@KarlousM you never know when a gold digger might approach 🤣🤣,@KarlousM you never know when a gold digger might approach 🤣🤣,False,False,False,False,True,False,,0,UNSWAPPABLE,no swappable gendered token (excluded from partition),False,,
201942,stereotyping_dominance,mixed,"{""not_sexist"": 0.33333333333333337, ""sexist"": 0.6666666666666666}","{""ideological_inequality"": 0.16666666666666666, ""stereotyping_dominance"": 0.3333333333333333, ""objectification"": 0.16666666666666666, ""sexual_violence"": 0.16666666666666666, ""misogyny_non_sexual_violence"": 0.0}","@lolfarxh If she agrees with that sentiment &amp; feels in her heart that’s what she needs to do to feel modest &amp; to stop the mass sexualization of women through patriarchal societies that’s ok,but this post doesn’t make sense lol.","@lolfarxh If he agrees with that sentiment &amp; feels in his heart that’s what he needs to do to feel modest &amp; to stop the mass sexualization of men through patriarchal societies that’s ok,but this post doesn’t make sense lol.",False,True,True,False,False,True,ambiguous 'her' -> 'his' (POS heuristic),4,SHIFTING,sexist + woman-focused gendered token swapped; construct likely shifts (author adjudication),True,,
202739,stereotyping_dominance,mixed,"{""not_sexist"": 0.33333333333333337, ""sexist"": 0.6666666666666666}","{""ideological_inequality"": 0.3333333333333333, ""stereotyping_dominance"": 0.6666666666666666, ""objectification"": 0.0, ""sexual_violence"": 0.0, ""misogyny_non_sexual_violence"": 0.0}",i wonder how much of this regression in today's women is due to the fact that women still have to pull a double shift because men have absolutely refused to pull their weight in the domestic sphere. and instead of putting any blame on men these women just revert back to this. https://t.co/4sn1uu7IlW,i wonder how much of this regression in today's men is due to the fact that men still have to pull a double shift because women have absolutely refused to pull their weight in the domestic sphere. and instead of putting any blame on women these men just revert back to this. https://t.co/4sn1uu7IlW,False,True,True,True,False,False,,5,SHIFTING,sexist + woman-focused gendered token swapped; construct likely shifts (author adjudication),True,,
200945,stereotyping_dominance,mixed,"{""not_sexist"": 0.6666666666666667, ""sexist"": 0.3333333333333333}","{""ideological_inequality"": 0.0, ""stereotyping_dominance"": 0.3333333333333333, ""objectification"": 0.16666666666666666, ""sexual_violence"": 0.0, ""misogyny_non_sexual_violence"": 0.0}",@poppy_haze @gatorneiljr @cybersygh Hey I'm one of those and while I have nothing but love for femboys it's certainly not a term I'd use to describe myself. Also please be mindful of accepting the exoticization of third genders by cissexist anthropologists uncritically. https://t.co/uI8tOv5CmD,@poppy_haze @gatorneiljr @cybersygh Hey I'm one of those and while I have nothing but love for femboys it's certainly not a term I'd use to describe myself. Also please be mindful of accepting the exoticization of third genders by cissexist anthropologists uncritically. https://t.co/uI8tOv5CmD,False,False,False,False,True,False,,0,UNSWAPPABLE,no swappable gendered token (excluded from partition),False,,
202281,stereotyping_dominance,low,"{""not_sexist"": 0.5, ""sexist"": 0.5}","{""ideological_inequality"": 0.0, ""stereotyping_dominance"": 0.3333333333333333, ""objectification"": 0.16666666666666666, ""sexual_violence"": 0.16666666666666666, ""misogyny_non_sexual_violence"": 0.16666666666666666}","@banville_morgan @KyllikkiRytova It’s also a good opportunity to talk about how communities fill institutional gaps by disruptive uses of comm networks. Examples I use are the Cajun Navy, whisper networks for sexual harassment, etc.","@banville_morgan @KyllikkiRytova It’s also a good opportunity to talk about how communities fill institutional gaps by disruptive uses of comm networks. Examples I use are the Cajun Navy, whisper networks for sexual harassment, etc.",False,False,False,False,True,False,,0,UNSWAPPABLE,no swappable gendered token (excluded from partition),False,,
200244,stereotyping_dominance,low,"{""not_sexist"": 0.5, ""sexist"": 0.5}","{""ideological_inequality"": 0.16666666666666666, ""stereotyping_dominance"": 0.3333333333333333, ""objectification"": 0.3333333333333333, ""sexual_violence"": 0.0, ""misogyny_non_sexual_violence"": 0.0}","@Stanikzaiii @natiqmalikzada Even without TTP the women have many problems. I feel pity for this girl as she can only speak English but unable to see the discrimination, patriarchy, misogyny and androcentrism. She needs sensitization program.","@Stanikzaiii @natiqmalikzada Even without TTP the men have many problems. I feel pity for this boy as he can only speak English but unable to see the discrimination, patriarchy, misogyny and androcentrism. He needs sensitization program.",False,True,True,False,False,False,,4,SHIFTING,sexist + woman-focused gendered token swapped; construct likely shifts (author adjudication),True,,
200089,stereotyping_dominance,low,"{""not_sexist"": 0.5, ""sexist"": 0.5}","{""ideological_inequality"": 0.16666666666666666, ""stereotyping_dominance"": 0.3333333333333333, ""objectification"": 0.16666666666666666, ""sexual_violence"": 0.16666666666666666, ""misogyny_non_sexual_violence"": 0.3333333333333333}","@BonfireBlaze Why am I still like 'wow, guys STILL publicly say this shit in 2022'??? Clearly there's some small glimmer of hope in me that needs to be quashed immediately. Queue the notallmen brigade🙄","@BonfireBlaze Why am I still like 'wow, guys STILL publicly say this shit in 2022'??? Clearly there's some small glimmer of hope in me that needs to be quashed immediately. Queue the notallmen brigade🙄",False,False,False,False,True,False,,0,UNSWAPPABLE,no swappable gendered token (excluded from partition),False,,
202767,stereotyping_dominance,low,"{""not_sexist"": 0.5, ""sexist"": 0.5}","{""ideological_inequality"": 0.0, ""stereotyping_dominance"": 0.3333333333333333, ""objectification"": 0.3333333333333333, ""sexual_violence"": 0.0, ""misogyny_non_sexual_violence"": 0.0}",why cant i just be a rich crazy cat woman and also a trophy wife😫,why cant i just be a rich crazy cat man and also a trophy husband😫,False,True,True,False,False,False,,2,SHIFTING,sexist + woman-focused gendered token swapped; construct likely shifts (author adjudication),True,,
201806,stereotyping_dominance,low,"{""not_sexist"": 0.5, ""sexist"": 0.5}","{""ideological_inequality"": 0.0, ""stereotyping_dominance"": 0.3333333333333333, ""objectification"": 0.16666666666666666, ""sexual_violence"": 0.0, ""misogyny_non_sexual_violence"": 0.0}","@kiwinerd My dad always taught me a lot of household stuff (changing outlets, putting up lights, etc) because “no daughter of mine will ever need a man to help her do this stuff.” I appreciate everything I know so much!","@kiwinerd My mom always taught me a lot of household stuff (changing outlets, putting up lights, etc) because “no son of mine will ever need a woman to help him do this stuff.” I appreciate everything I know so much!",False,True,True,True,False,True,ambiguous 'her' -> 'him' (POS heuristic),4,SHIFTING,sexist + woman-focused gendered token swapped; construct likely shifts (author adjudication),True,,
201839,stereotyping_dominance,low,"{""not_sexist"": 0.5, ""sexist"": 0.5}","{""ideological_inequality"": 0.0, ""stereotyping_dominance"": 0.5, ""objectification"": 0.0, ""sexual_violence"": 0.0, ""misogyny_non_sexual_violence"": 0.0}","@HaliJohnMcPhee They aren't the brightest and didn't get their storm chips yesterday? Probably dumbass males in oversized trucks trying to be macho. (saw one of those a couple hours ago.)*Not all men are dumbass, even if they drive trucks. Just so we are clear*","@HaliJohnMcPhee They aren't the brightest and didn't get their storm chips yesterday? Probably dumbass males in oversized trucks trying to be macho. (saw one of those a couple hours ago.)*Not all women are dumbass, even if they drive trucks. Just so we are clear*",False,True,False,True,False,False,,1,SHIFTING,sexist + woman-focused gendered token swapped; construct likely shifts (author adjudication),True,,
200962,stereotyping_dominance,low,"{""not_sexist"": 0.5, ""sexist"": 0.5}","{""ideological_inequality"": 0.0, ""stereotyping_dominance"": 0.3333333333333333, ""objectification"": 0.16666666666666666, ""sexual_violence"": 0.0, ""misogyny_non_sexual_violence"": 0.0}",@MaleWifeNo1 not to mention the blatant fat phobia and admittance to eating plain roasted chicken... sheesh,@MaleWifeNo1 not to mention the blatant fat phobia and admittance to eating plain roasted chicken... sheesh,False,False,False,False,True,False,,0,UNSWAPPABLE,no swappable gendered token (excluded from partition),False,,
201153,stereotyping_dominance,low,"{""not_sexist"": 0.5, ""sexist"": 0.5}","{""ideological_inequality"": 0.16666666666666666, ""stereotyping_dominance"": 0.3333333333333333, ""objectification"": 0.16666666666666666, ""sexual_violence"": 0.0, ""misogyny_non_sexual_violence"": 0.0}",@EduWaltzChuka It’s her prerogative how she spends her money. It’s difficult for a woman to assume responsibility for you financially.,@EduWaltzChuka It’s his prerogative how he spends his money. It’s difficult for a man to assume responsibility for you financially.,False,True,True,False,False,True,ambiguous 'her' -> 'his' (POS heuristic); ambiguous 'her' -> 'his' (POS heuristic),4,SHIFTING,sexist + woman-focused gendered token swapped; construct likely shifts (author adjudication),True,,
203084,stereotyping_dominance,low,"{""not_sexist"": 0.5, ""sexist"": 0.5}","{""ideological_inequality"": 0.16666666666666666, ""stereotyping_dominance"": 0.3333333333333333, ""objectification"": 0.0, ""sexual_violence"": 0.0, ""misogyny_non_sexual_violence"": 0.0}",@Brezia_Tomson @missy_steak Women have to still live with them… only men can understand their humor 🤣😃,@Brezia_Tomson @missy_steak Men have to still live with them… only women can understand their humor 🤣😃,False,True,True,True,False,False,,2,SHIFTING,sexist + woman-focused gendered token swapped; construct likely shifts (author adjudication),True,,
200248,stereotyping_dominance,low,"{""not_sexist"": 0.5, ""sexist"": 0.5}","{""ideological_inequality"": 0.16666666666666666, ""stereotyping_dominance"": 0.3333333333333333, ""objectification"": 0.0, ""sexual_violence"": 0.0, ""misogyny_non_sexual_violence"": 0.0}",@AlexeiRomanov13 @MAIDENHEAD @theresamay @GBNEWS @RTUKnews It's centuries of white western androcentrism. Does this not make you pissed?,@AlexeiRomanov13 @MAIDENHEAD @theresamay @GBNEWS @RTUKnews It's centuries of white western androcentrism. Does this not make you pissed?,False,False,False,False,True,False,,0,UNSWAPPABLE,no swappable gendered token (excluded from partition),False,,
202342,stereotyping_dominance,low,"{""not_sexist"": 0.5, ""sexist"": 0.5}","{""ideological_inequality"": 0.16666666666666666, ""stereotyping_dominance"": 0.3333333333333333, ""objectification"": 0.0, ""sexual_violence"": 0.0, ""misogyny_non_sexual_violence"": 0.0}","@seulwiz Ariana uses the HS method of hinting she could be unlabled and everyone is obsessed with that. ""We have to normalise them not talking about their sexuality bc it normalises the community"" ok arinanaxstyles420 but hear me out some people are just straight.","@seulwiz Ariana uses the HS method of hinting he could be unlabled and everyone is obsessed with that. ""We have to normalise them not talking about their sexuality bc it normalises the community"" ok arinanaxstyles420 but hear me out some people are just straight.",False,True,True,False,False,False,,1,SHIFTING,sexist + woman-focused gendered token swapped; construct likely shifts (author adjudication),True,,
202549,stereotyping_dominance,low,"{""not_sexist"": 0.5, ""sexist"": 0.5}","{""ideological_inequality"": 0.0, ""stereotyping_dominance"": 0.16666666666666666, ""objectification"": 0.16666666666666666, ""sexual_violence"": 0.16666666666666666, ""misogyny_non_sexual_violence"": 0.0}",Only spank women who ask to be.Consent... is sweeter. https://t.co/iuPrEeIF0c,Only spank men who ask to be.Consent... is sweeter. https://t.co/iuPrEeIF0c,False,True,True,False,False,False,,1,SHIFTING,sexist + woman-focused gendered token swapped; construct likely shifts (author adjudication),True,,
200012,stereotyping_dominance,low,"{""not_sexist"": 0.5, ""sexist"": 0.5}","{""ideological_inequality"": 0.16666666666666666, ""stereotyping_dominance"": 0.3333333333333333, ""objectification"": 0.0, ""sexual_violence"": 0.0, ""misogyny_non_sexual_violence"": 0.16666666666666666}",I actually had an email from Liz Truss today. She's living the dream. #everydaysexismhttps://t.co/W1YKdKhAu8,I actually had an email from Liz Truss today. He's living the dream. #everydaysexismhttps://t.co/W1YKdKhAu8,False,True,True,False,False,False,,1,SHIFTING,sexist + woman-focused gendered token swapped; construct likely shifts (author adjudication),True,,
400309,objectification,high,"{""not_sexist"": 0.16666666666666663, ""sexist"": 0.8333333333333334}","{""ideological_inequality"": 0.3333333333333333, ""stereotyping_dominance"": 0.3333333333333333, ""objectification"": 0.6666666666666666, ""sexual_violence"": 0.16666666666666666, ""misogyny_non_sexual_violence"": 0.16666666666666666}","Freud claims girls have a dicklet. The clitoris has phallic significance. Phallocentrism reduces even female genitalia to the Phallus. The other parts of the vagina, the clit, and more constitute the plurality of female sexuality. The clit coexists with non-phallic body parts.","Freud claims boys have a dicklet. The clitoris has phallic significance. Phallocentrism reduces even female genitalia to the Phallus. The other parts of the vagina, the clit, and more constitute the plurality of female sexuality. The clit coexists with non-phallic body parts.",False,True,True,False,False,False,,1,SHIFTING,sexist + woman-focused gendered token swapped; construct likely shifts (author adjudication),True,,
200178,objectification,high,"{""not_sexist"": 0.8333333333333334, ""sexist"": 0.16666666666666666}","{""ideological_inequality"": 0.0, ""stereotyping_dominance"": 0.0, ""objectification"": 0.16666666666666666, ""sexual_violence"": 0.16666666666666666, ""misogyny_non_sexual_violence"": 0.0}",Womensday 1@aboutlastnitexx @Nope_No_way_FU @MellyAwe @PuckinSassPot @CrossFitGoddess @Crazy_ButCute2 @Taylorr1114 @TheSuccuBish @MistyYo72777051 @TheBexecutioner @HTXpuckprincess @Kenzie7187 @CoreKittyBayBay @j13_pineapple @JetBomb25 @HeatherDM4 @Envious_Rebel85 @nikki_420woman https://t.co/htgFRSxHGf,Womensday 1@aboutlastnitexx @Nope_No_way_FU @MellyAwe @PuckinSassPot @CrossFitGoddess @Crazy_ButCute2 @Taylorr1114 @TheSuccuBish @MistyYo72777051 @TheBexecutioner @HTXpuckprincess @Kenzie7187 @CoreKittyBayBay @j13_pineapple @JetBomb25 @HeatherDM4 @Envious_Rebel85 @nikki_420woman https://t.co/htgFRSxHGf,False,False,False,False,True,False,,0,UNSWAPPABLE,no swappable gendered token (excluded from partition),False,,
200772,objectification,high,"{""not_sexist"": 0.8333333333333334, ""sexist"": 0.16666666666666666}","{""ideological_inequality"": 0.0, ""stereotyping_dominance"": 0.0, ""objectification"": 0.16666666666666666, ""sexual_violence"": 0.0, ""misogyny_non_sexual_violence"": 0.0}",Game Changer. No discrimination like @MerrillLynch and the rest of these firms that won’t talk to young black kids about stocks. https://t.co/FjzBTV0iF5,Game Changer. No discrimination like @MerrillLynch and the rest of these firms that won’t talk to young black kids about stocks. https://t.co/FjzBTV0iF5,False,False,False,False,True,False,,0,UNSWAPPABLE,no swappable gendered token (excluded from partition),False,,
200819,objectification,high,"{""not_sexist"": 0.8333333333333334, ""sexist"": 0.16666666666666666}","{""ideological_inequality"": 0.0, ""stereotyping_dominance"": 0.0, ""objectification"": 0.16666666666666666, ""sexual_violence"": 0.0, ""misogyny_non_sexual_violence"": 0.16666666666666666}",@Seahawks  how the fuck can you BLOW a 24-9 lead at the half.  Fuckin atrocious.  Honestly embarrassed.,@Seahawks  how the fuck can you BLOW a 24-9 lead at the half.  Fuckin atrocious.  Honestly embarrassed.,False,False,False,False,True,False,,0,UNSWAPPABLE,no swappable gendered token (excluded from partition),False,,
200410,objectification,high,"{""not_sexist"": 0.16666666666666663, ""sexist"": 0.8333333333333334}","{""ideological_inequality"": 0.16666666666666666, ""stereotyping_dominance"": 0.3333333333333333, ""objectification"": 0.6666666666666666, ""sexual_violence"": 0.16666666666666666, ""misogyny_non_sexual_violence"": 0.16666666666666666}",I just caught my bitch cheating and I’m too playa to tell her what I just peeped 😂😂😂,I just caught my bitch cheating and I’m too playa to tell his what I just peeped 😂😂😂,False,True,True,False,False,True,ambiguous 'her' -> 'his' (POS heuristic),1,SHIFTING,sexist + woman-focused gendered token swapped; construct likely shifts (author adjudication),True,,
200950,objectification,high,"{""not_sexist"": 0.8333333333333334, ""sexist"": 0.16666666666666666}","{""ideological_inequality"": 0.0, ""stereotyping_dominance"": 0.0, ""objectification"": 0.16666666666666666, ""sexual_violence"": 0.0, ""misogyny_non_sexual_violence"": 0.0}","@PeterCurtin4 @SonnyBunch @dandrezner But this is professional journalism, not someone being twee to entertain their friends. This is something strange; I can't figure out whether it's condescension or exoticization or what, but it's not normal.","@PeterCurtin4 @SonnyBunch @dandrezner But this is professional journalism, not someone being twee to entertain their friends. This is something strange; I can't figure out whether it's condescension or exoticization or what, but it's not normal.",False,False,False,False,True,False,,0,UNSWAPPABLE,no swappable gendered token (excluded from partition),False,,
201270,objectification,high,"{""not_sexist"": 0.8333333333333334, ""sexist"": 0.16666666666666666}","{""ideological_inequality"": 0.0, ""stereotyping_dominance"": 0.0, ""objectification"": 0.16666666666666666, ""sexual_violence"": 0.0, ""misogyny_non_sexual_violence"": 0.0}",@aroyooniverse People need to understand that gender expression ≠ gender identity. Dressing in a gender nonconforming fashion doesn’t make a person gender fluid 🥴,@aroyooniverse People need to understand that gender expression ≠ gender identity. Dressing in a gender nonconforming fashion doesn’t make a person gender fluid 🥴,False,False,False,False,True,False,,0,UNSWAPPABLE,no swappable gendered token (excluded from partition),False,,
202704,objectification,high,"{""not_sexist"": 0.0, ""sexist"": 1.0}","{""ideological_inequality"": 0.0, ""stereotyping_dominance"": 0.16666666666666666, ""objectification"": 0.8333333333333334, ""sexual_violence"": 0.3333333333333333, ""misogyny_non_sexual_violence"": 0.16666666666666666}","@themikiblue World class, elite level, epic tits on a gorgeous woman with dark hair &amp; dark eyes does not get any better than this","@themikiblue World class, elite level, epic tits on a gorgeous man with dark hair &amp; dark eyes does not get any better than this",False,True,True,False,False,False,,1,SHIFTING,sexist + woman-focused gendered token swapped; construct likely shifts (author adjudication),True,,
203184,objectification,high,"{""not_sexist"": 0.16666666666666663, ""sexist"": 0.8333333333333334}","{""ideological_inequality"": 0.16666666666666666, ""stereotyping_dominance"": 0.16666666666666666, ""objectification"": 0.5, ""sexual_violence"": 0.16666666666666666, ""misogyny_non_sexual_violence"": 0.16666666666666666}",Imagine doing this plus more for ya woman to play you and make you look like a bitch to millions of ppl on social media https://t.co/D8CZh9QwH4,Imagine doing this plus more for ya man to play you and make you look like a bitch to millions of ppl on social media https://t.co/D8CZh9QwH4,False,True,True,False,False,False,,1,SHIFTING,sexist + woman-focused gendered token swapped; construct likely shifts (author adjudication),True,,
200649,objectification,high,"{""not_sexist"": 0.0, ""sexist"": 1.0}","{""ideological_inequality"": 0.16666666666666666, ""stereotyping_dominance"": 0.0, ""objectification"": 0.5, ""sexual_violence"": 0.5, ""misogyny_non_sexual_violence"": 0.16666666666666666}",@amypson Why am I getting daily messages from you you cock tease brute I don't even want to see you lol,@amypson Why am I getting daily messages from you you cock tease brute I don't even want to see you lol,False,False,False,False,True,False,,0,UNSWAPPABLE,no swappable gendered token (excluded from partition),False,,
201011,objectification,high,"{""not_sexist"": 0.16666666666666663, ""sexist"": 0.8333333333333334}","{""ideological_inequality"": 0.3333333333333333, ""stereotyping_dominance"": 0.16666666666666666, ""objectification"": 0.6666666666666666, ""sexual_violence"": 0.0, ""misogyny_non_sexual_violence"": 0.16666666666666666}","@TBArts_ For me it’s suguha from SAO. Love her and Leafa but again, SAO can fffffffuck offAnother is Sol Marron. She maybe a crazy feminazi lesbian but good lord she’s hot. But she’s also in a shitty series like Black Clover","@TBArts_ For me it’s suguha from SAO. Love him and Leafa but again, SAO can fffffffuck offAnother is Sol Marron. He maybe a crazy feminazi lesbian but good lord he’s hot. But he’s also in a shitty series like Black Clover",False,True,True,False,False,True,ambiguous 'her' -> 'him' (POS heuristic),4,SHIFTING,sexist + woman-focused gendered token swapped; construct likely shifts (author adjudication),True,,
202469,objectification,high,"{""not_sexist"": 0.16666666666666663, ""sexist"": 0.8333333333333334}","{""ideological_inequality"": 0.0, ""stereotyping_dominance"": 0.0, ""objectification"": 0.3333333333333333, ""sexual_violence"": 0.3333333333333333, ""misogyny_non_sexual_violence"": 0.16666666666666666}",@zeinahhhhh ull get lotta of slut shaming and for nth😩,@zeinahhhhh ull get lotta of slut shaming and for nth😩,False,False,False,False,True,False,,0,UNSWAPPABLE,no swappable gendered token (excluded from partition),False,,
400373,objectification,high,"{""not_sexist"": 0.16666666666666663, ""sexist"": 0.8333333333333334}","{""ideological_inequality"": 0.0, ""stereotyping_dominance"": 0.16666666666666666, ""objectification"": 0.5, ""sexual_violence"": 0.16666666666666666, ""misogyny_non_sexual_violence"": 0.5}",jealous plss TALK ABOUT HIS NEW ALBUM U WRINKLY SLUTBAG,jealous plss TALK ABOUT HER NEW ALBUM U WRINKLY SLUTBAG,False,True,False,True,False,True,ambiguous 'his' -> 'her' (POS heuristic),1,SHIFTING,sexist + woman-focused gendered token swapped; construct likely shifts (author adjudication),True,,
202664,objectification,mixed,"{""not_sexist"": 0.6666666666666667, ""sexist"": 0.3333333333333333}","{""ideological_inequality"": 0.0, ""stereotyping_dominance"": 0.0, ""objectification"": 0.3333333333333333, ""sexual_violence"": 0.0, ""misogyny_non_sexual_violence"": 0.0}","the confidence, the gaze and the stance im so in love y'all don't understand https://t.co/wOn3duZIcR","the confidence, the gaze and the stance im so in love y'all don't understand https://t.co/wOn3duZIcR",False,False,False,False,True,False,,0,UNSWAPPABLE,no swappable gendered token (excluded from partition),False,,
202954,objectification,mixed,"{""not_sexist"": 0.33333333333333337, ""sexist"": 0.6666666666666666}","{""ideological_inequality"": 0.16666666666666666, ""stereotyping_dominance"": 0.16666666666666666, ""objectification"": 0.3333333333333333, ""sexual_violence"": 0.3333333333333333, ""misogyny_non_sexual_violence"": 0.3333333333333333}",“All those are girls are fucking idiots for not taking you.”This woman is fucking amazing.,“All those are boys are fucking idiots for not taking you.”This man is fucking amazing.,False,True,True,False,False,False,,2,SHIFTING,sexist + woman-focused gendered token swapped; construct likely shifts (author adjudication),True,,
200462,objectification,mixed,"{""not_sexist"": 0.6666666666666667, ""sexist"": 0.3333333333333333}","{""ideological_inequality"": 0.16666666666666666, ""stereotyping_dominance"": 0.0, ""objectification"": 0.3333333333333333, ""sexual_violence"": 0.0, ""misogyny_non_sexual_violence"": 0.0}","Grown men wanna baby me &amp; thats cute. Or the thought of it is cute, but once I start really requiring shit.. its crickets. No one has anything to dish out. Ion got time. Im legit a boss baby, move.","Grown women wanna baby me &amp; thats cute. Or the thought of it is cute, but once I start really requiring shit.. its crickets. No one has anything to dish out. Ion got time. Im legit a boss baby, move.",False,True,False,True,False,False,,1,INVARIANT,majority not-sexist; label stays not-sexist under swap,False,,
200966,objectification,mixed,"{""not_sexist"": 0.6666666666666667, ""sexist"": 0.3333333333333333}","{""ideological_inequality"": 0.0, ""stereotyping_dominance"": 0.0, ""objectification"": 0.3333333333333333, ""sexual_violence"": 0.0, ""misogyny_non_sexual_violence"": 0.0}","@riyaz_samji can’t believe ur gone so soon… this wonderful man lost his life to save his fiance, such a gentleman and forever a hero, RIP my honorary brown brother, hope you’re hitting those fat doinks in heaven 🙏🙏🙏 gone too soon 😞","@riyaz_samji can’t believe ur gone so soon… this wonderful woman lost her life to save her fiance, such a lady and forever a hero, RIP my honorary brown sister, hope you’re hitting those fat doinks in heaven 🙏🙏🙏 gone too soon 😞",False,True,False,True,False,True,ambiguous 'his' -> 'her' (POS heuristic); ambiguous 'his' -> 'her' (POS heuristic),5,INVARIANT,majority not-sexist; label stays not-sexist under swap,False,,
201953,objectification,mixed,"{""not_sexist"": 0.6666666666666667, ""sexist"": 0.3333333333333333}","{""ideological_inequality"": 0.0, ""stereotyping_dominance"": 0.0, ""objectification"": 0.16666666666666666, ""sexual_violence"": 0.16666666666666666, ""misogyny_non_sexual_violence"": 0.16666666666666666}",The film addressing structural problem in our patriarchal societies &amp; how it affects our view towards sexual abuse victims &amp; women in general.Whats worse is how close it hits home. I need to know how Been filmed the scene. Such an intense experience to go through. https://t.co/p8KVVIocHY,The film addressing structural problem in our patriarchal societies &amp; how it affects our view towards sexual abuse victims &amp; men in general.Whats worse is how close it hits home. I need to know how Been filmed the scene. Such an intense experience to go through. https://t.co/p8KVVIocHY,False,True,True,False,False,False,,1,INVARIANT,majority not-sexist; label stays not-sexist under swap,False,,
202150,objectification,mixed,"{""not_sexist"": 0.33333333333333337, ""sexist"": 0.6666666666666666}","{""ideological_inequality"": 0.16666666666666666, ""stereotyping_dominance"": 0.16666666666666666, ""objectification"": 0.3333333333333333, ""sexual_violence"": 0.0, ""misogyny_non_sexual_violence"": 0.0}","@TonstaRecords @prttygyalvibes Because the last time I checked, the same very same men (blk men) that impregnate blk women are the same men that get exoticals and non blk women pregnant and make them single mothers too. I done answered my own damn question. Smh.","@TonstaRecords @prttygyalvibes Because the last time I checked, the same very same women (blk women) that impregnate blk men are the same women that get exoticals and non blk men pregnant and make them single mothers too. I done answered my own damn question. Smh.",False,True,True,True,False,False,,5,SHIFTING,sexist + woman-focused gendered token swapped; construct likely shifts (author adjudication),True,,
202038,objectification,mixed,"{""not_sexist"": 0.33333333333333337, ""sexist"": 0.6666666666666666}","{""ideological_inequality"": 0.0, ""stereotyping_dominance"": 0.0, ""objectification"": 0.3333333333333333, ""sexual_violence"": 0.3333333333333333, ""misogyny_non_sexual_violence"": 0.0}","Penis envy, larger than Stelter’s forehead. Love to see it. https://t.co/zhDzVDNP4n","Penis envy, larger than Stelter’s forehead. Love to see it. https://t.co/zhDzVDNP4n",False,False,False,False,True,False,,0,UNSWAPPABLE,no swappable gendered token (excluded from partition),False,,
203236,objectification,mixed,"{""not_sexist"": 0.33333333333333337, ""sexist"": 0.6666666666666666}","{""ideological_inequality"": 0.16666666666666666, ""stereotyping_dominance"": 0.16666666666666666, ""objectification"": 0.6666666666666666, ""sexual_violence"": 0.3333333333333333, ""misogyny_non_sexual_violence"": 0.0}",Your black ski mask looks absolutely amazing...you look like a prostitute held hostage 😍 https://t.co/Ayj72KKFzf,Your black ski mask looks absolutely amazing...you look like a prostitute held hostage 😍 https://t.co/Ayj72KKFzf,False,False,False,False,True,False,,0,UNSWAPPABLE,no swappable gendered token (excluded from partition),False,,
203059,objectification,mixed,"{""not_sexist"": 0.6666666666666667, ""sexist"": 0.3333333333333333}","{""ideological_inequality"": 0.0, ""stereotyping_dominance"": 0.0, ""objectification"": 0.16666666666666666, ""sexual_violence"": 0.0, ""misogyny_non_sexual_violence"": 0.16666666666666666}",@sekartweets @maahemaha1998 @CMOTamilnadu Such a foul language and utter shameful remarks on women. Don't know how they see their sister/mother with such mindset. #ArrestPlipPlip #Annaatthe,@sekartweets @maahemaha1998 @CMOTamilnadu Such a foul language and utter shameful remarks on men. Don't know how they see their brother/father with such mindset. #ArrestPlipPlip #Annaatthe,False,True,True,False,False,False,,3,INVARIANT,majority not-sexist; label stays not-sexist under swap,False,,
202397,objectification,mixed,"{""not_sexist"": 0.33333333333333337, ""sexist"": 0.6666666666666666}","{""ideological_inequality"": 0.0, ""stereotyping_dominance"": 0.3333333333333333, ""objectification"": 0.5, ""sexual_violence"": 0.16666666666666666, ""misogyny_non_sexual_violence"": 0.5}",Not a fan of the guy but gotta give him credit. Genius work Aubrey. Can’t impregnate a skank. https://t.co/Mw1HsNioQS,Not a fan of the guy but gotta give him credit. Genius work Aubrey. Can’t impregnate a skank. https://t.co/Mw1HsNioQS,False,False,False,False,True,False,,0,UNSWAPPABLE,no swappable gendered token (excluded from partition),False,,
202555,objectification,mixed,"{""not_sexist"": 0.33333333333333337, ""sexist"": 0.6666666666666666}","{""ideological_inequality"": 0.0, ""stereotyping_dominance"": 0.16666666666666666, ""objectification"": 0.6666666666666666, ""sexual_violence"": 0.3333333333333333, ""misogyny_non_sexual_violence"": 0.0}","@ImSpeaking13 So transparent what Josh Hawley is going for, he and the right really want things to go back to when it was cool to spank women in the office, and make it ok for their dear leader to brag about grabbing women by the p***y. There are words for these people: creep, rapist, etc...","@ImSpeaking13 So transparent what Josh Hawley is going for, she and the right really want things to go back to when it was cool to spank men in the office, and make it ok for their dear leader to brag about grabbing men by the p***y. There are words for these people: creep, rapist, etc...",False,True,True,True,False,False,,3,SHIFTING,sexist + woman-focused gendered token swapped; construct likely shifts (author adjudication),True,,
201460,objectification,mixed,"{""not_sexist"": 0.33333333333333337, ""sexist"": 0.6666666666666666}","{""ideological_inequality"": 0.0, ""stereotyping_dominance"": 0.3333333333333333, ""objectification"": 0.5, ""sexual_violence"": 0.0, ""misogyny_non_sexual_violence"": 0.16666666666666666}",Having thighs and hips dnt be it when u can’t fit ya clothes no more 😒,Having thighs and hips dnt be it when u can’t fit ya clothes no more 😒,False,False,False,False,True,False,,0,UNSWAPPABLE,no swappable gendered token (excluded from partition),False,,
202421,objectification,mixed,"{""not_sexist"": 0.6666666666666667, ""sexist"": 0.3333333333333333}","{""ideological_inequality"": 0.0, ""stereotyping_dominance"": 0.0, ""objectification"": 0.16666666666666666, ""sexual_violence"": 0.16666666666666666, ""misogyny_non_sexual_violence"": 0.0}",I can't see this meme anymore it's pissing me off I want to slap them 🤺🤺 https://t.co/uxz9nSkcSi,I can't see this meme anymore it's pissing me off I want to slap them 🤺🤺 https://t.co/uxz9nSkcSi,False,False,False,False,True,False,,0,UNSWAPPABLE,no swappable gendered token (excluded from partition),False,,
200440,objectification,low,"{""not_sexist"": 0.5, ""sexist"": 0.5}","{""ideological_inequality"": 0.16666666666666666, ""stereotyping_dominance"": 0.0, ""objectification"": 0.3333333333333333, ""sexual_violence"": 0.0, ""misogyny_non_sexual_violence"": 0.16666666666666666}","When @iamcardib said, “You don’t even cheat with no bad bitches!” 😮‍💨 still gets me","When @iamcardib said, “You don’t even cheat with no bad bitches!” 😮‍💨 still gets me",False,False,False,False,True,False,,0,UNSWAPPABLE,no swappable gendered token (excluded from partition),False,,
201948,objectification,low,"{""not_sexist"": 0.5, ""sexist"": 0.5}","{""ideological_inequality"": 0.0, ""stereotyping_dominance"": 0.16666666666666666, ""objectification"": 0.3333333333333333, ""sexual_violence"": 0.0, ""misogyny_non_sexual_violence"": 0.0}","Me: I want to have a wedding and spend the absolute least amount possible because it’s a patriarchal capitalist scheme but I wanna feel like a damn princess with my love for a very special day. Also me: I want this $4,000 couch.The couch ships in 5 weeks. Priorities.","Me: I want to have a wedding and spend the absolute least amount possible because it’s a patriarchal capitalist scheme but I wanna feel like a damn princess with my love for a very special day. Also me: I want this $4,000 couch.The couch ships in 5 weeks. Priorities.",False,False,False,False,True,False,,0,UNSWAPPABLE,no swappable gendered token (excluded from partition),False,,
200650,objectification,low,"{""not_sexist"": 0.5, ""sexist"": 0.5}","{""ideological_inequality"": 0.0, ""stereotyping_dominance"": 0.0, ""objectification"": 0.3333333333333333, ""sexual_violence"": 0.0, ""misogyny_non_sexual_violence"": 0.16666666666666666}",That 3-0 start was the biggest cock tease of the season. Should have read between the lines when they barely beat backup QB Jacoby Brissett.  Now they're getting their asses handed to them by a far superior defense and a rookie QB.  Pathetic.  #Raiders #RaiderNation #CHIvsLV,That 3-0 start was the biggest cock tease of the season. Should have read between the lines when they barely beat backup QB Jacoby Brissett.  Now they're getting their asses handed to them by a far superior defense and a rookie QB.  Pathetic.  #Raiders #RaiderNation #CHIvsLV,False,False,False,False,True,False,,0,UNSWAPPABLE,no swappable gendered token (excluded from partition),False,,
200080,objectification,low,"{""not_sexist"": 0.5, ""sexist"": 0.5}","{""ideological_inequality"": 0.16666666666666666, ""stereotyping_dominance"": 0.16666666666666666, ""objectification"": 0.3333333333333333, ""sexual_violence"": 0.0, ""misogyny_non_sexual_violence"": 0.16666666666666666}","@itsallbollocks @hunkybloodydory We ALL do Steph. It's 1.01 black pill, MGTOW incel 21st century ""Bro's Before Ho's"" playbook chapter one dating survival guideDON'T go into DETAIL about the TASTE of the WAAAAAATER. It's an Argument Starter!","@itsallbollocks @hunkybloodydory We ALL do Steph. It's 1.01 black pill, MGTOW incel 21st century ""Bro's Before Ho's"" playbook chapter one dating survival guideDON'T go into DETAIL about the TASTE of the WAAAAAATER. It's an Argument Starter!",False,False,False,False,True,False,,0,UNSWAPPABLE,no swappable gendered token (excluded from partition),False,,
202494,objectification,low,"{""not_sexist"": 0.5, ""sexist"": 0.5}","{""ideological_inequality"": 0.0, ""stereotyping_dominance"": 0.16666666666666666, ""objectification"": 0.3333333333333333, ""sexual_violence"": 0.16666666666666666, ""misogyny_non_sexual_violence"": 0.0}",I got: Clowny    https://t.co/58y1pWKzAg       I want to be this clowney's slutbag. frobbing. Veni  dick,I got: Clowny    https://t.co/58y1pWKzAg       I want to be this clowney's slutbag. frobbing. Veni  dick,False,False,False,False,True,False,,0,UNSWAPPABLE,no swappable gendered token (excluded from partition),False,,
202561,objectification,low,"{""not_sexist"": 0.5, ""sexist"": 0.5}","{""ideological_inequality"": 0.16666666666666666, ""stereotyping_dominance"": 0.0, ""objectification"": 0.5, ""sexual_violence"": 0.16666666666666666, ""misogyny_non_sexual_violence"": 0.0}",@DwarfFortBugs terrible stereotyping of camel humps. also of necrosis-inducing weather. have you people no shame?,@DwarfFortBugs terrible stereotyping of camel humps. also of necrosis-inducing weather. have you people no shame?,False,False,False,False,True,False,,0,UNSWAPPABLE,no swappable gendered token (excluded from partition),False,,
203183,objectification,low,"{""not_sexist"": 0.5, ""sexist"": 0.5}","{""ideological_inequality"": 0.16666666666666666, ""stereotyping_dominance"": 0.16666666666666666, ""objectification"": 0.3333333333333333, ""sexual_violence"": 0.0, ""misogyny_non_sexual_violence"": 0.16666666666666666}",@TPopoca And you speak like a bitch you look like a bitch you are a bitch bro why do you hate on your team yeah they make mistakes but they get the job done no need to rip on somebody who is under the most pressure of their life and when the Dodgers win it all you are going to be the one,@TPopoca And you speak like a bitch you look like a bitch you are a bitch bro why do you hate on your team yeah they make mistakes but they get the job done no need to rip on somebody who is under the most pressure of their life and when the Dodgers win it all you are going to be the one,False,False,False,False,True,False,,0,UNSWAPPABLE,no swappable gendered token (excluded from partition),False,,
202783,objectification,low,"{""not_sexist"": 0.5, ""sexist"": 0.5}","{""ideological_inequality"": 0.0, ""stereotyping_dominance"": 0.0, ""objectification"": 0.5, ""sexual_violence"": 0.0, ""misogyny_non_sexual_violence"": 0.0}",I wish i never started wearing lashes cause i done got to the point where i feel ugly without them,I wish i never started wearing lashes cause i done got to the point where i feel ugly without them,False,False,False,False,True,False,,0,UNSWAPPABLE,no swappable gendered token (excluded from partition),False,,
202706,objectification,low,"{""not_sexist"": 0.5, ""sexist"": 0.5}","{""ideological_inequality"": 0.0, ""stereotyping_dominance"": 0.0, ""objectification"": 0.3333333333333333, ""sexual_violence"": 0.16666666666666666, ""misogyny_non_sexual_violence"": 0.0}",@Heels_Desires He probably hasn't seen a girl naked up close before.  Your tits are perfect.,@Heels_Desires She probably hasn't seen a boy naked up close before.  Your tits are perfect.,False,True,True,True,False,False,,2,SHIFTING,sexist + woman-focused gendered token swapped; construct likely shifts (author adjudication),True,,
201651,objectification,low,"{""not_sexist"": 0.5, ""sexist"": 0.5}","{""ideological_inequality"": 0.16666666666666666, ""stereotyping_dominance"": 0.16666666666666666, ""objectification"": 0.3333333333333333, ""sexual_violence"": 0.0, ""misogyny_non_sexual_violence"": 0.16666666666666666}","Ford has one of my favorite lines ever in a movie in WORKING GIRL: ""You're the first woman I've seen at one of these things who dresses like a woman, not the way a woman thinks a man would dress if he was a woman."" (to Melanie Griffith who goes to a cocktail party in a dress)","Ford has one of my favorite lines ever in a movie in WORKING BOY: ""You're the first man I've seen at one of these things who dresses like a man, not the way a man thinks a woman would dress if she was a man."" (to Melanie Griffith who goes to a cocktail party in a dress)",False,True,True,True,False,False,,7,SHIFTING,sexist + woman-focused gendered token swapped; construct likely shifts (author adjudication),True,,
203211,objectification,low,"{""not_sexist"": 0.5, ""sexist"": 0.5}","{""ideological_inequality"": 0.0, ""stereotyping_dominance"": 0.0, ""objectification"": 0.3333333333333333, ""sexual_violence"": 0.16666666666666666, ""misogyny_non_sexual_violence"": 0.16666666666666666}","@deb_gartner @elonmusk No, we are referring to the 10% that makes you look like a cunt.","@deb_gartner @elonmusk No, we are referring to the 10% that makes you look like a cunt.",False,False,False,False,True,False,,0,UNSWAPPABLE,no swappable gendered token (excluded from partition),False,,
203217,objectification,low,"{""not_sexist"": 0.5, ""sexist"": 0.5}","{""ideological_inequality"": 0.0, ""stereotyping_dominance"": 0.16666666666666666, ""objectification"": 0.5, ""sexual_violence"": 0.16666666666666666, ""misogyny_non_sexual_violence"": 0.0}",Wafc honest take of today…….long ball side doesn’t work. Max Power is a massive shithouse and that’s great if you’re on top but if you’re not then you look like a cunt. And Power didn’t dominate anything: he was the most negative player on the pitch #wafc,Wafc honest take of today…….long ball side doesn’t work. Max Power is a massive shithouse and that’s great if you’re on top but if you’re not then you look like a cunt. And Power didn’t dominate anything: she was the most negative player on the pitch #wafc,False,True,False,True,False,False,,1,SHIFTING,sexist + woman-focused gendered token swapped; construct likely shifts (author adjudication),True,,
201123,objectification,low,"{""not_sexist"": 0.5, ""sexist"": 0.5}","{""ideological_inequality"": 0.0, ""stereotyping_dominance"": 0.0, ""objectification"": 0.5, ""sexual_violence"": 0.0, ""misogyny_non_sexual_violence"": 0.0}","Don't leave a girl u need the most, for a girl u want.","Don't leave a boy u need the most, for a boy u want.",False,True,True,False,False,False,,2,SHIFTING,sexist + woman-focused gendered token swapped; construct likely shifts (author adjudication),True,,
200546,sexual_violence,high,"{""not_sexist"": 0.8333333333333334, ""sexist"": 0.16666666666666666}","{""ideological_inequality"": 0.0, ""stereotyping_dominance"": 0.0, ""objectification"": 0.0, ""sexual_violence"": 0.16666666666666666, ""misogyny_non_sexual_violence"": 0.0}",need to get ambie a character sheet in his canon glam… i have this screenshot one but it’s missing vital traits like his big arms and his huge ass https://t.co/1BskeQEwwc,need to get ambie a character sheet in her canon glam… i have this screenshot one but it’s missing vital traits like her big arms and her huge ass https://t.co/1BskeQEwwc,False,True,False,True,False,True,ambiguous 'his' -> 'her' (POS heuristic); ambiguous 'his' -> 'her' (POS heuristic); ambiguous 'his' -> 'her' (POS heuristic),3,INVARIANT,majority not-sexist; label stays not-sexist under swap,False,,
201234,sexual_violence,high,"{""not_sexist"": 0.0, ""sexist"": 1.0}","{""ideological_inequality"": 0.0, ""stereotyping_dominance"": 0.0, ""objectification"": 0.16666666666666666, ""sexual_violence"": 1.0, ""misogyny_non_sexual_violence"": 0.0}",@IaintNOmuggleHO @hotebonynicole YES! All I want is a Beautiful Black Wife who loves to get gangbanged like this! DREAM MARRIAGE!,@IaintNOmuggleHO @hotebonynicole YES! All I want is a Beautiful Black Husband who loves to get gangbanged like this! DREAM MARRIAGE!,False,True,True,False,False,False,,1,SHIFTING,sexist + woman-focused gendered token swapped; construct likely shifts (author adjudication),True,,
203075,sexual_violence,high,"{""not_sexist"": 0.0, ""sexist"": 1.0}","{""ideological_inequality"": 0.16666666666666666, ""stereotyping_dominance"": 0.0, ""objectification"": 0.3333333333333333, ""sexual_violence"": 0.6666666666666666, ""misogyny_non_sexual_violence"": 0.16666666666666666}",@Breaking911 What a disgusting low life turkey. To misuse and abuse authority to pressure women for sex. He should be jailed for a very long time and never allowed to disgrace a police uniform again. He's the worse.,@Breaking911 What a disgusting low life turkey. To misuse and abuse authority to pressure men for sex. She should be jailed for a very long time and never allowed to disgrace a police uniform again. She's the worse.,False,True,True,True,False,False,,3,SHIFTING,sexist + woman-focused gendered token swapped; construct likely shifts (author adjudication),True,,
201738,sexual_violence,high,"{""not_sexist"": 0.8333333333333334, ""sexist"": 0.16666666666666666}","{""ideological_inequality"": 0.0, ""stereotyping_dominance"": 0.0, ""objectification"": 0.0, ""sexual_violence"": 0.16666666666666666, ""misogyny_non_sexual_violence"": 0.16666666666666666}","penis feeling so good this afternoon... a slow, long, teasing edging session so far... just making love to penis, giving him whatever he wants! #bateworld @BateWorld #bate #bator #batorlife #batorbro #batorbuddy #masturbator #masturbation #masturbate https://t.co/544V9Fstkr","penis feeling so good this afternoon... a slow, long, teasing edging session so far... just making love to penis, giving him whatever she wants! #bateworld @BateWorld #bate #bator #batorlife #batorbro #batorbuddy #masturbator #masturbation #masturbate https://t.co/544V9Fstkr",False,True,False,True,False,False,,1,INVARIANT,majority not-sexist; label stays not-sexist under swap,False,,
202892,sexual_violence,high,"{""not_sexist"": 0.8333333333333334, ""sexist"": 0.16666666666666666}","{""ideological_inequality"": 0.0, ""stereotyping_dominance"": 0.0, ""objectification"": 0.0, ""sexual_violence"": 0.16666666666666666, ""misogyny_non_sexual_violence"": 0.0}","So, rogue driver but no one available at @parksmotorgroup to  do anything at all. I’m on this in the morning. Bus passengers, demographically, are much more vulnerable than train passengers. There seems to be little duty of care going on.","So, rogue driver but no one available at @parksmotorgroup to  do anything at all. I’m on this in the morning. Bus passengers, demographically, are much more vulnerable than train passengers. There seems to be little duty of care going on.",False,False,False,False,True,False,,0,UNSWAPPABLE,no swappable gendered token (excluded from partition),False,,
200493,sexual_violence,high,"{""not_sexist"": 0.8333333333333334, ""sexist"": 0.16666666666666666}","{""ideological_inequality"": 0.0, ""stereotyping_dominance"": 0.0, ""objectification"": 0.0, ""sexual_violence"": 0.16666666666666666, ""misogyny_non_sexual_violence"": 0.0}",a Thick Mika hourglass expansion for @demonwolf202 get bullied. https://t.co/X4OJEfmNb6,a Thick Mika hourglass expansion for @demonwolf202 get bullied. https://t.co/X4OJEfmNb6,False,False,False,False,True,False,,0,UNSWAPPABLE,no swappable gendered token (excluded from partition),False,,
200622,sexual_violence,high,"{""not_sexist"": 0.8333333333333334, ""sexist"": 0.16666666666666666}","{""ideological_inequality"": 0.0, ""stereotyping_dominance"": 0.0, ""objectification"": 0.0, ""sexual_violence"": 0.16666666666666666, ""misogyny_non_sexual_violence"": 0.0}",Wish sometimes I had access to the ever elusive cock carousel..,Wish sometimes I had access to the ever elusive cock carousel..,False,False,False,False,True,False,,0,UNSWAPPABLE,no swappable gendered token (excluded from partition),False,,
201535,sexual_violence,high,"{""not_sexist"": 0.0, ""sexist"": 1.0}","{""ideological_inequality"": 0.0, ""stereotyping_dominance"": 0.0, ""objectification"": 0.16666666666666666, ""sexual_violence"": 0.8333333333333334, ""misogyny_non_sexual_violence"": 0.16666666666666666}","@Luckycxyhlxy @slutbroadcast U have a nice looking pussy, i would like to fuck it","@Luckycxyhlxy @slutbroadcast U have a nice looking pussy, i would like to fuck it",False,False,False,False,True,False,,0,UNSWAPPABLE,no swappable gendered token (excluded from partition),False,,
202458,sexual_violence,high,"{""not_sexist"": 0.8333333333333334, ""sexist"": 0.16666666666666666}","{""ideological_inequality"": 0.0, ""stereotyping_dominance"": 0.0, ""objectification"": 0.0, ""sexual_violence"": 0.16666666666666666, ""misogyny_non_sexual_violence"": 0.0}",@HajirFT Sadly doesn’t mean anything. Courtois was a habitual chest slapper,@HajirFT Sadly doesn’t mean anything. Courtois was a habitual chest slapper,False,False,False,False,True,False,,0,UNSWAPPABLE,no swappable gendered token (excluded from partition),False,,
202489,sexual_violence,high,"{""not_sexist"": 0.16666666666666663, ""sexist"": 0.8333333333333334}","{""ideological_inequality"": 0.0, ""stereotyping_dominance"": 0.0, ""objectification"": 0.16666666666666666, ""sexual_violence"": 0.6666666666666666, ""misogyny_non_sexual_violence"": 0.16666666666666666}",📢 https://t.co/BmlRkeCFaa ⛓️⛓️⛓️UPDATE 11.9.2021 @DRuffBandit 🦉🕶️ &amp; @MrFinesseNY 🦸🏿‍♂️🍆#INTERRACIAL #ANAL #SLUTBAG #CREAMPIE https://t.co/snuSW3eBul,📢 https://t.co/BmlRkeCFaa ⛓️⛓️⛓️UPDATE 11.9.2021 @DRuffBandit 🦉🕶️ &amp; @MrFinesseNY 🦸🏿‍♂️🍆#INTERRACIAL #ANAL #SLUTBAG #CREAMPIE https://t.co/snuSW3eBul,False,False,False,False,True,False,,0,UNSWAPPABLE,no swappable gendered token (excluded from partition),False,,
202181,sexual_violence,high,"{""not_sexist"": 0.16666666666666663, ""sexist"": 0.8333333333333334}","{""ideological_inequality"": 0.0, ""stereotyping_dominance"": 0.16666666666666666, ""objectification"": 0.3333333333333333, ""sexual_violence"": 0.6666666666666666, ""misogyny_non_sexual_violence"": 0.3333333333333333}","@UncleCreepy Considering the last remake closed with the line ""put her in the rape van."" Im not at all optimistic.","@UncleCreepy Considering the last remake closed with the line ""put him in the rape van."" Im not at all optimistic.",False,True,True,False,False,True,ambiguous 'her' -> 'him' (POS heuristic),1,SHIFTING,sexist + woman-focused gendered token swapped; construct likely shifts (author adjudication),True,,
203228,sexual_violence,high,"{""not_sexist"": 0.0, ""sexist"": 1.0}","{""ideological_inequality"": 0.0, ""stereotyping_dominance"": 0.0, ""objectification"": 0.3333333333333333, ""sexual_violence"": 0.6666666666666666, ""misogyny_non_sexual_violence"": 0.16666666666666666}",@jcmfanclub @JohnCMcGinley No it makes you look like a prostitute that caters specifically to clowns,@jcmfanclub @JohnCMcGinley No it makes you look like a prostitute that caters specifically to clowns,False,False,False,False,True,False,,0,UNSWAPPABLE,no swappable gendered token (excluded from partition),False,,
201537,sexual_violence,high,"{""not_sexist"": 0.0, ""sexist"": 1.0}","{""ideological_inequality"": 0.0, ""stereotyping_dominance"": 0.0, ""objectification"": 0.3333333333333333, ""sexual_violence"": 0.6666666666666666, ""misogyny_non_sexual_violence"": 0.0}",honestly i would like to fuck jordyn jones,honestly i would like to fuck jordyn jones,False,False,False,False,True,False,,0,UNSWAPPABLE,no swappable gendered token (excluded from partition),False,,
200127,sexual_violence,mixed,"{""not_sexist"": 0.6666666666666667, ""sexist"": 0.3333333333333333}","{""ideological_inequality"": 0.0, ""stereotyping_dominance"": 0.0, ""objectification"": 0.16666666666666666, ""sexual_violence"": 0.3333333333333333, ""misogyny_non_sexual_violence"": 0.0}","""Chalk Back: The Girl and Youth-Led Street Art Movement to #StopStreetHarassment"" by Natasha Harris-Harb and Sophie Sandberg. Read here: https://t.co/yVcVAwP9SO #girlhood @SophSandberg https://t.co/MVFM3tOkpf","""Chalk Back: The Boy and Youth-Led Street Art Movement to #StopStreetHarassment"" by Natasha Harris-Harb and Sophie Sandberg. Read here: https://t.co/yVcVAwP9SO #girlhood @SophSandberg https://t.co/MVFM3tOkpf",False,True,True,False,False,False,,1,INVARIANT,majority not-sexist; label stays not-sexist under swap,False,,
400185,sexual_violence,mixed,"{""not_sexist"": 0.6666666666666667, ""sexist"": 0.3333333333333333}","{""ideological_inequality"": 0.0, ""stereotyping_dominance"": 0.0, ""objectification"": 0.16666666666666666, ""sexual_violence"": 0.3333333333333333, ""misogyny_non_sexual_violence"": 0.0}","“I mean I do, but… wouldn’t it be fun to get gangbanged together~?” https://t.co/lNRZ9z53VL","“I mean I do, but… wouldn’t it be fun to get gangbanged together~?” https://t.co/lNRZ9z53VL",False,False,False,False,True,False,,0,UNSWAPPABLE,no swappable gendered token (excluded from partition),False,,
200974,sexual_violence,mixed,"{""not_sexist"": 0.33333333333333337, ""sexist"": 0.6666666666666666}","{""ideological_inequality"": 0.0, ""stereotyping_dominance"": 0.16666666666666666, ""objectification"": 0.3333333333333333, ""sexual_violence"": 0.5, ""misogyny_non_sexual_violence"": 0.0}",@whorefromthe214 My fat ass would get hungry and accidentally taste the little bottle… like no bitch this is a penis not cucumber slices hoe https://t.co/paV1zFj0yQ,@whorefromthe214 My fat ass would get hungry and accidentally taste the little bottle… like no bitch this is a penis not cucumber slices hoe https://t.co/paV1zFj0yQ,False,False,False,False,True,False,,0,UNSWAPPABLE,no swappable gendered token (excluded from partition),False,,
200042,sexual_violence,mixed,"{""not_sexist"": 0.33333333333333337, ""sexist"": 0.6666666666666666}","{""ideological_inequality"": 0.0, ""stereotyping_dominance"": 0.0, ""objectification"": 0.16666666666666666, ""sexual_violence"": 0.6666666666666666, ""misogyny_non_sexual_violence"": 0.16666666666666666}",@CharmedDegen @garddensong argue that you can be sexually harassed online? bc I've had it happen?,@CharmedDegen @garddensong argue that you can be sexually harassed online? bc I've had it happen?,False,False,False,False,True,False,,0,UNSWAPPABLE,no swappable gendered token (excluded from partition),False,,
201540,sexual_violence,mixed,"{""not_sexist"": 0.6666666666666667, ""sexist"": 0.3333333333333333}","{""ideological_inequality"": 0.0, ""stereotyping_dominance"": 0.0, ""objectification"": 0.0, ""sexual_violence"": 0.3333333333333333, ""misogyny_non_sexual_violence"": 0.0}","i look at him and think ""I would like to fuck this man"" https://t.co/rmheVTbblA","i look at him and think ""I would like to fuck this woman"" https://t.co/rmheVTbblA",False,True,False,True,False,False,,1,INVARIANT,majority not-sexist; label stays not-sexist under swap,False,,
400407,sexual_violence,mixed,"{""not_sexist"": 0.33333333333333337, ""sexist"": 0.6666666666666666}","{""ideological_inequality"": 0.0, ""stereotyping_dominance"": 0.0, ""objectification"": 0.3333333333333333, ""sexual_violence"": 0.5, ""misogyny_non_sexual_violence"": 0.16666666666666666}","@TheNon_Nun Never knew you all share tits, how did we stop being pals again yeah ?🌚","@TheNon_Nun Never knew you all share tits, how did we stop being pals again yeah ?🌚",False,False,False,False,True,False,,0,UNSWAPPABLE,no swappable gendered token (excluded from partition),False,,
200237,sexual_violence,mixed,"{""not_sexist"": 0.33333333333333337, ""sexist"": 0.6666666666666666}","{""ideological_inequality"": 0.0, ""stereotyping_dominance"": 0.0, ""objectification"": 0.0, ""sexual_violence"": 0.6666666666666666, ""misogyny_non_sexual_violence"": 0.0}",Smithsonian Tropical Research Institute hit with sex abuse claims https://t.co/8NLgvMfW8k via @MailOnline At least 16 women come forward to allege 'sexual harassment and abuse' at Smithsonian's Tropical Research Institute - which is on an island in the Panama Canal,Smithsonian Tropical Research Institute hit with sex abuse claims https://t.co/8NLgvMfW8k via @MailOnline At least 16 men come forward to allege 'sexual harassment and abuse' at Smithsonian's Tropical Research Institute - which is on an island in the Panama Canal,False,True,True,False,False,False,,1,SHIFTING,sexist + woman-focused gendered token swapped; construct likely shifts (author adjudication),True,,
202132,sexual_violence,mixed,"{""not_sexist"": 0.33333333333333337, ""sexist"": 0.6666666666666666}","{""ideological_inequality"": 0.0, ""stereotyping_dominance"": 0.0, ""objectification"": 0.3333333333333333, ""sexual_violence"": 0.5, ""misogyny_non_sexual_violence"": 0.0}",I wanna pound someone and be pounded by a futa =//////=Please help,I wanna pound someone and be pounded by a futa =//////=Please help,False,False,False,False,True,False,,0,UNSWAPPABLE,no swappable gendered token (excluded from partition),False,,
200284,sexual_violence,mixed,"{""not_sexist"": 0.33333333333333337, ""sexist"": 0.6666666666666666}","{""ideological_inequality"": 0.16666666666666666, ""stereotyping_dominance"": 0.16666666666666666, ""objectification"": 0.3333333333333333, ""sexual_violence"": 0.6666666666666666, ""misogyny_non_sexual_violence"": 0.3333333333333333}","@r0tt3n4pp73 “Woah I am not here saying youre gay Regina , I’m just saying I wouldn’t mind ducking you again and that we would both enjoy it ,” she laughs and swallows down more before topping off both of their glasses . “And I am pretty sure I could get you off just as good as a man +","@r0tt3n4pp73 “Woah I am not here saying youre gay Regina , I’m just saying I wouldn’t mind ducking you again and that we would both enjoy it ,” he laughs and swallows down more before topping off both of their glasses . “And I am pretty sure I could get you off just as good as a woman +",False,True,True,True,False,False,,2,SHIFTING,sexist + woman-focused gendered token swapped; construct likely shifts (author adjudication),True,,
203054,sexual_violence,mixed,"{""not_sexist"": 0.33333333333333337, ""sexist"": 0.6666666666666666}","{""ideological_inequality"": 0.0, ""stereotyping_dominance"": 0.16666666666666666, ""objectification"": 0.16666666666666666, ""sexual_violence"": 0.5, ""misogyny_non_sexual_violence"": 0.16666666666666666}",@LjThePoem Daddy's stop picking they mate and most women don't know how to choose a real one.. 4get covid.. Toot it and boot it is the real epidemic.. May it be a few months or years.. If u get toot it and boot it with child(ren) then that guy scammed you.. 😭😭😭😭,@LjThePoem Daddy's stop picking they mate and most men don't know how to choose a real one.. 4get covid.. Toot it and boot it is the real epidemic.. May it be a few months or years.. If u get toot it and boot it with child(ren) then that guy scammed you.. 😭😭😭😭,False,True,True,False,False,False,,1,SHIFTING,sexist + woman-focused gendered token swapped; construct likely shifts (author adjudication),True,,
400229,sexual_violence,mixed,"{""not_sexist"": 0.33333333333333337, ""sexist"": 0.6666666666666666}","{""ideological_inequality"": 0.0, ""stereotyping_dominance"": 0.16666666666666666, ""objectification"": 0.16666666666666666, ""sexual_violence"": 0.6666666666666666, ""misogyny_non_sexual_violence"": 0.16666666666666666}","@daddys_anon I want to give you delicious black kiss, your ass looks very rich, then I would like to fuck you and cum inside you 😍😍😍","@daddys_anon I want to give you delicious black kiss, your ass looks very rich, then I would like to fuck you and cum inside you 😍😍😍",False,False,False,False,True,False,,0,UNSWAPPABLE,no swappable gendered token (excluded from partition),False,,
201723,sexual_violence,mixed,"{""not_sexist"": 0.6666666666666667, ""sexist"": 0.3333333333333333}","{""ideological_inequality"": 0.0, ""stereotyping_dominance"": 0.0, ""objectification"": 0.16666666666666666, ""sexual_violence"": 0.3333333333333333, ""misogyny_non_sexual_violence"": 0.0}",@casanumarx Masturbate. No one else then? Just me?  Okay then. https://t.co/KHQFbYRRmF,@casanumarx Masturbate. No one else then? Just me?  Okay then. https://t.co/KHQFbYRRmF,False,False,False,False,True,False,,0,UNSWAPPABLE,no swappable gendered token (excluded from partition),False,,
200219,sexual_violence,mixed,"{""not_sexist"": 0.33333333333333337, ""sexist"": 0.6666666666666666}","{""ideological_inequality"": 0.16666666666666666, ""stereotyping_dominance"": 0.16666666666666666, ""objectification"": 0.16666666666666666, ""sexual_violence"": 0.3333333333333333, ""misogyny_non_sexual_violence"": 0.0}","When video game you tubers blacklist one of their co workers for making a poor joke about a day without women, but never say a word about their other coworkers obsession with have sex with disney princesses, despite the fact that they are all underage. But that’s ok,","When video game you tubers blacklist one of their co workers for making a poor joke about a day without men, but never say a word about their other coworkers obsession with have sex with disney princesses, despite the fact that they are all underage. But that’s ok,",False,True,True,False,False,False,,1,SHIFTING,sexist + woman-focused gendered token swapped; construct likely shifts (author adjudication),True,,
201536,sexual_violence,low,"{""not_sexist"": 0.5, ""sexist"": 0.5}","{""ideological_inequality"": 0.0, ""stereotyping_dominance"": 0.0, ""objectification"": 0.16666666666666666, ""sexual_violence"": 0.3333333333333333, ""misogyny_non_sexual_violence"": 0.16666666666666666}","@bryanyeeee That’s prolly me, cuz I would like to fuck ur nose","@bryanyeeee That’s prolly me, cuz I would like to fuck ur nose",False,False,False,False,True,False,,0,UNSWAPPABLE,no swappable gendered token (excluded from partition),False,,
202453,sexual_violence,low,"{""not_sexist"": 0.5, ""sexist"": 0.5}","{""ideological_inequality"": 0.16666666666666666, ""stereotyping_dominance"": 0.0, ""objectification"": 0.0, ""sexual_violence"": 0.3333333333333333, ""misogyny_non_sexual_violence"": 0.0}",He is even the best slapper of all the time 😂😂😂🤣 https://t.co/SUBkpmKbn1,She is even the best slapper of all the time 😂😂😂🤣 https://t.co/SUBkpmKbn1,False,True,False,True,False,False,,1,SHIFTING,sexist + woman-focused gendered token swapped; construct likely shifts (author adjudication),True,,
202904,sexual_violence,low,"{""not_sexist"": 0.5, ""sexist"": 0.5}","{""ideological_inequality"": 0.0, ""stereotyping_dominance"": 0.16666666666666666, ""objectification"": 0.16666666666666666, ""sexual_violence"": 0.3333333333333333, ""misogyny_non_sexual_violence"": 0.0}",Here you go. #nakedchallenge #naked #horny #slut #gaymale #twink #flash #sexy #porn #exhibitionistmales #exhibi #exhibionist #nude #cock #penis #dick #onlyfansslut #FolloForFolloBack #homo #GayBoysX #femboy #nsfwtwt #Naughtiness #whore #boner #xxx #porno https://t.co/NdW0iWcHm5,Here you go. #nakedchallenge #naked #horny #slut #gaymale #twink #flash #sexy #porn #exhibitionistmales #exhibi #exhibionist #nude #cock #penis #dick #onlyfansslut #FolloForFolloBack #homo #GayBoysX #femboy #nsfwtwt #Naughtiness #whore #boner #xxx #porno https://t.co/NdW0iWcHm5,False,False,False,False,True,False,,0,UNSWAPPABLE,no swappable gendered token (excluded from partition),False,,
202814,sexual_violence,low,"{""not_sexist"": 0.5, ""sexist"": 0.5}","{""ideological_inequality"": 0.0, ""stereotyping_dominance"": 0.0, ""objectification"": 0.16666666666666666, ""sexual_violence"": 0.3333333333333333, ""misogyny_non_sexual_violence"": 0.0}",@mscott7612 @HTScotPol Sturgeon will be putting on a costume with red underpants and calling herself Super Mammy,@mscott7612 @HTScotPol Sturgeon will be putting on a costume with red underpants and calling himself Super Mammy,False,True,True,False,False,False,,1,SHIFTING,sexist + woman-focused gendered token swapped; construct likely shifts (author adjudication),True,,
201267,sexual_violence,low,"{""not_sexist"": 0.5, ""sexist"": 0.5}","{""ideological_inequality"": 0.16666666666666666, ""stereotyping_dominance"": 0.0, ""objectification"": 0.0, ""sexual_violence"": 0.3333333333333333, ""misogyny_non_sexual_violence"": 0.0}","@libsoftiktok Where is the after video when the husky takes them both sexually not caring what color or gender identity? Husky wants a peice of ass no matter what or who it is. Husky is ""non binary"" just wants love","@libsoftiktok Where is the after video when the husky takes them both sexually not caring what color or gender identity? Husky wants a peice of ass no matter what or who it is. Husky is ""non binary"" just wants love",False,False,False,False,True,False,,0,UNSWAPPABLE,no swappable gendered token (excluded from partition),False,,
202543,sexual_violence,low,"{""not_sexist"": 0.5, ""sexist"": 0.5}","{""ideological_inequality"": 0.0, ""stereotyping_dominance"": 0.0, ""objectification"": 0.0, ""sexual_violence"": 0.5, ""misogyny_non_sexual_violence"": 0.0}",5 Reasons Men Love Spanking Women During Sex https://t.co/0htDLk8FRs,5 Reasons Women Love Spanking Men During Sex https://t.co/0htDLk8FRs,False,True,True,True,False,False,,2,SHIFTING,sexist + woman-focused gendered token swapped; construct likely shifts (author adjudication),True,,
202534,sexual_violence,low,"{""not_sexist"": 0.5, ""sexist"": 0.5}","{""ideological_inequality"": 0.0, ""stereotyping_dominance"": 0.0, ""objectification"": 0.16666666666666666, ""sexual_violence"": 0.5, ""misogyny_non_sexual_violence"": 0.0}",You can sodomize me till the cows come home https://t.co/PGO6Ej2VDJ,You can sodomize me till the cows come home https://t.co/PGO6Ej2VDJ,False,False,False,False,True,False,,0,UNSWAPPABLE,no swappable gendered token (excluded from partition),False,,
201475,sexual_violence,low,"{""not_sexist"": 0.5, ""sexist"": 0.5}","{""ideological_inequality"": 0.0, ""stereotyping_dominance"": 0.16666666666666666, ""objectification"": 0.0, ""sexual_violence"": 0.3333333333333333, ""misogyny_non_sexual_violence"": 0.16666666666666666}",@ztatus @failedcupcakes @Annakarenriver1 @zaynmalik Maybe he shouldn’t hit women though…,@ztatus @failedcupcakes @Annakarenriver1 @zaynmalik Maybe she shouldn’t hit men though…,False,True,True,True,False,False,,2,SHIFTING,sexist + woman-focused gendered token swapped; construct likely shifts (author adjudication),True,,
400231,sexual_violence,low,"{""not_sexist"": 0.5, ""sexist"": 0.5}","{""ideological_inequality"": 0.16666666666666666, ""stereotyping_dominance"": 0.0, ""objectification"": 0.16666666666666666, ""sexual_violence"": 0.3333333333333333, ""misogyny_non_sexual_violence"": 0.0}",Mr Balls i would like to fuck https://t.co/FhFiq7Hamj,Mrs Balls i would like to fuck https://t.co/FhFiq7Hamj,False,True,False,True,False,True,honorific 'mr' -> 'Mrs',1,SHIFTING,sexist + woman-focused gendered token swapped; construct likely shifts (author adjudication),True,,
201308,sexual_violence,low,"{""not_sexist"": 0.5, ""sexist"": 0.5}","{""ideological_inequality"": 0.16666666666666666, ""stereotyping_dominance"": 0.0, ""objectification"": 0.0, ""sexual_violence"": 0.3333333333333333, ""misogyny_non_sexual_violence"": 0.16666666666666666}",@sekay87 @BlancaP09328330 @PageSix Remember this is the same girl that had a boyfriend while she went on the bachelor- talk about lying. She needs to take a seat!,@sekay87 @BlancaP09328330 @PageSix Remember this is the same boy that had a girlfriend while he went on the bachelor- talk about lying. He needs to take a seat!,False,True,True,True,False,False,,4,SHIFTING,sexist + woman-focused gendered token swapped; construct likely shifts (author adjudication),True,,
200047,sexual_violence,low,"{""not_sexist"": 0.5, ""sexist"": 0.5}","{""ideological_inequality"": 0.0, ""stereotyping_dominance"": 0.0, ""objectification"": 0.0, ""sexual_violence"": 0.5, ""misogyny_non_sexual_violence"": 0.16666666666666666}","@InstagramComms Please #BanAllPornOnInstagram ?There, Are Kids &amp; Teens That Are Being Harassed On, Their Accounts From, Adults Asking For #Sex &amp; #NakedPictures","@InstagramComms Please #BanAllPornOnInstagram ?There, Are Kids &amp; Teens That Are Being Harassed On, Their Accounts From, Adults Asking For #Sex &amp; #NakedPictures",False,False,False,False,True,False,,0,UNSWAPPABLE,no swappable gendered token (excluded from partition),False,,
200601,sexual_violence,low,"{""not_sexist"": 0.5, ""sexist"": 0.5}","{""ideological_inequality"": 0.0, ""stereotyping_dominance"": 0.0, ""objectification"": 0.16666666666666666, ""sexual_violence"": 0.3333333333333333, ""misogyny_non_sexual_violence"": 0.0}","The fox blushed and a hand went up to squeeze his chest, almost as if he was trying to get revenge for having his ass molested so lewdly.""You... are enjoying this too much!"" He exclaimed, trying to sort of cock block him in a way, but in reality he was just whimpering. https://t.co/6Bypn7WJk5","The fox blushed and a hand went up to squeeze her chest, almost as if she was trying to get revenge for having her ass molested so lewdly.""You... are enjoying this too much!"" She exclaimed, trying to sort of cock block him in a way, but in reality she was just whimpering. https://t.co/6Bypn7WJk5",False,True,False,True,False,True,ambiguous 'his' -> 'her' (POS heuristic); ambiguous 'his' -> 'her' (POS heuristic),5,SHIFTING,sexist + woman-focused gendered token swapped; construct likely shifts (author adjudication),True,,
202049,sexual_violence,low,"{""not_sexist"": 0.5, ""sexist"": 0.5}","{""ideological_inequality"": 0.16666666666666666, ""stereotyping_dominance"": 0.0, ""objectification"": 0.0, ""sexual_violence"": 0.3333333333333333, ""misogyny_non_sexual_violence"": 0.0}","@AlexPetrovnia Here's the thing, ""The Cult of the Penis"" works! The trick is how to adjust the subtitle for the stodgy set. Maybe something ""[gerund] the culture of phallocentrism""? I want to say ""amputating"" but that's not quite right","@AlexPetrovnia Here's the thing, ""The Cult of the Penis"" works! The trick is how to adjust the subtitle for the stodgy set. Maybe something ""[gerund] the culture of phallocentrism""? I want to say ""amputating"" but that's not quite right",False,False,False,False,True,False,,0,UNSWAPPABLE,no swappable gendered token (excluded from partition),False,,
203181,misogyny_non_sexual_violence,high,"{""not_sexist"": 0.16666666666666663, ""sexist"": 0.8333333333333334}","{""ideological_inequality"": 0.16666666666666666, ""stereotyping_dominance"": 0.16666666666666666, ""objectification"": 0.0, ""sexual_violence"": 0.0, ""misogyny_non_sexual_violence"": 0.5}","@TrapperXrp @LezLuthor @humanvibration @ninjasniperpon1 @NIISH13 And you look like a bitch.. bet u won't do shit... Exactly, fuckin loser..","@TrapperXrp @LezLuthor @humanvibration @ninjasniperpon1 @NIISH13 And you look like a bitch.. bet u won't do shit... Exactly, fuckin loser..",False,False,False,False,True,False,,0,UNSWAPPABLE,no swappable gendered token (excluded from partition),False,,
203167,misogyny_non_sexual_violence,high,"{""not_sexist"": 0.8333333333333334, ""sexist"": 0.16666666666666666}","{""ideological_inequality"": 0.0, ""stereotyping_dominance"": 0.0, ""objectification"": 0.0, ""sexual_violence"": 0.0, ""misogyny_non_sexual_violence"": 0.16666666666666666}","i knew the comment section was going to be good when i saw that the first comment was ""does he know that he doesn't have to yell for us to hear him""","i knew the comment section was going to be good when i saw that the first comment was ""does she know that she doesn't have to yell for us to hear him""",False,True,False,True,False,False,,2,INVARIANT,majority not-sexist; label stays not-sexist under swap,False,,
200406,misogyny_non_sexual_violence,high,"{""not_sexist"": 0.8333333333333334, ""sexist"": 0.16666666666666666}","{""ideological_inequality"": 0.0, ""stereotyping_dominance"": 0.0, ""objectification"": 0.0, ""sexual_violence"": 0.0, ""misogyny_non_sexual_violence"": 0.16666666666666666}","@_alexsaaa Bitch, I’m more mad I gotta go re-order than anything. Like goddamn 😂","@_alexsaaa Bitch, I’m more mad I gotta go re-order than anything. Like goddamn 😂",False,False,False,False,True,False,,0,UNSWAPPABLE,no swappable gendered token (excluded from partition),False,,
201139,misogyny_non_sexual_violence,high,"{""not_sexist"": 0.16666666666666663, ""sexist"": 0.8333333333333334}","{""ideological_inequality"": 0.16666666666666666, ""stereotyping_dominance"": 0.3333333333333333, ""objectification"": 0.3333333333333333, ""sexual_violence"": 0.0, ""misogyny_non_sexual_violence"": 0.5}",am i the only one that just sit down and look for a girl to break her heart🧐 maybe it’s the yoruba side for me idrk💁🏿‍♂️,am i the only one that just sit down and look for a boy to break his heart🧐 maybe it’s the yoruba side for me idrk💁🏿‍♂️,False,True,True,False,False,True,ambiguous 'her' -> 'his' (POS heuristic),2,SHIFTING,sexist + woman-focused gendered token swapped; construct likely shifts (author adjudication),True,,
400194,misogyny_non_sexual_violence,high,"{""not_sexist"": 0.16666666666666663, ""sexist"": 0.8333333333333334}","{""ideological_inequality"": 0.5, ""stereotyping_dominance"": 0.3333333333333333, ""objectification"": 0.16666666666666666, ""sexual_violence"": 0.0, ""misogyny_non_sexual_violence"": 0.8333333333333334}","""The violent antifeminism of a far-right movement that sees ♀️ principally as vessels for breeding a new white generation expresses itself in a fixation on a return to “traditional” gender roles""Worth every minute to read - take 5 min out of your Sun👇https://t.co/zkdWPpIlzZ","""The violent antifeminism of a far-right movement that sees ♀️ principally as vessels for breeding a new white generation expresses itself in a fixation on a return to “traditional” gender roles""Worth every minute to read - take 5 min out of your Sun👇https://t.co/zkdWPpIlzZ",False,False,False,False,True,False,,0,UNSWAPPABLE,no swappable gendered token (excluded from partition),False,,
201858,misogyny_non_sexual_violence,high,"{""not_sexist"": 0.8333333333333334, ""sexist"": 0.16666666666666666}","{""ideological_inequality"": 0.0, ""stereotyping_dominance"": 0.0, ""objectification"": 0.0, ""sexual_violence"": 0.0, ""misogyny_non_sexual_violence"": 0.16666666666666666}","@The_short_nurse Haha thanks! And honestly, no. We get someone using it every so often. I think you could probably adjust the cost based on the size of the channel. If somebody were to abuse it I'd probably just adjust cost and/or put a disclaimer in the chat saying no back to back uses. 👍","@The_short_nurse Haha thanks! And honestly, no. We get someone using it every so often. I think you could probably adjust the cost based on the size of the channel. If somebody were to abuse it I'd probably just adjust cost and/or put a disclaimer in the chat saying no back to back uses. 👍",False,False,False,False,True,False,,0,UNSWAPPABLE,no swappable gendered token (excluded from partition),False,,
201837,misogyny_non_sexual_violence,high,"{""not_sexist"": 0.8333333333333334, ""sexist"": 0.16666666666666666}","{""ideological_inequality"": 0.0, ""stereotyping_dominance"": 0.0, ""objectification"": 0.0, ""sexual_violence"": 0.0, ""misogyny_non_sexual_violence"": 0.16666666666666666}",Not all men. Sad story but glad that those guys stepped in to protect that woman. https://t.co/QDAllOIyPa,Not all women. Sad story but glad that those guys stepped in to protect that man. https://t.co/QDAllOIyPa,False,True,True,True,False,False,,2,INVARIANT,majority not-sexist; label stays not-sexist under swap,False,,
400060,misogyny_non_sexual_violence,high,"{""not_sexist"": 0.8333333333333334, ""sexist"": 0.16666666666666666}","{""ideological_inequality"": 0.0, ""stereotyping_dominance"": 0.0, ""objectification"": 0.0, ""sexual_violence"": 0.0, ""misogyny_non_sexual_violence"": 0.16666666666666666}","@bint_e_asif18 Imran Khan is 100 times big Hero of the Natiom than thz Afridi.. Why he Passed Baseless Remarks against Khan Sahb.. Now face it, Evryone has a right to Express their Feelings","@bint_e_asif18 Imran Khan is 100 times big Hero of the Natiom than thz Afridi.. Why she Passed Baseless Remarks against Khan Sahb.. Now face it, Evryone has a right to Express their Feelings",False,True,False,True,False,False,,1,INVARIANT,majority not-sexist; label stays not-sexist under swap,False,,
400442,misogyny_non_sexual_violence,high,"{""not_sexist"": 0.8333333333333334, ""sexist"": 0.16666666666666666}","{""ideological_inequality"": 0.0, ""stereotyping_dominance"": 0.0, ""objectification"": 0.0, ""sexual_violence"": 0.0, ""misogyny_non_sexual_violence"": 0.16666666666666666}",@TheStudyofWar @Reuters ISW published the fakest crap of any of the maps. They are just a front for the US State Department. They are fake news. Victoria Nuland is the woman directly involved in the armed overthrow of the Ukraine government in 2014. https://t.co/5FEZYiAWzx,@TheStudyofWar @Reuters ISW published the fakest crap of any of the maps. They are just a front for the US State Department. They are fake news. Victoria Nuland is the man directly involved in the armed overthrow of the Ukraine government in 2014. https://t.co/5FEZYiAWzx,False,True,True,False,False,False,,1,INVARIANT,majority not-sexist; label stays not-sexist under swap,False,,
202447,misogyny_non_sexual_violence,high,"{""not_sexist"": 0.8333333333333334, ""sexist"": 0.16666666666666666}","{""ideological_inequality"": 0.0, ""stereotyping_dominance"": 0.0, ""objectification"": 0.0, ""sexual_violence"": 0.0, ""misogyny_non_sexual_violence"": 0.16666666666666666}",I can’t lie Lil Top and Da Baby gotta a slapper on their hands I’m rey mosh,I can’t lie Lil Top and Da Baby gotta a slapper on their hands I’m rey mosh,False,False,False,False,True,False,,0,UNSWAPPABLE,no swappable gendered token (excluded from partition),False,,
202415,misogyny_non_sexual_violence,high,"{""not_sexist"": 0.16666666666666663, ""sexist"": 0.8333333333333334}","{""ideological_inequality"": 0.0, ""stereotyping_dominance"": 0.16666666666666666, ""objectification"": 0.16666666666666666, ""sexual_violence"": 0.16666666666666666, ""misogyny_non_sexual_violence"": 0.3333333333333333}","So far I've been called a slag and a wench by Walsall fans in replies to me tweeting about football, the misogyny is rife tonight. #HerGameToo #PVFC #WFC #UpTheGirls","So far I've been called a slag and a wench by Walsall fans in replies to me tweeting about football, the misogyny is rife tonight. #HerGameToo #PVFC #WFC #UpTheGirls",False,False,False,False,True,False,,0,UNSWAPPABLE,no swappable gendered token (excluded from partition),False,,
201506,misogyny_non_sexual_violence,high,"{""not_sexist"": 0.0, ""sexist"": 1.0}","{""ideological_inequality"": 0.0, ""stereotyping_dominance"": 0.0, ""objectification"": 0.16666666666666666, ""sexual_violence"": 0.0, ""misogyny_non_sexual_violence"": 1.0}",when Navi beat Gronru in a contest Barton decided to board the Clossus to defend her honor and try to beat up Navi in return bc he thinks Gronru is one of the best fighters ever what about him reads “I hate women”,when Navi beat Gronru in a contest Barton decided to board the Clossus to defend his honor and try to beat up Navi in return bc she thinks Gronru is one of the best fighters ever what about him reads “I hate men”,False,True,True,True,False,True,ambiguous 'her' -> 'his' (POS heuristic),3,SHIFTING,sexist + woman-focused gendered token swapped; construct likely shifts (author adjudication),True,,
202047,misogyny_non_sexual_violence,high,"{""not_sexist"": 0.16666666666666663, ""sexist"": 0.8333333333333334}","{""ideological_inequality"": 0.3333333333333333, ""stereotyping_dominance"": 0.16666666666666666, ""objectification"": 0.3333333333333333, ""sexual_violence"": 0.3333333333333333, ""misogyny_non_sexual_violence"": 0.6666666666666666}","@Matthew86516977 @LuxAndLan @AdrianaRudling @Atalantagg @piapaulette It's not surprising at all the phallocentrism coming from some white dude, answering with dicks a reminder of what white settlers did to the Australian indigenous population is what shows your lack of education and selfawareness. Us, the subaltern do have a voice in spite of yall https://t.co/VpGa1gjY0P","@Matthew86516977 @LuxAndLan @AdrianaRudling @Atalantagg @piapaulette It's not surprising at all the phallocentrism coming from some white dude, answering with dicks a reminder of what white settlers did to the Australian indigenous population is what shows your lack of education and selfawareness. Us, the subaltern do have a voice in spite of yall https://t.co/VpGa1gjY0P",False,False,False,False,True,False,,0,UNSWAPPABLE,no swappable gendered token (excluded from partition),False,,
201000,misogyny_non_sexual_violence,mixed,"{""not_sexist"": 0.33333333333333337, ""sexist"": 0.6666666666666666}","{""ideological_inequality"": 0.3333333333333333, ""stereotyping_dominance"": 0.3333333333333333, ""objectification"": 0.16666666666666666, ""sexual_violence"": 0.0, ""misogyny_non_sexual_violence"": 0.5}","Shania Twain: Man, I feel like a woman?TERFS: How do you know, Shania? Are you sure? Were you brainwashed as a child? How can I tell you're not a man-identifying-woman? Do you know what it's like for real women, they don't ""feel"" female Statistically women's prisons","Shania Twain: Woman, I feel like a man?TERFS: How do you know, Shania? Are you sure? Were you brainwashed as a child? How can I tell you're not a woman-identifying-man? Do you know what it's like for real men, they don't ""feel"" female Statistically men's prisons",False,True,True,True,False,False,,6,SHIFTING,sexist + woman-focused gendered token swapped; construct likely shifts (author adjudication),True,,
200018,misogyny_non_sexual_violence,mixed,"{""not_sexist"": 0.33333333333333337, ""sexist"": 0.6666666666666666}","{""ideological_inequality"": 0.16666666666666666, ""stereotyping_dominance"": 0.3333333333333333, ""objectification"": 0.0, ""sexual_violence"": 0.0, ""misogyny_non_sexual_violence"": 0.5}","February 28, 2022: Daily Mail website voyeuristically describes 2 people as ""flaunting"" &amp; 29 as ""showing off"". #dailymail #everydaysexism #misogyny","February 28, 2022: Daily Mail website voyeuristically describes 2 people as ""flaunting"" &amp; 29 as ""showing off"". #dailymail #everydaysexism #misogyny",False,False,False,False,True,False,,0,UNSWAPPABLE,no swappable gendered token (excluded from partition),False,,
202394,misogyny_non_sexual_violence,mixed,"{""not_sexist"": 0.33333333333333337, ""sexist"": 0.6666666666666666}","{""ideological_inequality"": 0.16666666666666666, ""stereotyping_dominance"": 0.3333333333333333, ""objectification"": 0.0, ""sexual_violence"": 0.0, ""misogyny_non_sexual_violence"": 0.5}",@laurenboebert @AlecBaldwin Omg wtf is wrong with u. Youre just a horrible batch ! That's must be the reason you married a pedophile. Dum ass skank!,@laurenboebert @AlecBaldwin Omg wtf is wrong with u. Youre just a horrible batch ! That's must be the reason you married a pedophile. Dum ass skank!,False,False,False,False,True,False,,0,UNSWAPPABLE,no swappable gendered token (excluded from partition),False,,
200199,misogyny_non_sexual_violence,mixed,"{""not_sexist"": 0.33333333333333337, ""sexist"": 0.6666666666666666}","{""ideological_inequality"": 0.0, ""stereotyping_dominance"": 0.0, ""objectification"": 0.0, ""sexual_violence"": 0.0, ""misogyny_non_sexual_violence"": 0.6666666666666666}",Now let's go find all the murdered and missing Native American Woman. Every Woman life matter. #gabbypetitio #WomensRights,Now let's go find all the murdered and missing Native American Man. Every Man life matter. #gabbypetitio #WomensRights,False,True,True,False,False,False,,2,SHIFTING,sexist + woman-focused gendered token swapped; construct likely shifts (author adjudication),True,,
202800,misogyny_non_sexual_violence,mixed,"{""not_sexist"": 0.33333333333333337, ""sexist"": 0.6666666666666666}","{""ideological_inequality"": 0.16666666666666666, ""stereotyping_dominance"": 0.16666666666666666, ""objectification"": 0.16666666666666666, ""sexual_violence"": 0.16666666666666666, ""misogyny_non_sexual_violence"": 0.5}",@geraldlindo Yeah idk why they keep putting that ugly ass grill on all the new models,@geraldlindo Yeah idk why they keep putting that ugly ass grill on all the new models,False,False,False,False,True,False,,0,UNSWAPPABLE,no swappable gendered token (excluded from partition),False,,
200502,misogyny_non_sexual_violence,mixed,"{""not_sexist"": 0.33333333333333337, ""sexist"": 0.6666666666666666}","{""ideological_inequality"": 0.0, ""stereotyping_dominance"": 0.16666666666666666, ""objectification"": 0.0, ""sexual_violence"": 0.0, ""misogyny_non_sexual_violence"": 0.5}","@VitamnZebra @Waandyl @jazIynns Ayo, call me sexist but both of yall need to shut the fuck up","@VitamnZebra @Waandyl @jazIynns Ayo, call me sexist but both of yall need to shut the fuck up",False,False,False,False,True,False,,0,UNSWAPPABLE,no swappable gendered token (excluded from partition),False,,
200383,misogyny_non_sexual_violence,mixed,"{""not_sexist"": 0.6666666666666667, ""sexist"": 0.3333333333333333}","{""ideological_inequality"": 0.0, ""stereotyping_dominance"": 0.0, ""objectification"": 0.0, ""sexual_violence"": 0.0, ""misogyny_non_sexual_violence"": 0.3333333333333333}",You tell her Cain after all she should be inside the murdering bint #Emmerdale,You tell his Cain after all he should be inside the murdering bint #Emmerdale,False,True,True,False,False,True,ambiguous 'her' -> 'his' (POS heuristic),2,INVARIANT,majority not-sexist; label stays not-sexist under swap,False,,
201346,misogyny_non_sexual_violence,mixed,"{""not_sexist"": 0.33333333333333337, ""sexist"": 0.6666666666666666}","{""ideological_inequality"": 0.0, ""stereotyping_dominance"": 0.3333333333333333, ""objectification"": 0.16666666666666666, ""sexual_violence"": 0.0, ""misogyny_non_sexual_violence"": 0.5}","@etvScandal She's giving off gold digger vibes,She should get her own Bhululu to  give her wealth. Instead of pimping her sister","@etvScandal He's giving off gold digger vibes,He should get his own Bhululu to  give his wealth. Instead of pimping his brother",False,True,True,False,False,True,ambiguous 'her' -> 'his' (POS heuristic); ambiguous 'her' -> 'his' (POS heuristic); ambiguous 'her' -> 'his' (POS heuristic),6,SHIFTING,sexist + woman-focused gendered token swapped; construct likely shifts (author adjudication),True,,
202214,misogyny_non_sexual_violence,mixed,"{""not_sexist"": 0.6666666666666667, ""sexist"": 0.3333333333333333}","{""ideological_inequality"": 0.16666666666666666, ""stereotyping_dominance"": 0.0, ""objectification"": 0.0, ""sexual_violence"": 0.0, ""misogyny_non_sexual_violence"": 0.3333333333333333}","@LazyWusky @NONSTOPPUP Reading this, just thought ""what if it's referencing being sexually repressed, and it's a premature ejaculation joke, like -you're just so pretty-”","@LazyWusky @NONSTOPPUP Reading this, just thought ""what if it's referencing being sexually repressed, and it's a premature ejaculation joke, like -you're just so pretty-”",False,False,False,False,True,False,,0,UNSWAPPABLE,no swappable gendered token (excluded from partition),False,,
200430,misogyny_non_sexual_violence,mixed,"{""not_sexist"": 0.33333333333333337, ""sexist"": 0.6666666666666666}","{""ideological_inequality"": 0.0, ""stereotyping_dominance"": 0.0, ""objectification"": 0.3333333333333333, ""sexual_violence"": 0.0, ""misogyny_non_sexual_violence"": 0.5}",Some broke bitches really stole my best friends phone,Some broke bitches really stole my best friends phone,False,False,False,False,True,False,,0,UNSWAPPABLE,no swappable gendered token (excluded from partition),False,,
201278,misogyny_non_sexual_violence,mixed,"{""not_sexist"": 0.6666666666666667, ""sexist"": 0.3333333333333333}","{""ideological_inequality"": 0.16666666666666666, ""stereotyping_dominance"": 0.0, ""objectification"": 0.0, ""sexual_violence"": 0.0, ""misogyny_non_sexual_violence"": 0.3333333333333333}","@beallytech @GuysSnacks @rtbkc @LAYS What are your pronouns? I respect your gender identity, just not how much of an idiot you are.","@beallytech @GuysSnacks @rtbkc @LAYS What are your pronouns? I respect your gender identity, just not how much of an idiot you are.",False,False,False,False,True,False,,0,UNSWAPPABLE,no swappable gendered token (excluded from partition),False,,
200337,misogyny_non_sexual_violence,mixed,"{""not_sexist"": 0.6666666666666667, ""sexist"": 0.3333333333333333}","{""ideological_inequality"": 0.0, ""stereotyping_dominance"": 0.0, ""objectification"": 0.0, ""sexual_violence"": 0.0, ""misogyny_non_sexual_violence"": 0.16666666666666666}","@dwts_babe @brandonbersten you know what, I’ll take it. at least you find him attractive sometimes","@dwts_babe @brandonbersten you know what, I’ll take it. at least you find him attractive sometimes",False,False,False,False,True,False,,0,UNSWAPPABLE,no swappable gendered token (excluded from partition),False,,
203185,misogyny_non_sexual_violence,mixed,"{""not_sexist"": 0.33333333333333337, ""sexist"": 0.6666666666666666}","{""ideological_inequality"": 0.0, ""stereotyping_dominance"": 0.0, ""objectification"": 0.16666666666666666, ""sexual_violence"": 0.16666666666666666, ""misogyny_non_sexual_violence"": 0.3333333333333333}","Not unreasonable, but you look like a bitch for making it anonymous. You know people would want smoke with you, no pun intended lol. https://t.co/LenvsIiniJ","Not unreasonable, but you look like a bitch for making it anonymous. You know people would want smoke with you, no pun intended lol. https://t.co/LenvsIiniJ",False,False,False,False,True,False,,0,UNSWAPPABLE,no swappable gendered token (excluded from partition),False,,
400345,misogyny_non_sexual_violence,low,"{""not_sexist"": 0.5, ""sexist"": 0.5}","{""ideological_inequality"": 0.16666666666666666, ""stereotyping_dominance"": 0.16666666666666666, ""objectification"": 0.0, ""sexual_violence"": 0.16666666666666666, ""misogyny_non_sexual_violence"": 0.3333333333333333}","@jakeshieldsajj Elon Musk was asked to comment on a sexual harassment story at 9am, asked for more time, and a couple hours later announces he's a Republican and they're going to attack him for saying soand you stupid motherfúckers ate that shit up with a spoon","@jakeshieldsajj Elon Musk was asked to comment on a sexual harassment story at 9am, asked for more time, and a couple hours later announces she's a Republican and they're going to attack him for saying soand you stupid motherfúckers ate that shit up with a spoon",False,True,False,True,False,False,,1,SHIFTING,sexist + woman-focused gendered token swapped; construct likely shifts (author adjudication),True,,
201360,misogyny_non_sexual_violence,low,"{""not_sexist"": 0.5, ""sexist"": 0.5}","{""ideological_inequality"": 0.0, ""stereotyping_dominance"": 0.0, ""objectification"": 0.0, ""sexual_violence"": 0.16666666666666666, ""misogyny_non_sexual_violence"": 0.3333333333333333}","so is this what you believe? h’s a t*yboy queer bating f*cking his way through the Industry, L’s a dead beat dad linked to the mother-gold digger, z’s ab*sive, Li uses 1d/ the boys for clout while linked to a 19yo who he cries over on his ig stories after the bua &amp; niall is niall","so is this what you believe? h’s a t*yboy queer bating f*cking her way through the Industry, L’s a dead beat mom linked to the father-gold digger, z’s ab*sive, Li uses 1d/ the girls for clout while linked to a 19yo who she cries over on her ig stories after the bua &amp; niall is niall",False,True,True,True,False,True,ambiguous 'his' -> 'her' (POS heuristic); ambiguous 'his' -> 'her' (POS heuristic),6,SHIFTING,sexist + woman-focused gendered token swapped; construct likely shifts (author adjudication),True,,
202990,misogyny_non_sexual_violence,low,"{""not_sexist"": 0.5, ""sexist"": 0.5}","{""ideological_inequality"": 0.0, ""stereotyping_dominance"": 0.0, ""objectification"": 0.16666666666666666, ""sexual_violence"": 0.0, ""misogyny_non_sexual_violence"": 0.3333333333333333}","“Six women are killed every hour by men around the world, most by men in their own family or their partners.”Big mental aspect of Self Defense is how do you fight someone you’ve grown to love❤️ and care 🥰for deeply? https://t.co/EFYT8V0C74","“Six men are killed every hour by women around the world, most by women in their own family or their partners.”Big mental aspect of Self Defense is how do you fight someone you’ve grown to love❤️ and care 🥰for deeply? https://t.co/EFYT8V0C74",False,True,True,True,False,False,,3,SHIFTING,sexist + woman-focused gendered token swapped; construct likely shifts (author adjudication),True,,
203188,misogyny_non_sexual_violence,low,"{""not_sexist"": 0.5, ""sexist"": 0.5}","{""ideological_inequality"": 0.16666666666666666, ""stereotyping_dominance"": 0.0, ""objectification"": 0.16666666666666666, ""sexual_violence"": 0.0, ""misogyny_non_sexual_violence"": 0.3333333333333333}","My mom: “Brandon I like your hair, it’s starting to grow out again and you look like a bitch boy... wait... I mean fuck boy” 💀💀💀 she’s hilarious.","My dad: “Brandon I like your hair, it’s starting to grow out again and you look like a bitch girl... wait... I mean fuck girl” 💀💀💀 he’s hilarious.",False,True,True,True,False,False,,4,SHIFTING,sexist + woman-focused gendered token swapped; construct likely shifts (author adjudication),True,,
201466,misogyny_non_sexual_violence,low,"{""not_sexist"": 0.5, ""sexist"": 0.5}","{""ideological_inequality"": 0.0, ""stereotyping_dominance"": 0.0, ""objectification"": 0.0, ""sexual_violence"": 0.0, ""misogyny_non_sexual_violence"": 0.5}","Personally, I don't need to know the ""multiple sides"" of a man that has stabbed and hit women but that's just me.","Personally, I don't need to know the ""multiple sides"" of a woman that has stabbed and hit men but that's just me.",False,True,True,True,False,False,,2,SHIFTING,sexist + woman-focused gendered token swapped; construct likely shifts (author adjudication),True,,
203204,misogyny_non_sexual_violence,low,"{""not_sexist"": 0.5, ""sexist"": 0.5}","{""ideological_inequality"": 0.0, ""stereotyping_dominance"": 0.0, ""objectification"": 0.16666666666666666, ""sexual_violence"": 0.16666666666666666, ""misogyny_non_sexual_violence"": 0.3333333333333333}",@Amelia16480854 @JanetMackinnon7 Your lack of empathy and understanding suggests that you shouldn’t voice your opinion as it makes you look like a cunt.,@Amelia16480854 @JanetMackinnon7 Your lack of empathy and understanding suggests that you shouldn’t voice your opinion as it makes you look like a cunt.,False,False,False,False,True,False,,0,UNSWAPPABLE,no swappable gendered token (excluded from partition),False,,
202382,misogyny_non_sexual_violence,low,"{""not_sexist"": 0.5, ""sexist"": 0.5}","{""ideological_inequality"": 0.0, ""stereotyping_dominance"": 0.0, ""objectification"": 0.0, ""sexual_violence"": 0.16666666666666666, ""misogyny_non_sexual_violence"": 0.3333333333333333}",akali laughing at Ahri because eve called her a skank https://t.co/dTV1OyuSSb,akali laughing at Ahri because eve called him a skank https://t.co/dTV1OyuSSb,False,True,True,False,False,True,ambiguous 'her' -> 'him' (POS heuristic),1,SHIFTING,sexist + woman-focused gendered token swapped; construct likely shifts (author adjudication),True,,
201307,misogyny_non_sexual_violence,low,"{""not_sexist"": 0.5, ""sexist"": 0.5}","{""ideological_inequality"": 0.0, ""stereotyping_dominance"": 0.0, ""objectification"": 0.16666666666666666, ""sexual_violence"": 0.0, ""misogyny_non_sexual_violence"": 0.3333333333333333}",@ArtsyAegis I read this and almost lost interest in the girl I like 😳,@ArtsyAegis I read this and almost lost interest in the boy I like 😳,False,True,True,False,False,False,,1,SHIFTING,sexist + woman-focused gendered token swapped; construct likely shifts (author adjudication),True,,
200763,misogyny_non_sexual_violence,low,"{""not_sexist"": 0.5, ""sexist"": 0.5}","{""ideological_inequality"": 0.16666666666666666, ""stereotyping_dominance"": 0.0, ""objectification"": 0.0, ""sexual_violence"": 0.0, ""misogyny_non_sexual_violence"": 0.3333333333333333}",@RMPrendergast @Shamar_Ezer @Thiohna It’s not difficult unless you don’t want to be associated with the word abortion. Euphemisms will always help mask violence and discrimination. https://t.co/1y9ITjCW2l,@RMPrendergast @Shamar_Ezer @Thiohna It’s not difficult unless you don’t want to be associated with the word abortion. Euphemisms will always help mask violence and discrimination. https://t.co/1y9ITjCW2l,False,False,False,False,True,False,,0,UNSWAPPABLE,no swappable gendered token (excluded from partition),False,,
201476,misogyny_non_sexual_violence,low,"{""not_sexist"": 0.5, ""sexist"": 0.5}","{""ideological_inequality"": 0.16666666666666666, ""stereotyping_dominance"": 0.16666666666666666, ""objectification"": 0.16666666666666666, ""sexual_violence"": 0.16666666666666666, ""misogyny_non_sexual_violence"": 0.3333333333333333}",@DannyHughes2020 @OzraeliAvi Yeah - like f*ckwits hey?Shame they don’t do that to scum that hit women… https://t.co/gZlHllcBC6,@DannyHughes2020 @OzraeliAvi Yeah - like f*ckwits hey?Shame they don’t do that to scum that hit men… https://t.co/gZlHllcBC6,False,True,True,False,False,False,,1,SHIFTING,sexist + woman-focused gendered token swapped; construct likely shifts (author adjudication),True,,
201076,misogyny_non_sexual_violence,low,"{""not_sexist"": 0.5, ""sexist"": 0.5}","{""ideological_inequality"": 0.16666666666666666, ""stereotyping_dominance"": 0.0, ""objectification"": 0.0, ""sexual_violence"": 0.0, ""misogyny_non_sexual_violence"": 0.3333333333333333}","The Undoing of Joss WhedonThe Buffy creator, once an icon of Hollywood feminism, is now an outcast accused of misogyny. How did he get here?https://t.co/C2tQ1URw78","The Undoing of Joss WhedonThe Buffy creator, once an icon of Hollywood feminism, is now an outcast accused of misogyny. How did she get here?https://t.co/C2tQ1URw78",False,True,False,True,False,False,,1,SHIFTING,sexist + woman-focused gendered token swapped; construct likely shifts (author adjudication),True,,
400079,misogyny_non_sexual_violence,low,"{""not_sexist"": 0.5, ""sexist"": 0.5}","{""ideological_inequality"": 0.16666666666666666, ""stereotyping_dominance"": 0.0, ""objectification"": 0.16666666666666666, ""sexual_violence"": 0.16666666666666666, ""misogyny_non_sexual_violence"": 0.3333333333333333}",lmao the people that call me sexist: https://t.co/tufeC9Yfci,lmao the people that call me sexist: https://t.co/tufeC9Yfci,False,False,False,False,True,False,,0,UNSWAPPABLE,no swappable gendered token (excluded from partition),False,,
200001,misogyny_non_sexual_violence,low,"{""not_sexist"": 0.5, ""sexist"": 0.5}","{""ideological_inequality"": 0.0, ""stereotyping_dominance"": 0.0, ""objectification"": 0.0, ""sexual_violence"": 0.16666666666666666, ""misogyny_non_sexual_violence"": 0.3333333333333333}","FFS! How about laying the blame on the bastard who murdered her? Novel idea, I know. https://t.co/GI5B45THvJ","FFS! How about laying the blame on the bastard who murdered his? Novel idea, I know. https://t.co/GI5B45THvJ",False,True,True,False,False,True,ambiguous 'her' -> 'his' (POS heuristic),1,SHIFTING,sexist + woman-focused gendered token swapped; construct likely shifts (author adjudication),True,,
